{"params":{"v0":25,"theta_deg":60},"models":{"level1":{"x":[0.0,0.3140999972820282,0.6280999779701233,0.9422000050544739,1.2562999725341797,1.5703999996185303,1.8844000101089478,2.198499917984009,2.5125999450683594,2.8266000747680664,3.140700101852417,3.4547998905181885,3.7688000202178955,4.082900047302246,4.396999835968018,4.711100101470947,5.025100231170654,5.339200019836426,5.653299808502197,5.967299938201904,6.281400203704834,6.5954999923706055,6.9095001220703125,7.223599910736084,7.537700176239014,7.851799964904785,8.165800094604492,8.479900360107422,8.793999671936035,9.107999801635742,9.422100067138672,9.736200332641602,10.050200462341309,10.364299774169922,10.678400039672852,10.992500305175781,11.306500434875488,11.620599746704102,11.934700012207031,12.248700141906738,12.562800407409668,12.876899719238281,13.190999984741211,13.505000114440918,13.819100379943848,14.133199691772461,14.447199821472168,14.761300086975098,15.075400352478027,15.389399528503418,15.703499794006348,16.01759910583496,16.33169937133789,16.645700454711914,16.959800720214844,17.27389907836914,17.587900161743164,17.902000427246094,18.216100692749023,18.53019905090332,18.844200134277344,19.158300399780273,19.472400665283203,19.786399841308594,20.100500106811523,20.414600372314453,20.728599548339844,21.042699813842773,21.356800079345703,21.670900344848633,21.984899520874023,22.298999786376953,22.613100051879883,22.927099227905273,23.241199493408203,23.555299758911133,23.869300842285156,24.183399200439453,24.497499465942383,24.811599731445312,25.125600814819336,25.439699172973633,25.753799438476562,26.067800521850586,26.381900787353516,26.695999145507812,27.010000228881836,27.324100494384766,27.638200759887695,27.952299118041992,28.266300201416016,28.580400466918945,28.894500732421875,29.208499908447266,29.522600173950195,29.836700439453125,30.150800704956055,30.464799880981445,30.778900146484375,31.093000411987305,31.406999588012695,31.721099853515625,32.03519821166992,32.34920120239258,32.663299560546875,32.97740173339844,33.29140090942383,33.605499267578125,33.91960144042969,34.233699798583984,34.547698974609375,34.86180114746094,35.175899505615234,35.4900016784668,35.80400085449219,36.118099212646484,36.43220138549805,36.74620056152344,37.060298919677734,37.3744010925293,37.68840026855469,38.002498626708984,38.31660079956055,38.63059997558594,38.944698333740234,39.2588005065918,39.572898864746094,39.88690185546875,40.20100021362305,40.515098571777344,40.8291015625,41.1431999206543,41.457298278808594,41.771400451660156,42.08539962768555,42.39950180053711,42.713600158691406,43.0275993347168,43.34170150756836,43.655799865722656,43.96979904174805,44.28390121459961,44.597999572753906,44.91210174560547,45.22610092163086,45.540199279785156,45.85430145263672,46.16830062866211,46.482398986816406,46.79650115966797,47.110599517822266,47.424598693847656,47.73870086669922,48.052799224853516,48.366798400878906,48.68090057373047,48.994998931884766,49.308998107910156,49.62310028076172,49.937198638916016,50.25130081176758,50.56529998779297,50.879398345947266,51.19350051879883,51.50749969482422,51.82160186767578,52.13570022583008,52.449798583984375,52.76380157470703,53.07789993286133,53.391998291015625,53.70600128173828,54.02009963989258,54.33420181274414,54.64820098876953,54.96229934692383],"y":[0.0,0.5408999919891357,1.075600028038025,1.604099988937378,2.1263999938964844,2.6424999237060547,3.152400016784668,3.6561999320983887,4.15369987487793,4.645100116729736,5.130199909210205,5.6092000007629395,6.081900119781494,6.548500061035156,7.008900165557861,7.463099956512451,7.911099910736084,8.352899551391602,8.78849983215332,9.217900276184082,9.64109992980957,10.058099746704102,10.468999862670898,10.873600006103516,11.272100448608398,11.664299964904785,12.050399780273438,12.430299758911133,12.803899765014648,13.17140007019043,13.532699584960938,13.887800216674805,14.236700057983398,14.579400062561035,14.915900230407715,15.246299743652344,15.57040023803711,15.888299942016602,16.20009994506836,16.505599975585938,16.80500030517578,17.09819984436035,17.38520050048828,17.6658992767334,17.940500259399414,18.208900451660156,18.471099853515625,18.727100372314453,18.976999282836914,19.220600128173828,19.45800018310547,19.689199447631836,19.9143009185791,20.133100509643555,20.345800399780273,20.55229949951172,20.752500534057617,20.94659996032715,21.13450050354004,21.316200256347656,21.49169921875,21.660999298095703,21.824100494384766,21.981000900268555,22.131799697875977,22.27630043029785,22.414600372314453,22.54680061340332,22.672800064086914,22.792499542236328,22.906099319458008,23.013500213623047,23.114700317382812,23.2096004486084,23.29840087890625,23.381000518798828,23.457500457763672,23.527700424194336,23.591699600219727,23.649499893188477,23.701200485229492,23.746599197387695,23.785900115966797,23.818899154663086,23.845800399780273,23.866500854492188,23.881000518798828,23.88920021057129,23.891399383544922,23.88719940185547,23.87700080871582,23.86050033569336,23.837799072265625,23.808900833129883,23.77389907836914,23.73259925842285,23.685199737548828,23.631500244140625,23.571699142456055,23.505699157714844,23.433399200439453,23.354999542236328,23.27039909362793,23.17959976196289,23.082599639892578,22.979400634765625,22.870100021362305,22.754499435424805,22.632699966430664,22.50480079650879,22.3705997467041,22.230300903320312,22.08370018005371,21.930999755859375,21.7721004486084,21.60700035095215,21.435699462890625,21.25819969177246,21.074499130249023,20.884599685668945,20.688499450683594,20.4862003326416,20.277799606323242,20.063100814819336,19.842300415039062,19.61520004272461,19.381999969482422,19.142499923706055,18.896900177001953,18.645099639892578,18.387100219726562,18.122900009155273,17.852500915527344,17.575899124145508,17.293100357055664,17.004100799560547,16.708999633789062,16.40760040283203,16.100000381469727,15.786299705505371,15.466400146484375,15.140199661254883,14.807900428771973,14.469400405883789,14.124699592590332,13.773699760437012,13.416600227355957,13.053400039672852,12.683899879455566,12.308199882507324,11.926300048828125,11.538299560546875,11.144000053405762,10.743499755859375,10.336899757385254,9.924099922180176,9.505000114440918,9.07979965209961,8.64840030670166,8.210800170898438,7.767000198364258,7.316999912261963,6.860799789428711,6.398399829864502,5.929800033569336,5.455100059509277,4.974100112915039,4.4868998527526855,3.9935998916625977,3.4941000938415527,2.988300085067749,2.4763998985290527,1.958299994468689,1.434000015258789,0.9035000205039978,0.3668000102043152]},