{"params":{"v0":35,"theta_deg":35},"models":{"level1":{"x":[0.0,0.7203999757766724,1.4407000541687012,2.161099910736084,2.8814001083374023,3.601799964904785,4.322199821472168,5.042500019073486,5.762899875640869,6.4832000732421875,7.20359992980957,7.923999786376953,8.64430046081543,9.364700317382812,10.085000038146973,10.805399894714355,11.525799751281738,12.246100425720215,12.966500282287598,13.686800003051758,14.40719985961914,15.127599716186523,15.847900390625,16.568300247192383,17.28860092163086,18.009000778198242,18.729400634765625,19.44969940185547,20.17009925842285,20.890399932861328,21.61079978942871,22.331199645996094,23.05150032043457,23.771900177001953,24.49220085144043,25.212600708007812,25.933000564575195,26.65329933166504,27.373699188232422,28.0939998626709,28.81439971923828,29.534799575805664,30.25510025024414,30.975500106811523,31.69580078125,32.41619873046875,33.136600494384766,33.85689926147461,34.577301025390625,35.29759979248047,36.018001556396484,36.738399505615234,37.45869827270508,38.179100036621094,38.89939880371094,39.61980056762695,40.3401985168457,41.06050109863281,41.78089904785156,42.50120162963867,43.22159957885742,43.94200134277344,44.66230010986328,45.3827018737793,46.10300064086914,46.82339859008789,47.543800354003906,48.26409912109375,48.984500885009766,49.70479965209961,50.425201416015625,51.145599365234375,51.86589813232422,52.586299896240234,53.30659866333008,54.027000427246094,54.74729919433594,55.46770095825195,56.1880989074707,56.90840148925781,57.62879943847656,58.34920120239258,59.06949996948242,59.78990173339844,60.51020050048828,61.23059844970703,61.95100021362305,62.67129898071289,63.391700744628906,64.11199951171875,64.8323974609375,65.55280303955078,66.27310180664062,66.99349975585938,67.71379852294922,68.43419647216797,69.15460205078125,69.8749008178711,70.59529876708984,71.31559753417969,72.03600311279297,72.75640106201172,73.47669982910156,74.19709777832031,74.91739654541016,75.63780212402344,76.35810089111328,77.07849884033203,77.79889678955078,78.51920318603516,79.2396011352539,79.95989990234375,80.6802978515625,81.40070343017578,82.12100219726562,82.84140014648438,83.56179809570312,84.28209686279297,85.00250244140625,85.7228012084961,86.44319915771484,87.16349792480469,87.88390350341797,88.60430145263672,89.32460021972656,90.04499816894531,90.7654037475586,91.48570251464844,92.20610046386719,92.92639923095703,93.64679718017578,94.36720275878906,95.0875015258789,95.80789947509766,96.5281982421875,97.24859619140625,97.96890258789062,98.68930053710938,99.40969848632812,100.12999725341797,100.85040283203125,101.57080078125,102.29109954833984,103.0114974975586,103.73179626464844,104.45220184326172,105.17250061035156,105.89289855957031,106.61329650878906,107.33360290527344,108.05400085449219,108.77439880371094,109.49469757080078,110.21510314941406,110.9354019165039,111.65579986572266,112.3761978149414,113.09649658203125,113.81690216064453,114.53720092773438,115.25759887695312,115.97789764404297,116.69830322265625],"y":[0.0,0.5012999773025513,0.996399998664856,1.4852999448776245,1.9680999517440796,2.4446001052856445,2.914900064468384,3.3791000843048096,3.8369998931884766,4.28879976272583,4.734399795532227,5.173699855804443,5.606900215148926,6.033899784088135,6.454699993133545,6.86929988861084,7.277699947357178,7.679900169372559,8.076000213623047,8.465800285339355,8.84939956665039,9.226900100708008,9.598099708557129,9.963199615478516,10.321999549865723,10.674699783325195,11.021200180053711,11.361499786376953,11.695599555969238,12.023500442504883,12.345199584960938,12.660699844360352,12.970000267028809,13.273099899291992,13.570099830627441,13.860799789428711,14.145400047302246,14.423700332641602,14.695899963378906,14.961899757385254,15.221599578857422,15.475199699401855,15.722599983215332,15.963800430297852,16.19879913330078,16.427600860595703,16.650299072265625,16.86669921875,17.076900482177734,17.2810001373291,17.47879981994629,17.670499801635742,17.855899810791016,18.035200119018555,18.20829963684082,18.375099182128906,18.53580093383789,18.69029998779297,18.838600158691406,18.98069953918457,19.11669921875,19.246400833129883,19.36989974975586,19.487300872802734,19.598400115966797,19.70330047607422,19.802099227905273,19.894699096679688,19.981000900268555,20.061199188232422,20.13520050048828,20.202999114990234,20.26460075378418,20.31999969482422,20.369199752807617,20.412200927734375,20.448999404907227,20.479700088500977,20.504100799560547,20.52239990234375,20.534400939941406,20.540300369262695,20.539899826049805,20.53339958190918,20.520700454711914,20.501800537109375,20.476699829101562,20.44540023803711,20.407899856567383,20.364200592041016,20.314300537109375,20.25830078125,20.195999145507812,20.127599716186523,20.052900314331055,19.97209930419922,19.885000228881836,19.791799545288086,19.692399978637695,19.58679962158203,19.475000381469727,19.35700035095215,19.232799530029297,19.102399826049805,18.96579933166504,18.82309913635254,18.674100875854492,18.51889991760254,18.35759925842285,18.190000534057617,18.016300201416016,17.83639907836914,17.650299072265625,17.45800018310547,17.2593994140625,17.05470085144043,16.843900680541992,16.626800537109375,16.403499603271484,16.173999786376953,15.938300132751465,15.696499824523926,15.448399543762207,15.194199562072754,14.933799743652344,14.667099952697754,14.39430046081543,14.115300178527832,13.830100059509277,13.538700103759766,13.241100311279297,12.937299728393555,12.627300262451172,12.311100006103516,11.988800048828125,11.660200119018555,11.325499534606934,10.98449993133545,10.637399673461914,10.284000396728516,9.924500465393066,9.558799743652344,9.18690013885498,8.808799743652344,8.424500465393066,8.034000396728516,7.63730001449585,7.234399795532227,6.825300216674805,6.410099983215332,5.98859977722168,5.560999870300293,5.127099990844727,4.687099933624268,4.240900039672852,3.7885000705718994,3.3297998905181885,2.865000009536743,2.3940000534057617,1.9168000221252441,1.433500051498413,0.9438999891281128,0.4481000006198883]},