{"params":{"v0":25,"theta_deg":55},"models":{"level1":{"x":[0.0,0.3603000044822693,0.7206000089645386,1.080899953842163,1.441100001335144,1.8013999462127686,2.1617000102996826,2.5220000743865967,2.8822999000549316,3.2425999641418457,3.6029000282287598,3.963200092315674,4.323400020599365,4.683700084686279,5.044000148773193,5.404300212860107,5.764599800109863,6.124899864196777,6.485199928283691,6.845399856567383,7.205699920654297,7.565999984741211,7.926300048828125,8.286600112915039,8.646900177001953,9.007200241088867,9.367500305175781,9.727700233459473,10.088000297546387,10.4483003616333,10.808600425720215,11.168899536132812,11.529199600219727,11.88949966430664,12.249699592590332,12.609999656677246,12.97029972076416,13.330599784851074,13.690899848937988,14.051199913024902,14.411499977111816,14.77180004119873,15.131999969482422,15.492300033569336,15.85260009765625,16.212900161743164,16.573200225830078,16.933500289916992,17.293800354003906,17.65399932861328,18.014299392700195,18.37459945678711,18.734899520874023,19.095199584960938,19.45549964904785,19.815799713134766,20.17609977722168,20.536300659179688,20.8966007232666,21.256900787353516,21.61720085144043,21.977500915527344,22.337799072265625,22.69809913635254,23.058399200439453,23.41860008239746,23.778900146484375,24.13920021057129,24.499500274658203,24.859800338745117,25.22010040283203,25.580400466918945,25.94059944152832,26.300899505615234,26.66119956970215,27.021499633789062,27.381799697875977,27.74209976196289,28.102399826049805,28.462600708007812,28.822900772094727,29.18320083618164,29.543500900268555,29.903799057006836,30.26409912109375,30.624399185180664,30.984699249267578,31.344900131225586,31.7052001953125,32.06549835205078,32.42580032348633,32.78609848022461,33.146400451660156,33.50669860839844,33.867000579833984,34.22719955444336,34.587501525878906,34.94779968261719,35.308101654052734,35.668399810791016,36.02870178222656,36.388999938964844,36.74919891357422,37.109500885009766,37.46979904174805,37.830101013183594,38.190399169921875,38.55070114135742,38.9109992980957,39.27130126953125,39.631500244140625,39.991798400878906,40.35210037231445,40.712398529052734,41.07270050048828,41.43299865722656,41.79330062866211,42.153499603271484,42.51380157470703,42.87409973144531,43.23440170288086,43.59469985961914,43.95500183105469,44.31529998779297,44.67559814453125,45.03580093383789,45.39609909057617,45.75640106201172,46.11669921875,46.47700119018555,46.83729934692383,47.197601318359375,47.55780029296875,47.91809844970703,48.27840042114258,48.63869857788086,48.999000549316406,49.35929870605469,49.719600677490234,50.079898834228516,50.440101623535156,50.80039978027344,51.160701751708984,51.520999908447266,51.88130187988281,52.241600036621094,52.601898193359375,52.96220016479492,53.3223991394043,53.682701110839844,54.042999267578125,54.40330123901367,54.76359939575195,55.1239013671875,55.48419952392578,55.844398498535156,56.2047004699707,56.564998626708984,56.92530059814453,57.28559875488281,57.64590072631836,58.00619888305664,58.36640167236328,58.72669982910156,59.08700180053711,59.44729995727539,59.80759811401367],"y":[0.0,0.5113999843597412,1.016700029373169,1.5157999992370605,2.0085999965667725,2.495300054550171,2.975800037384033,3.4500999450683594,3.9182000160217285,4.380099773406982,4.8358001708984375,5.285299777984619,5.728600025177002,6.1656999588012695,6.596700191497803,7.021399974822998,7.440000057220459,7.85230016708374,8.258500099182129,8.658499717712402,9.052300453186035,9.439800262451172,9.821200370788574,10.196399688720703,10.565400123596191,10.928199768066406,11.284899711608887,11.635299682617188,11.979499816894531,12.31760025024414,12.649399757385254,12.975099563598633,13.294500350952148,13.607799530029297,13.914899826049805,14.215800285339355,14.510499954223633,14.798999786376953,15.081299781799316,15.357399940490723,15.627300262451172,15.890999794006348,16.14859962463379,16.399900436401367,16.645000457763672,16.884000778198242,17.11680030822754,17.343299865722656,17.56369972229004,17.77790069580078,17.98590087890625,18.187700271606445,18.38330078125,18.57270050048828,18.75589942932129,18.932899475097656,19.103700637817383,19.268400192260742,19.426799774169922,19.579099655151367,19.725099563598633,19.864999771118164,19.998699188232422,20.126100540161133,20.247400283813477,20.362499237060547,20.471399307250977,20.574100494384766,20.67060089111328,20.760900497436523,20.84510040283203,20.92300033569336,20.994699478149414,21.060300827026367,21.119600296020508,21.172800064086914,21.21980094909668,21.26059913635254,21.29509925842285,21.32349967956543,21.345699310302734,21.3617000579834,21.37150001525879,21.375200271606445,21.372600555419922,21.363800048828125,21.348899841308594,21.327699661254883,21.300399780273438,21.266799926757812,21.227100372314453,21.18120002746582,21.128999710083008,21.07069969177246,21.006200790405273,20.93549919128418,20.858600616455078,20.77549934387207,20.68630027770996,20.59079933166504,20.489099502563477,20.38129997253418,20.267200469970703,20.14699935913086,20.02050018310547,19.88789939880371,19.749099731445312,19.60409927368164,19.452899932861328,19.295499801635742,19.131900787353516,18.962099075317383,18.786100387573242,18.603900909423828,18.415599822998047,18.22100067138672,18.020299911499023,17.81329917907715,17.600200653076172,17.38089942932129,17.15530014038086,16.923599243164062,16.685699462890625,16.441600799560547,16.191299438476562,15.934800148010254,15.672100067138672,15.403300285339355,15.128199577331543,14.84689998626709,14.559499740600586,14.265800476074219,13.965999603271484,13.65999984741211,13.347700119018555,13.02929973602295,12.704700469970703,12.373900413513184,12.03689956665039,11.693699836730957,11.344300270080566,10.988699913024902,10.626999855041504,10.258999824523926,9.884900093078613,9.504500389099121,9.118000030517578,8.725199699401855,8.326299667358398,7.921199798583984,7.509900093078613,7.092400074005127,6.668700218200684,6.238800048828125,5.802700042724609,5.360400199890137,4.911900043487549,4.457300186157227,3.9964001178741455,3.529400110244751,3.0560998916625977,2.57669997215271,2.0910000801086426,1.5992000102996826,1.101199984550476,0.597000002861023,0.08659999817609787]},