{"params":{"v0":20,"theta_deg":50},"models":{"level1":{"x":[0.0,0.3230000138282776,0.6460000276565552,0.968999981880188,1.2920000553131104,1.6150000095367432,1.938099980354309,2.2611000537872314,2.5841000080108643,2.907099962234497,3.23009991645813,3.553100109100342,3.8761000633239746,4.199100017547607,4.52209997177124,4.845099925994873,5.168099880218506,5.491199970245361,5.814199924468994,6.137199878692627,6.46019983291626,6.783199787139893,7.106200218200684,7.429200172424316,7.752200126647949,8.075200080871582,8.398200035095215,8.721199989318848,9.04419994354248,9.367300033569336,9.690299987792969,10.013299942016602,10.336299896240234,10.659299850463867,10.9822998046875,11.305299758911133,11.628299713134766,11.951299667358398,12.274299621582031,12.597299575805664,12.92039966583252,13.243399620056152,13.566399574279785,13.889399528503418,14.212400436401367,14.535400390625,14.858400344848633,15.181400299072266,15.504400253295898,15.827400207519531,16.150400161743164,16.473499298095703,16.796499252319336,17.11949920654297,17.4424991607666,17.765499114990234,18.088499069213867,18.411500930786133,18.734500885009766,19.0575008392334,19.38050079345703,19.703500747680664,20.026599884033203,20.349599838256836,20.67259979248047,20.9955997467041,21.318599700927734,21.641599655151367,21.964599609375,22.287599563598633,22.610599517822266,22.9335994720459,23.25659942626953,23.579599380493164,23.902700424194336,24.22570037841797,24.5487003326416,24.871700286865234,25.194700241088867,25.5177001953125,25.840700149536133,26.163700103759766,26.4867000579834,26.80970001220703,27.132699966430664,27.455799102783203,27.778799057006836,28.1018009185791,28.424800872802734,28.747800827026367,29.07080078125,29.393800735473633,29.716800689697266,30.0398006439209,30.36280059814453,30.685800552368164,31.008800506591797,31.331899642944336,31.65489959716797,31.9778995513916,32.300899505615234,32.6239013671875,32.9468994140625,33.269901275634766,33.592899322509766,33.91590118408203,34.23889923095703,34.5619010925293,34.8849983215332,35.20800018310547,35.53099822998047,35.854000091552734,36.176998138427734,36.5,36.823001861572266,37.145999908447266,37.46900177001953,37.79199981689453,38.1150016784668,38.4380989074707,38.76110076904297,39.08409881591797,39.407100677490234,39.730098724365234,40.0531005859375],"y":[0.0,0.38190001249313354,0.7574999928474426,1.1269999742507935,1.4902000427246094,1.8473000526428223,2.198199987411499,2.5429000854492188,2.8814001083374023,3.21370005607605,3.539799928665161,3.8596999645233154,4.173500061035156,4.480999946594238,4.782299995422363,5.077499866485596,5.366399765014648,5.649199962615967,5.92579984664917,6.196199893951416,6.460299968719482,6.718299865722656,6.970099925994873,7.215700149536133,7.455100059509277,7.688399791717529,7.91540002822876,8.136199951171875,8.350799560546875,8.559300422668457,8.761500358581543,8.957599639892578,9.147500038146973,9.331100463867188,9.508600234985352,9.679900169372559,9.845000267028809,10.003899574279785,10.156599998474121,10.303099632263184,10.443499565124512,10.57759952545166,10.705499649047852,10.827300071716309,10.94279956817627,11.052200317382812,11.15530014038086,11.252300262451172,11.343099594116211,11.42770004272461,11.506099700927734,11.578300476074219,11.64430046081543,11.704099655151367,11.757699966430664,11.805100440979004,11.846400260925293,11.881400108337402,11.910300254821777,11.932900428771973,11.949399948120117,11.959600448608398,11.963700294494629,11.961600303649902,11.953300476074219,11.938799858093262,11.918100357055664,11.891200065612793,11.858099937438965,11.81879997253418,11.77340030670166,11.721699714660645,11.663900375366211,11.599800109863281,11.529600143432617,11.453100204467773,11.370499610900879,11.281700134277344,11.186699867248535,11.08549976348877,10.978099822998047,10.864500045776367,10.74470043182373,10.61870002746582,10.486499786376953,10.348199844360352,10.20359992980957,10.052900314331055,9.895899772644043,9.732799530029297,9.56350040435791,9.387900352478027,9.206199645996094,9.01830005645752,8.824199676513672,8.623900413513184,8.417400360107422,8.20479965209961,7.985899925231934,7.760799884796143,7.529600143432617,7.292099952697754,7.048500061035156,6.798600196838379,6.542600154876709,6.280399799346924,6.01200008392334,5.737299919128418,5.456500053405762,5.16949987411499,4.876399993896484,4.577000141143799,4.271399974822998,3.9595999717712402,3.641700029373169,3.317500114440918,2.9872000217437744,2.650599956512451,2.3078999519348145,1.9589999914169312,1.6038000583648682,1.2424999475479126,0.875,0.5012999773025513,0.12139999866485596]},"level2":{"x":[0.0,0.3215999901294708,0.640500009059906,0.9567000269889832,1.270400047302246,1.5815000534057617,1.8901000022888184,2.1963999271392822,2.5002999305725098,2.802000045776367,3.1013998985290527,3.398699998855591,3.6937999725341797,3.9869000911712646,4.2779998779296875,4.5671000480651855,4.8541998863220215,5.139599800109863,5.423099994659424,5.704800128936768,5.9847002029418945,6.263000011444092,6.539599895477295,6.814499855041504,7.087900161743164,7.3597002029418945,7.630000114440918,7.898799896240234,8.166099548339844,8.432000160217285,8.696499824523926,8.959699630737305,9.221500396728516,9.481900215148926,9.741100311279297,9.99899959564209,10.25570011138916,10.511099815368652,10.765399932861328,11.018400192260742,11.270299911499023,11.521100044250488,11.770700454711914,12.019200325012207,12.26669979095459,12.512999534606934,12.758299827575684,13.002599716186523,13.245800018310547,13.48799991607666,13.72920036315918,13.969300270080566,14.208499908447266,14.446700096130371,14.683899879455566,14.92020034790039,15.155500411987305,15.389800071716309,15.623200416564941,15.855600357055664,16.087099075317383,16.31760025024414,16.547199249267578,16.77589988708496,17.003599166870117,17.23040008544922,17.456300735473633,17.68120002746582,17.90519905090332,18.12820053100586,18.350400924682617,18.571500778198242,18.79170036315918,19.01099967956543,19.229400634765625,19.446699142456055,19.66309928894043,19.878599166870117,20.09309959411621,20.30660057067871,20.51919937133789,20.73069953918457,20.941299438476562,21.15089988708496,21.359500885009766,21.567100524902344,21.773700714111328,21.979299545288086,22.183900833129883,22.387399673461914,22.59000015258789,22.791500091552734,22.991899490356445,23.1914005279541,23.389699935913086,23.587099075317383,23.783300399780273,23.978599548339844,24.172700881958008,24.365800857543945,24.55780029296875,24.748699188232422,24.938600540161133,25.127300262451172,25.315000534057617,25.50149917602539,25.687000274658203,25.871299743652344,26.05459976196289,26.2367000579834],