{"params":{"v0":25,"theta_deg":15},"models":{"level1":{"x":[0.0,0.6067000031471252,1.2135000228881836,1.820199966430664,2.4268999099731445,3.0336999893188477,3.640399932861328,4.247200012207031,4.853899955749512,5.460599899291992,6.067399978637695,6.674099922180176,7.280799865722656,7.887599945068359,8.49429988861084,9.101099967956543,9.707799911499023,10.314499855041504,10.921299934387207,11.527999877929688,12.134699821472168,12.741499900817871,13.348199844360352,13.954999923706055,14.561699867248535,15.168399810791016,15.775199890136719,16.381900787353516,16.98859977722168,17.595399856567383,18.20210075378418,18.808900833129883,19.415599822998047,20.022300720214844,20.629100799560547,21.23579978942871,21.842500686645508,22.44930076599121,23.055999755859375,23.662799835205078,24.269500732421875,24.87619972229004,25.482999801635742,26.08970069885254,26.696399688720703,27.303199768066406,27.909900665283203,28.516599655151367,29.12339973449707,29.730100631713867,30.33690071105957,30.943599700927734,31.55030059814453],"y":[0.0,0.15950000286102295,0.31279999017715454,0.45989999175071716,0.6007999777793884,0.7354999780654907,0.8640000224113464,0.986299991607666,1.1023999452590942,1.212399959564209,1.316100001335144,1.413599967956543,1.5049999952316284,1.5901999473571777,1.669100046157837,1.7418999671936035,1.808500051498413,1.868899941444397,1.9230999946594238,1.9710999727249146,2.0129001140594482,2.0485000610351562,2.077899932861328,2.1012001037597656,2.1182000637054443,2.128999948501587,2.133699893951416,2.132200002670288,2.1243999004364014,2.1105000972747803,2.090399980545044,2.0641000270843506,2.031599998474121,1.992900013923645,1.9479999542236328,1.8969000577926636,1.8395999670028687,1.7761000394821167,1.7065000534057617,1.6305999755859375,1.5485999584197998,1.4602999687194824,1.3659000396728516,1.2653000354766846,1.158400058746338,1.0454000234603882,0.9261999726295471,0.8008000254631042,0.6692000031471252,0.5314000248908997,0.38749998807907104,0.23729999363422394,0.08089999854564667]},"level2":{"x":[0.0,0.6035000085830688,1.2005000114440918,1.7913000583648682,2.3759000301361084,2.9544999599456787,3.5272998809814453,4.094399929046631,4.655799865722656,5.2118000984191895,5.762400150299072,6.307700157165527,6.847899913787842,7.3831000328063965,7.913300037384033,8.438699722290039,8.95930004119873,9.475199699401855,9.986599922180176,10.493499755859375,10.996000289916992,11.494199752807617,11.988100051879883,12.477800369262695,12.963399887084961,13.444999694824219,13.922599792480469,14.396300315856934,14.866100311279297,15.332200050354004,15.794500350952148,16.25309944152832,16.708200454711914,17.15959930419922,17.607500076293945,18.052000045776367,18.493000030517578,18.930599212646484,19.364900588989258,19.795900344848633,20.223600387573242,20.6481990814209,21.069499969482422,21.487699508666992,21.902799606323242,22.314800262451172,22.723800659179688,23.12980079650879,23.532800674438477],"y":[0.0,0.15860000252723694,0.3093999922275543,0.45239999890327454,0.5878000259399414,0.7156000137329102,0.8360000252723694,0.9490000009536743,1.0547000169754028,1.1532000303268433,1.2446000576019287,1.3289999961853027,1.4063999652862549,1.4769999980926514,1.5406999588012695,1.597599983215332,1.6478999853134155,1.69159996509552,1.728700041770935,1.7592999935150146,1.7834999561309814,1.8013999462127686,1.8128999471664429,1.8180999755859375,1.8171000480651855,1.809999942779541,1.7967000007629395,1.777400016784668,1.7520999908447266,1.720900058746338,1.6836999654769897,1.6405999660491943,1.5916999578475952,1.5369999408721924,1.4766000509262085,1.4105000495910645,1.3387000560760498,1.261299967765808,1.1783000230789185,1.0898000001907349,0.9958000183105469,0.8963000178337097,0.7914000153541565,0.6811000108718872,0.565500020980835,0.44449999928474426,0.3183000087738037,0.1868000030517578,0.05009999871253967]},"level3":{"x":[0.0,0.6033999919891357,1.2002999782562256,1.7907999753952026,2.3750998973846436,2.953399896621704,3.525700092315674,4.092199802398682,4.6529998779296875,5.2083001136779785,5.758200168609619,6.302800178527832,6.842100143432617,7.376399993896484,7.905799865722656,8.43019962310791,8.949899673461914,9.464900016784668,9.975299835205078,10.481200218200684,10.98270034790039,11.4798002243042,11.972700119018555,12.46150016784668,12.946100234985352,13.4266996383667,13.903400421142578,14.376099586486816,14.845100402832031,15.310199737548828,15.771699905395508,16.22949981689453,16.683799743652344,17.13450050354004,17.58180046081543,18.02560043334961,18.466100692749023,18.903200149536133,19.337099075317383,19.7677001953125,20.195199966430664,20.61949920654297,21.040700912475586,21.458900451660156,21.874000549316406,22.286100387573242,22.69529914855957,23.101600646972656,23.5049991607666,23.905500411987305,24.303300857543945],"y":[0.0,0.15880000591278076,0.3100999891757965,0.45410001277923584,0.5907999873161316,0.7202000021934509,0.8425999879837036,0.9578999876976013,1.0663000345230103,1.167799949645996,1.2625000476837158,1.3504999876022339,1.4319000244140625,1.506600022315979,1.5748000144958496,1.6366000175476074,1.6920000314712524,1.7410999536514282,1.7838000059127808,1.8203999996185303,1.8508000373840332,1.875,1.8933000564575195,1.905400037765503,1.9117000102996826,1.9119999408721924,1.9063999652862549,1.8950999975204468,1.8779000043869019,1.8550000190734863,1.8264000415802002,1.792199969291687,1.7524000406265259,1.7069000005722046,1.656000018119812,1.5994999408721924,1.537600040435791,1.4702999591827393,1.3976000547409058,1.3194999694824219,1.236199975013733,1.1475000381469727,1.0535999536514282,0.9545000195503235,0.8501999974250793,0.7408000230789185,0.6262999773025513,0.5066999793052673,0.38199999928474426,0.2524000108242035,0.1177000030875206]}}}