{"params":{"v0":30,"theta_deg":60},"models":{"level1":{"x":[0.0,0.37689998745918274,0.7537999749183655,1.1306999921798706,1.5075000524520874,1.8844000101089478,2.2613000869750977,2.638200044631958,3.0151000022888184,3.3919999599456787,3.7688000202178955,4.145699977874756,4.522600173950195,4.899499893188477,5.276400089263916,5.653299808502197,6.030200004577637,6.4070000648498535,6.783899784088135,7.160799980163574,7.537700176239014,7.914599895477295,8.291500091552734,8.668299674987793,9.04520034790039,9.422100067138672,9.798999786376953,10.17590045928955,10.552800178527832,10.92959976196289,11.306500434875488,11.68340015411377,12.06029987335205,12.437199592590332,12.81410026550293,13.190999984741211,13.56779956817627,13.944700241088867,14.321599960327148,14.69849967956543,15.075400352478027,15.452300071716309,15.829099655151367,16.20599937438965,16.58289909362793,16.959800720214844,17.336700439453125,17.713600158691406,18.090499877929688,18.467300415039062,18.844200134277344,19.221099853515625,19.597999572753906,19.974899291992188,20.3518009185791,20.728599548339844,21.105499267578125,21.48240089416504,21.85930061340332,22.2362003326416,22.613100051879883,22.989900588989258,23.36680030822754,23.74370002746582,24.1205997467041,24.497499465942383,24.874399185180664,25.251300811767578,25.62809944152832,26.0049991607666,26.381900787353516,26.758800506591797,27.135700225830078,27.51259994506836,27.889400482177734,28.266300201416016,28.643199920654297,29.020099639892578,29.39699935913086,29.77389907836914,30.150699615478516,30.527599334716797,30.904499053955078,31.281400680541992,31.658300399780273,32.03519821166992,32.41210174560547,32.78889846801758,33.16579818725586,33.542701721191406,33.91960144042969,34.29650115966797,34.67340087890625,35.050201416015625,35.427101135253906,35.80400085449219,36.18090057373047,36.55780029296875,36.93470001220703,37.31159973144531,37.68840026855469,38.06529998779297,38.44219970703125,38.81909942626953,39.19599914550781,39.572898864746094,39.94969940185547,40.32659912109375,40.70349884033203,41.08039855957031,41.457298278808594,41.83420181274414,42.21110153198242,42.58789825439453,42.96480178833008,43.34170150756836,43.71860122680664,44.09550094604492,44.4724006652832,44.84920120239258,45.22610092163086,45.60300064086914,45.97990036010742,46.3568000793457,46.733699798583984,47.110599517822266,47.48740005493164,47.86429977416992,48.2411994934082,48.618099212646484,48.994998931884766,49.37189865112305,49.74869918823242,50.1255989074707,50.502498626708984,50.879398345947266,51.25630187988281,51.633201599121094,52.0099983215332,52.38690185546875,52.76380157470703,53.14070129394531,53.517601013183594,53.894500732421875,54.271400451660156,54.64820098876953,55.02510070800781,55.402000427246094,55.778900146484375,56.155799865722656,56.53269958496094,56.90959930419922,57.286399841308594,57.663299560546875,58.040199279785156,58.41709899902344,58.79399871826172,59.1708984375,59.547698974609375,59.924598693847656,60.30149841308594,60.67839813232422,61.055301666259766,61.43220138549805,61.808998107910156,62.1859016418457,62.562801361083984,62.939701080322266,63.31660079956055,63.69350051879883,64.07029724121094,64.44719696044922,64.8240966796875,65.20099639892578,65.5779037475586,65.95480346679688,66.33159637451172,66.70850372314453,67.08540344238281,67.4623031616211,67.83920288085938,68.21610260009766,68.59300231933594,68.96980285644531,69.3467025756836,69.72360229492188,70.10050201416016,70.47740173339844,70.85430145263672,71.231201171875,71.60800170898438,71.98490142822266,72.36180114746094,72.73870086669922,73.1156005859375,73.49250030517578,73.86930084228516,74.24620056152344,74.62310028076172,75.0],"y":[0.0,0.6496999859809875,1.2932000160217285,1.9305000305175781,2.5615999698638916,3.186500072479248,3.8052000999450684,4.417799949645996,5.024099826812744,5.624199867248535,6.218200206756592,6.8059000968933105,7.387499809265137,7.962900161743164,8.531999588012695,9.095000267028809,9.651800155639648,10.202400207519531,10.746800422668457,11.28499984741211,11.817099571228027,12.342900276184082,12.862500190734863,13.37600040435791,13.883199691772461,14.384200096130371,14.87909984588623,15.367799758911133,15.850299835205078,16.326499938964844,16.796600341796875,17.260499954223633,17.71820068359375,18.169700622558594,18.615100860595703,19.05419921875,19.48710060119629,19.913799285888672,20.334400177001953,20.748699188232422,21.15690040588379,21.558900833129883,21.954599380493164,22.344200134277344,22.72760009765625,23.104799270629883,23.475799560546875,23.840599060058594,24.199199676513672,24.551599502563477,24.897899627685547,25.237899780273438,25.571699142456055,25.89940071105957,26.22089958190918,26.536100387573242,26.845199584960938,27.148099899291992,27.444700241088867,27.735200881958008,28.019500732421875,28.29759979248047,28.569599151611328,28.83530044555664,29.09480094909668,29.348100662231445,29.595300674438477,29.836200714111328,30.070999145507812,30.29949951171875,30.521900177001953,30.738100051879883,30.94809913635254,31.151899337768555,31.34939956665039,31.5408992767334,31.72610092163086,31.905099868774414,32.07789993286133,32.24449920654297,32.404998779296875,32.559200286865234,32.707298278808594,32.849098205566406,32.984798431396484,33.11429977416992,33.23749923706055,33.35459899902344,33.46549987792969,33.5702018737793,33.668701171875,33.76100158691406,33.847198486328125,33.927101135253906,34.00080108642578,34.06840133666992,34.12969970703125,34.184898376464844,34.23379898071289,34.2765998840332,34.313201904296875,34.34349822998047,34.367698669433594,34.38570022583008,34.397499084472656,34.403099060058594,34.4025993347168,34.39580154418945,34.3828010559082,34.36370086669922,34.33829879760742,34.306800842285156,34.26900100708008,34.225101470947266,34.17499923706055,34.11859893798828,34.05609893798828,33.98740005493164,33.912498474121094,33.83140182495117,33.74420166015625,33.650699615478516,33.55099868774414,33.4452018737793,33.333099365234375,33.21480178833008,33.09040069580078,32.959800720214844,32.823001861572266,32.679901123046875,32.53070068359375,32.375301361083984,32.21369934082031,32.0458984375,31.87190055847168,31.69179916381836,31.505399703979492,31.31279945373535,31.114099502563477,30.909099578857422,30.697999954223633,30.48069953918457,30.257099151611328,30.02739906311035,29.791500091552734,29.549400329589844,29.30109977722168,29.046600341796875,28.785900115966797,28.518999099731445,28.246000289916992,27.966699600219727,27.68120002746582,27.38960075378418,27.091800689697266,26.787700653076172,26.477500915527344,26.161100387573242,25.83839988708496,25.509599685668945,25.17460060119629,24.83340072631836,24.486000061035156,24.13249969482422,23.7726993560791,23.406700134277344,23.03459930419922,22.656200408935547,22.2716007232666,21.88089942932129,21.483999252319336,21.080799102783203,20.671499252319336,20.256000518798828,19.834299087524414,19.406400680541992,18.972299575805664,18.531999588012695,18.085500717163086,17.63290023803711,17.173999786376953,16.708999633789062,16.237699508666992,15.760199546813965,15.276599884033203,14.786800384521484,14.290800094604492,13.78849983215332,13.280099868774414,12.76550006866455,12.24470043182373,11.71780014038086,11.184599876403809,10.6451997756958,10.099599838256836,9.547900199890137,8.989899635314941,8.425800323486328,7.855400085449219,7.278900146484375]},