{"params":{"v0":15,"theta_deg":75},"models":{"level1":{"x":[0.0,0.09749999642372131,0.19509999454021454,0.29260000586509705,0.3901999890804291,0.4876999855041504,0.5853000283241272,0.6827999949455261,0.7803999781608582,0.8779000043869019,0.9753999710083008,1.0729999542236328,1.1705000400543213,1.2681000232696533,1.3655999898910522,1.4631999731063843,1.5607000589370728,1.6583000421524048,1.7558000087738037,1.8533999919891357,1.9508999586105347,2.0483999252319336,2.1459999084472656,2.243499994277954,2.341099977493286,2.4386000633239746,2.5362000465393066,2.633699893951416,2.731300115585327,2.8287999629974365,2.926300048828125,3.023900032043457,3.1214001178741455,3.2190001010894775,3.316499948501587,3.414099931716919,3.5116000175476074,3.6092000007629395,3.706700086593628,3.8041999340057373,3.9017999172210693,3.999300003051758,4.09689998626709,4.194399833679199,4.291999816894531,4.389500141143799,4.487100124359131,4.58459997177124,4.682199954986572,4.779699802398682,4.877200126647949,4.974800109863281,5.072299957275391,5.169899940490723,5.267399787902832,5.364999771118164,5.462500095367432,5.560100078582764,5.657599925994873,5.755099773406982,5.852700233459473,5.950200080871582,6.047800064086914,6.145299911499023,6.2428998947143555,6.340400218963623,6.438000202178955,6.5355000495910645,6.6331000328063965,6.730599880218506,6.828100204467773,6.9257001876831055,7.023200035095215,7.120800018310547,7.218299865722656,7.315899848937988,7.413400173187256,7.511000156402588,7.608500003814697,7.705999851226807,7.803599834442139,7.901100158691406,7.998700141906738,8.096199989318848,8.19379997253418,8.291299819946289,8.388899803161621,8.48639965057373,8.583900451660156,8.681500434875488,8.779000282287598,8.87660026550293,8.974100112915039,9.071700096130371,9.16919994354248,9.266799926757812,9.364299774169922,9.461899757385254,9.559399604797363,9.656900405883789,9.754500389099121,9.85200023651123,9.949600219726562,10.047100067138672,10.144700050354004,10.242199897766113,10.339799880981445,10.437299728393555,10.534799575805664,10.632399559020996,10.729900360107422,10.827500343322754,10.925000190734863,11.022600173950195,11.120100021362305,11.217700004577637,11.315199851989746,11.412699699401855],"y":[0.0,0.36090001463890076,0.7156999707221985,1.0642999410629272,1.406599998474121,1.742799997329712,2.0727999210357666,2.3966000080108643,2.714200019836426,3.025599956512451,3.3308000564575195,3.6298000812530518,3.922600030899048,4.209199905395508,4.489699840545654,4.763899803161621,5.0320000648498535,5.293799877166748,5.549499988555908,5.798999786376953,6.042200088500977,6.279300212860107,6.510200023651123,6.734899997711182,6.953400135040283,7.1656999588012695,7.3719000816345215,7.571800231933594,7.765500068664551,7.953100204467773,8.134400367736816,8.309599876403809,8.478500366210938,8.641300201416016,8.797900199890137,8.9483003616333,9.092399597167969,9.230400085449219,9.362299919128418,9.487899780273438,9.6072998046875,9.720499992370605,9.827500343322754,9.928400039672852,10.02299976348877,10.111499786376953,10.193699836730957,10.269800186157227,10.339699745178223,10.403400421142578,10.460800170898438,10.512100219726562,10.55720043182373,10.596099853515625,10.628899574279785,10.655400276184082,10.675700187683105,10.689900398254395,10.697799682617188,10.69950008392334,10.695099830627441,10.684499740600586,10.66759967803955,10.644599914550781,10.615400314331055,10.579999923706055,10.538399696350098,10.490599632263184,10.436599731445312,10.376399993896484,10.310099601745605,10.237500190734863,10.158699989318848,10.073800086975098,9.982600212097168,9.885299682617188,9.781800270080566,9.67199993133545,9.556099891662598,9.434000015258789,9.305700302124023,9.171199798583984,9.030500411987305,8.883600234985352,8.730600357055664,8.57129955291748,8.405799865722656,8.234199523925781,8.056400299072266,7.872300148010254,7.68209981918335,7.4857001304626465,7.2829999923706055,7.07420015335083,6.8592000007629395,6.638000011444092,6.410600185394287,6.17710018157959,5.937300205230713,5.691299915313721,5.439199924468994,5.180799961090088,4.916200160980225,4.645500183105469,4.368599891662598,4.085400104522705,3.796099901199341,3.5006000995635986,3.198899984359741,2.8910000324249268,2.576900005340576,2.2565999031066895,1.9300999641418457,1.597499966621399,1.2585999965667725,0.9135000109672546,0.5623000264167786,0.20479999482631683]},"level2":{"x":[0.0,0.09719999879598618,0.19380000233650208,0.289900004863739,0.38530001044273376,0.48019999265670776,0.5745000243186951,0.6682999730110168,0.7615000009536743,0.8543000221252441,0.9466000199317932,1.0384000539779663,1.129699945449829,1.2206000089645386,1.3111000061035156,1.4011000394821167,1.4907000064849854,1.5800000429153442,1.6687999963760376,1.7573000192642212,1.8454999923706055,1.9333000183105469,2.020699977874756,2.107800006866455,2.194700002670288,2.2811999320983887,2.3673999309539795,2.4532999992370605,2.5390000343322754,2.6243999004364014,2.7095999717712402,2.7945001125335693,2.8791000843048096,2.963599920272827,3.047800064086914,3.1319000720977783,3.2156999111175537,3.299299955368042,3.3828001022338867,3.4660000801086426,3.549099922180176,3.6321001052856445,3.714900016784668,3.797499895095825,3.880000114440918,3.9623000621795654,4.04449987411499,4.1265997886657715,4.208600044250488,4.29040002822876,4.372099876403809,4.453700065612793,4.535200119018555,4.616600036621094,4.69789981842041,4.7789998054504395,4.860000133514404,4.940899848937988,5.021699905395508,5.102399826049805,5.1828999519348145,5.263299942016602,5.343599796295166,5.423699855804443,5.503699779510498,5.583600044250488,5.663300037384033,5.742800235748291,5.822199821472168,5.901400089263916,5.980400085449219,6.059299945831299,6.137899875640869,6.216400146484375,6.294600009918213,6.372700214385986,6.4506001472473145,6.528200149536133,6.605599880218506,6.682799816131592,6.759699821472168,6.836400032043457,6.912799835205078,6.988999843597412,7.065000057220459,7.140600204467773,7.216000080108643,7.291200160980225,7.366000175476074,7.440499782562256,7.514800071716309,7.588799953460693,7.662399768829346,7.735799789428711,7.808800220489502,7.881499767303467,7.95389986038208,8.026000022888184,8.097700119018555,8.169099807739258,8.24020004272461,8.31089973449707,8.38129997253418,8.451299667358398,8.520999908447266,8.590299606323242,8.659299850463867,8.727800369262695],