{"params":{"v0":25,"theta_deg":30},"models":{"level1":{"x":[0.0,0.5440000295639038,1.0880000591278076,1.6319999694824219,2.1758999824523926,2.719899892807007,3.2639000415802,3.8078999519348145,4.351900100708008,4.895899772644043,5.439899921417236,5.983799934387207,6.5278000831604,7.071800231933594,7.615799903869629,8.159799575805664,8.703800201416016,9.24779987335205,9.79170036315918,10.335700035095215,10.87969970703125,11.423700332641602,11.967700004577637,12.511699676513672,13.055700302124023,13.599599838256836,14.143600463867188,14.687600135803223,15.231599807739258,15.77560043334961,16.319599151611328,16.86359977722168,17.407499313354492,17.951499938964844,18.495500564575195,19.039499282836914,19.583499908447266,20.127500534057617,20.671499252319336,21.21540069580078,21.7593994140625,22.30340003967285,22.847400665283203,23.391399383544922,23.935400009155273,24.479400634765625,25.023300170898438,25.56730079650879,26.111299514770508,26.65530014038086,27.19930076599121,27.74329948425293,28.28730010986328,28.831199645996094,29.375200271606445,29.919200897216797,30.463199615478516,31.007200241088867,31.55120086669922,32.09519958496094,32.639198303222656,33.183101654052734,33.72710037231445,34.27109909057617,34.815101623535156,35.359100341796875,35.903099060058594,36.44710159301758,36.99100112915039,37.53499984741211,38.07899856567383,38.62300109863281,39.16699981689453,39.71099853515625,40.25490188598633,40.79890060424805,41.342899322509766,41.88690185546875,42.43090057373047,42.97489929199219,43.51890182495117,44.062801361083984,44.6068000793457,45.15079879760742,45.694801330566406,46.238800048828125,46.782798767089844,47.32680130004883,47.87080001831055,48.41469955444336,48.95869827270508,49.50270080566406,50.04669952392578,50.5906982421875,51.134700775146484,51.6786994934082,52.222599029541016,52.7666015625,53.31060028076172,53.85459899902344,54.39860153198242,54.94260025024414],"y":[0.0,0.3109999895095825,0.6158000230789185,0.9143000245094299,1.2066999673843384,1.492900013923645,1.7728999853134155,2.046799898147583,2.3143999576568604,2.5757999420166016,2.8310999870300293,3.0801000595092773,3.3229000568389893,3.5596001148223877,3.79010009765625,4.0142998695373535,4.232399940490723,4.444300174713135,4.650000095367432,4.8495001792907715,5.042799949645996,5.229899883270264,5.410799980163574,5.585599899291992,5.7540998458862305,5.916399955749512,6.0725998878479,6.222499847412109,6.366300106048584,6.503900051116943,6.635300159454346,6.76039981842041,6.87939977645874,6.992199897766113,7.098800182342529,7.19920015335083,7.293499946594238,7.381499767303467,7.4633002281188965,7.539000034332275,7.608399868011475,7.6717000007629395,7.728700160980225,7.779600143432617,7.8242998123168945,7.86269998550415,7.894999980926514,7.92110013961792,7.940999984741211,7.954699993133545,7.962200164794922,7.963600158691406,7.958700180053711,7.9475998878479,7.9303998947143555,7.906899929046631,7.877299785614014,7.841400146484375,7.7993998527526855,7.751200199127197,7.696800231933594,7.636199951171875,7.569399833679199,7.496399879455566,7.417200088500977,7.3317999839782715,7.240200042724609,7.142499923706055,7.03849983215332,6.928299903869629,6.811999797821045,6.689499855041504,6.560699939727783,6.42579984664917,6.2846999168396,6.137400150299072,5.98390007019043,5.82420015335083,5.658299922943115,5.486199855804443,5.3078999519348145,5.123499870300293,4.932799816131592,4.736000061035156,4.532899856567383,4.323699951171875,4.1082000732421875,3.8866000175476074,3.658799886703491,3.424799919128418,3.1846001148223877,2.938199996948242,2.6856000423431396,2.426800012588501,2.161799907684326,1.8905999660491943,1.6132999658584595,1.329699993133545,1.0399999618530273,0.7440000176429749,0.44190001487731934,0.13359999656677246]},"level2":{"x":[0.0,0.541100025177002,1.0764000415802002,1.6060999631881714,2.1303000450134277,2.6493000984191895,3.1630001068115234,3.6717000007629395,4.1753997802734375,4.674300193786621,5.168499946594238,5.658100128173828,6.143199920654297,6.624000072479248,7.100399971008301,7.5725998878479,8.040800094604492,8.504899978637695,8.965100288391113,9.42140007019043,9.87399959564209,10.32289981842041,10.768199920654297,11.20989990234375,11.648099899291992,12.082900047302246,12.514399528503418,12.94260025024414,13.367600440979004,13.789400100708008,14.208100318908691,14.623800277709961,15.036399841308594,15.446100234985352,15.852800369262695,16.256799697875977,16.657899856567383,17.05620002746582,17.451799392700195,17.84469985961914,18.234899520874023,18.622600555419922,19.007600784301758,19.390199661254883,19.770200729370117,20.1476993560791,20.52280044555664,20.89539909362793,21.26569938659668,21.63360023498535,21.999099731445312,22.362300872802734,22.72330093383789,23.082000732421875,23.438400268554688,23.792600631713867,24.14459991455078,24.494400024414062,24.841999053955078,25.1875,25.530899047851562,25.872100830078125,26.211200714111328,26.54829978942871,26.88319969177246,27.216100692749023,27.547000885009766,27.87579917907715,28.202499389648438,28.527299880981445,28.850000381469727,29.170799255371094,29.489500045776367,29.806299209594727,30.1210994720459,30.43400001525879,30.74489974975586,31.053800582885742,31.36079978942871,31.6658992767334,31.9689998626709,32.270198822021484,32.56949996948242,32.86690139770508,33.16239929199219,33.45589828491211,33.74760055541992,34.03739929199219,34.32529830932617],"y":[0.0,0.3093000054359436,0.6090999841690063,0.8996999859809875,1.1811000108718872,1.4535000324249268,1.7170000076293945,1.9716999530792236,2.2177999019622803,2.455399990081787,2.684499979019165,2.905400037765503,3.1180999279022217,3.322700023651123,3.5192999839782715,3.7079999446868896,3.8889000415802,4.062099933624268,4.22760009765625,4.3856000900268555,4.536099910736084,4.679200172424316,4.815000057220459,4.943600177764893,5.065000057220459,5.179200172424316,5.286399841308594,5.38670015335083,5.480000019073486,5.566400051116943,5.645999908447266,5.718900203704834,5.785099983215332,5.844600200653076,5.897600173950195,5.943999767303467,5.98390007019043,6.017300128936768,6.044400215148926,6.065100193023682,6.079500198364258,6.087600231170654,6.0894999504089355,6.08519983291626,6.074699878692627,6.058199882507324,6.035600185394287,6.006999969482422,5.972300052642822,5.931700229644775,5.885300159454346,5.832900047302246,5.774700164794922,5.710700035095215,5.640900135040283,5.565299987792969,5.484099864959717,5.397200107574463,5.304699897766113,5.206500053405762,5.102799892425537,4.993599891662598,4.878799915313721,4.758600234985352,4.632999897003174,4.5019001960754395,4.365499973297119,4.223800182342529,4.076700210571289,3.9244000911712646,3.766900062561035,3.6041998863220215,3.436300039291382,3.263200044631958,3.085099935531616,2.901900053024292,2.71370005607605,2.5204999446868896,2.3222999572753906,2.1191999912261963,1.9112000465393066,1.6984000205993652,1.4807000160217285,1.2582999467849731,1.0311000347137451,0.7991999983787537,0.5626000165939331,0.321399986743927,0.07559999823570251]},