{"params":{"v0":35,"theta_deg":15},"models":{"level1":{"x":[0.0,0.849399983882904,1.6988999843597412,2.54830002784729,3.397700071334839,4.247200012207031,5.09660005569458,5.946000099182129,6.795499801635742,7.644899845123291,8.49429988861084,9.343799591064453,10.19320011138916,11.04259967803955,11.89210033416748,12.741499900817871,13.590900421142578,14.440299987792969,15.289799690246582,16.13920021057129,16.98859977722168,17.83810043334961,18.6875,19.53689956665039,20.38640022277832,21.23579978942871,22.0851993560791,22.93470001220703,23.784099578857422,24.633499145507812,25.482999801635742,26.332399368286133,27.181800842285156,28.031299591064453,28.880699157714844,29.730100631713867,30.579599380493164,31.429000854492188,32.27840042114258,33.127899169921875,33.977298736572266,34.826698303222656,35.67620086669922,36.52560043334961,37.375,38.22439956665039,39.07389831542969,39.923301696777344,40.77280044555664,41.62220001220703,42.47159957885742,43.32099914550781,44.170501708984375,45.019901275634766,45.869300842285156,46.71879959106445,47.568199157714844,48.417598724365234,49.2671012878418,50.11650085449219,50.96590042114258,51.815399169921875,52.664798736572266,53.514198303222656,54.36370086669922,55.21310043334961,56.0625,56.9119987487793,57.76139831542969,58.610801696777344,59.46030044555664,60.30970001220703,61.15909957885742,62.00859832763672],"y":[0.0,0.22450000047683716,0.44279998540878296,0.6549000144004822,0.8608999848365784,1.0606000423431396,1.2541999816894531,1.441499948501587,1.6226999759674072,1.7976000308990479,1.9664000272750854,2.128999948501587,2.285399913787842,2.4356000423431396,2.5794999599456787,2.717400074005127,2.8489999771118164,2.974400043487549,3.093600034713745,3.2065999507904053,3.313499927520752,3.414099931716919,3.5085999965667725,3.59689998626709,3.6789000034332275,3.7548000812530518,3.82450008392334,3.888000011444092,3.9453001022338867,3.9964001178741455,4.041299819946289,4.079999923706055,4.112500190734863,4.138899803161621,4.158999919891357,4.172900199890137,4.180699825286865,4.182199954986572,4.177599906921387,4.166800022125244,4.149799823760986,4.1265997886657715,4.097099781036377,4.061600208282471,4.019800186157227,3.9718000888824463,3.91759991645813,3.8571999073028564,3.7906999588012695,3.717900037765503,3.6389999389648438,3.553800106048584,3.4625000953674316,3.3649001121520996,3.261199951171875,3.1512999534606934,3.0352001190185547,2.912899971008301,2.78439998626709,2.6496999263763428,2.5088000297546387,2.361799955368042,2.2084999084472656,2.0490000247955322,1.8833999633789062,1.7115000486373901,1.5334999561309814,1.3493000268936157,1.1588000059127808,0.9621999859809875,0.7594000101089478,0.5504000186920166,0.3352000117301941,0.11379999667406082]},"level2":{"x":[0.0,0.8429999947547913,1.6735999584197998,2.492000102996826,3.2987000942230225,4.093999862670898,4.878200054168701,5.651700019836426,6.41480016708374,7.167699813842773,7.910799980163574,8.64430046081543,9.368399620056152,10.083499908447266,10.78969955444336,11.48740005493164,12.176600456237793,12.857600212097168,13.530699729919434,14.195899963378906,14.853599548339844,15.503800392150879,16.146799087524414,16.782699584960938,17.411699295043945,18.033899307250977,18.64940071105957,19.258499145507812,19.8612003326416,20.457700729370117,21.048200607299805,21.632600784301758,22.211299896240234,22.78420066833496,23.35140037536621,23.91320037841797,24.469600677490234,25.020599365234375,25.5664005279541,26.107200622558594,26.642900466918945,27.173599243164062,27.699499130249023,28.220600128173828,28.73699951171875,29.24880027770996,29.756000518798828,30.258800506591797,30.757099151611328,31.251100540161133,31.74090003967285,32.22639846801758,32.707698822021484,33.185001373291016,33.658199310302734,34.12739944458008,34.59270095825195,35.054100036621094,35.511600494384766,35.96540069580078,36.41550064086914,36.86180114746094,37.304500579833984,37.74359893798828],"y":[0.0,0.22280000150203705,0.43619999289512634,0.6402999758720398,0.8353000283241272,1.021399974822998,1.198799967765808,1.3675999641418457,1.527999997138977,1.6800999641418457,1.8240000009536743,1.9599000215530396,2.0880000591278076,2.2083001136779785,2.321000099182129,2.426100015640259,2.5237998962402344,2.6142001152038574,2.6972999572753906,2.773400068283081,2.842400074005127,2.9045000076293945,2.959700107574463,3.00819993019104,3.049999952316284,3.085099935531616,3.113800048828125,3.1359000205993652,3.151700019836426,3.1612000465393066,3.164400100708008,3.161400079727173,3.1522998809814453,3.1370999813079834,3.115799903869629,3.08870005607605,3.0555999279022217,3.016700029373169,2.9719998836517334,2.9214999675750732,2.8654000759124756,2.803499937057495,2.7360999584198,2.6631999015808105,2.584700107574463,2.5007998943328857,2.4114999771118164,2.316699981689453,2.2167000770568848,2.111299991607666,2.000699996948242,1.8848999738693237,1.7639000415802002,1.6377999782562256,1.506600022315979,1.370300054550171,1.2289999723434448,1.0827000141143799,0.9314000010490417,0.7753000259399414,0.6141999959945679,0.44830000400543213,0.2775999903678894,0.10220000147819519]},"level3":{"x":[0.0,0.8429999947547913,1.67330002784729,2.4914000034332275,3.297600030899048,4.092400074005127,4.875899791717529,5.648600101470947,6.410799980163574,7.162799835205078,7.904799938201904,8.637200355529785,9.360199928283691,10.074000358581543,10.778900146484375,11.475199699401855,12.163000106811523,12.842599868774414,13.514200210571289,14.177900314331055,14.833999633789062,15.48270034790039,16.124099731445312,16.758399963378906,17.385799407958984,18.006399154663086,18.62030029296875,19.227800369262695,19.828899383544922,20.423900604248047,21.012800216674805,21.595699310302734,22.172800064086914,22.744300842285156,23.310100555419922,23.870500564575195,24.425500869750977,24.975200653076172,25.519800186157227,26.05929946899414,26.593900680541992,27.123600006103516,27.648399353027344,28.16860008239746,28.684099197387695,29.195100784301758,29.70159912109375,30.203699111938477,30.701499938964844,31.195100784301758,31.68440055847168,32.16960144042969,32.65079879760742,33.12799835205078,33.601200103759766,34.07059860229492,34.53609848022461,34.997798919677734,35.45589828491211,35.91019821166992,36.361000061035156,36.808101654052734,37.251800537109375,37.69200134277344,38.128700256347656,38.5620002746582,38.992000579833984,39.418701171875],"y":[0.0,0.22310000658035278,0.43720000982284546,0.6425999999046326,0.8393999934196472,1.0277999639511108,1.207900047302246,1.3798999786376953,1.5439000129699707,1.7000000476837158,1.8483999967575073,1.9891999959945679,2.122499942779541,2.248500108718872,2.3671998977661133,2.4786999225616455,2.5831000804901123,2.6805999279022217,2.771199941635132,2.8550000190734863,2.9321999549865723,3.002700090408325,3.0666000843048096,3.1240999698638916,3.175299882888794,3.220099925994873,3.2585999965667725,3.2909998893737793,3.317199945449829,3.337399959564209,3.351599931716919,3.3598999977111816,3.362299919128418,3.358799934387207,3.349600076675415,3.334700107574463,3.3141000270843506,3.287899971008301,3.2560999393463135,3.2186999320983887,3.1758999824523926,3.127700090408325,3.0741000175476074,3.0151000022888184,2.9507999420166016,2.881200075149536,2.8064000606536865,2.7265000343322754,2.6412999629974365,2.551100015640259,2.455699920654297,2.355299949645996,2.2499001026153564,2.1396000385284424,2.0243000984191895,1.904099941253662,1.7790000438690186,1.6490000486373901,1.514299988746643,1.3747999668121338,1.2304999828338623,1.0815999507904053,0.9279000163078308,0.769599974155426,0.6067000031471252,0.4392000138759613,0.2671000063419342,0.09049999713897705]}}}