{"params":{"v0":20,"theta_deg":70},"models":{"level1":{"x":[0.0,0.17190000414848328,0.34369999170303345,0.5156000256538391,0.6875,0.8593000173568726,1.0312000513076782,1.2030999660491943,1.375,1.5468000173568726,1.7187000513076782,1.8905999660491943,2.0624001026153564,2.234299898147583,2.4061999320983887,2.578000068664551,2.7499001026153564,2.921799898147583,3.093600034713745,3.265500068664551,3.4374001026153564,3.609299898147583,3.781100034713745,3.953000068664551,4.124899864196777,4.2967000007629395,4.468599796295166,4.640500068664551,4.812300205230713,4.9842000007629395,5.156099796295166,5.328000068664551,5.499800205230713,5.6717000007629395,5.843599796295166,6.015399932861328,6.187300205230713,6.3592000007629395,6.531000137329102,6.702899932861328,6.874800205230713,7.046599864959717,7.218500137329102,7.390399932861328,7.562300205230713,7.734099864959717,7.906000137329102,8.077899932861328,8.249699592590332,8.421600341796875,8.593500137329102,8.765299797058105,8.937199592590332,9.109100341796875,9.280900001525879,9.452799797058105,9.624699592590332,9.796600341796875,9.968400001525879,10.140299797058105,10.312199592590332,10.484000205993652,10.655900001525879,10.827799797058105,10.999600410461426,11.171500205993652,11.343400001525879,11.515299797058105,11.687100410461426,11.859000205993652,12.030900001525879,12.202699661254883,12.374600410461426,12.546500205993652,12.718299865722656,12.890199661254883,13.062100410461426,13.23390007019043,13.405799865722656,13.577699661254883,13.749600410461426,13.92140007019043,14.093299865722656,14.265199661254883,14.437000274658203,14.60890007019043,14.780799865722656,14.95259952545166,15.124500274658203,15.29640007019043,15.468199729919434,15.64009952545166,15.812000274658203,15.98390007019043,16.15570068359375,16.327600479125977,16.499500274658203,16.671300888061523,16.84320068359375,17.015100479125977,17.186899185180664,17.358800888061523,17.53070068359375,17.702499389648438,17.874399185180664,18.046300888061523,18.21820068359375,18.389999389648438,18.561899185180664,18.733800888061523,18.90559959411621,19.077499389648438,19.249399185180664,19.421199798583984,19.59309959411621,19.764999389648438,19.936899185180664,20.108699798583984,20.28059959411621,20.452499389648438,20.624300003051758,20.796199798583984,20.96809959411621,21.13990020751953,21.311800003051758,21.483699798583984,21.65559959411621,21.82740020751953,21.999300003051758,22.171199798583984,22.343000411987305,22.51490020751953,22.686800003051758,22.858600616455078,23.030500411987305,23.20240020751953,23.37420082092285,23.546100616455078,23.718000411987305,23.889799118041992,24.06170082092285,24.233600616455078,24.405500411987305,24.577299118041992,24.74920082092285,24.921100616455078,25.092899322509766,25.264799118041992,25.43670082092285,25.60849952697754,25.780399322509766,25.952299118041992,26.12420082092285],"y":[0.0,0.4690999984741211,0.9319999814033508,1.388800024986267,1.8393000364303589,2.283600091934204,2.7218000888824463,3.153700113296509,3.5794999599456787,3.999000072479248,4.412399768829346,4.8196001052856445,5.220600128173828,5.6153998374938965,6.004000186920166,6.38640022277832,6.762599945068359,7.132599830627441,7.496500015258789,7.854100227355957,8.205499649047852,8.550800323486328,8.889900207519531,9.222700119018555,9.549400329589844,9.86989974975586,10.184200286865234,10.492199897766113,10.794099807739258,11.089799880981445,11.379400253295898,11.662699699401855,11.939800262451172,12.210700035095215,12.475500106811523,12.734000205993652,12.98639965057373,13.232500076293945,13.47249984741211,13.706299781799316,13.933899879455566,14.15530014038086,14.370499610900879,14.579500198364258,14.782299995422363,14.978899955749512,15.169300079345703,15.353500366210938,15.531599998474121,15.703399658203125,15.869099617004395,16.028499603271484,16.181800842285156,16.328899383544922,16.46980094909668,16.60449981689453,16.732999801635742,16.855300903320312,16.971399307250977,17.081300735473633,17.184999465942383,17.282499313354492,17.373899459838867,17.458999633789062,17.537900924682617,17.610700607299805,17.67729949951172,17.737600326538086,17.791799545288086,17.839799880981445,17.88159942626953,17.917200088500977,17.94659996032715,17.96980094909668,17.986799240112305,17.997600555419922,18.002300262451172,18.000699996948242,17.993000030517578,17.979000091552734,17.958900451660156,17.9325008392334,17.899999618530273,17.861299514770508,17.8164005279541,17.765300750732422,17.70800018310547,17.644500732421875,17.574800491333008,17.499000549316406,17.416900634765625,17.32859992980957,17.23419952392578,17.133499145507812,17.02669906616211,16.913700103759766,16.79439926147461,16.66900062561035,16.537399291992188,16.399599075317383,16.255599975585938,16.10540008544922,15.949000358581543,15.786399841308594,15.61769962310791,15.442700386047363,15.261500358581543,15.074199676513672,14.880599975585938,14.680899620056152,14.475000381469727,14.262900352478027,14.044500350952148,13.819999694824219,13.589300155639648,13.352399826049805,13.109299659729004,12.860099792480469,12.604599952697754,12.342900276184082,12.07509994506836,11.800999641418457,11.52079963684082,11.234299659729004,10.941699981689453,10.642900466918945,10.337800025939941,10.026599884033203,9.709199905395508,9.385600090026855,9.055800437927246,8.719799995422363,8.377699851989746,8.02929973602295,7.674699783325195,7.314000129699707,6.947000026702881,6.57390022277832,6.1946001052856445,5.809000015258789,5.417300224304199,5.019400119781494,4.615300178527832,4.204999923706055,3.7885000705718994,3.365799903869629,2.937000036239624,2.5018999576568604,2.0606000423431396,1.6131999492645264,1.159500002861023,0.6996999979019165,0.23360000550746918]},