{"params":{"v0":15,"theta_deg":35},"models":{"level1":{"x":[0.0,0.30869999527931213,0.6175000071525574,0.9261999726295471,1.2348999977111816,1.5435999631881714,1.8523999452590942,2.161099910736084,2.4697999954223633,2.7785000801086426,3.0873000621795654,3.3959999084472656,3.704699993133545,4.013400077819824,4.322199821472168,4.630899906158447,4.939599990844727,5.248300075531006,5.55709981918335,5.865799903869629,6.174499988555908,6.4832000732421875,6.791999816894531,7.1006999015808105,7.40939998626709,7.718100070953369,8.026900291442871,8.335599899291992,8.64430046081543,8.95300006866455,9.261799812316895,9.570500373840332,9.879199981689453,10.187899589538574,10.496700286865234,10.805399894714355,11.114100456237793,11.422800064086914,11.731599807739258,12.040300369262695,12.348999977111816,12.65779972076416,12.966500282287598,13.275199890136719,13.583900451660156,13.8927001953125,14.201399803161621,14.510100364685059,14.81879997253418,15.127599716186523,15.436300277709961,15.744999885559082,16.053699493408203,16.362499237060547,16.671199798583984,16.979900360107422,17.28860092163086,17.597400665283203,17.906099319458008,18.214799880981445,18.523500442504883,18.832300186157227,19.141000747680664,19.44969940185547,19.758399963378906,20.06719970703125,20.375900268554688,20.684600830078125,20.99329948425293,21.302099227905273],"y":[0.0,0.21310000121593475,0.41999998688697815,0.6205999851226807,0.8151000142097473,1.0033999681472778,1.1856000423431396,1.3615000247955322,1.5312000513076782,1.694700002670288,1.8521000146865845,2.003200054168701,2.148200035095215,2.286900043487549,2.4195001125335693,2.5459001064300537,2.6659998893737793,2.7799999713897705,2.8877999782562256,2.9893999099731445,3.0848000049591064,3.174099922180176,3.2571001052856445,3.333899974822998,3.4045000076293945,3.4690001010894775,3.5271999835968018,3.5792999267578125,3.625200033187866,3.664799928665161,3.6982998847961426,3.725600004196167,3.7467000484466553,3.7616000175476074,3.7702999114990234,3.7727999687194824,3.7690999507904053,3.759200096130371,3.7432000637054443,3.720900058746338,3.692500114440918,3.6577999591827393,3.617000102996826,3.5699000358581543,3.516700029373169,3.4572999477386475,3.391700029373169,3.3199000358581543,3.2418999671936035,3.1577000617980957,3.0673000812530518,2.9707000255584717,2.868000030517578,2.759000062942505,2.643899917602539,2.5225000381469727,2.3949999809265137,2.261199951171875,2.121299982070923,1.9752000570297241,1.8229000568389893,1.6643999814987183,1.4996999502182007,1.3287999629974365,1.1517000198364258,0.9684000015258789,0.7789000272750854,0.583299994468689,0.3813999891281128,0.17339999973773956]},"level2":{"x":[0.0,0.3077000081539154,0.6134999990463257,0.9172999858856201,1.2193000316619873,1.5194000005722046,1.8177000284194946,2.114300012588501,2.40910005569458,2.702199935913086,2.9937000274658203,3.2834999561309814,3.571700096130371,3.8584001064300537,4.143599987030029,4.427199840545654,4.7093000411987305,4.989999771118164,5.2692999839782715,5.547100067138672,5.823599815368652,6.098700046539307,6.372499942779541,6.644899845123291,6.916100025177002,7.1859002113342285,7.454500198364258,7.721799850463867,7.9878997802734375,8.252799987792969,8.516400337219238,8.778900146484375,9.040200233459473,9.300299644470215,9.559200286865234,9.817000389099121,10.073699951171875,10.32919979095459,10.583499908447266,10.836799621582031,11.088899612426758,11.339900016784668,11.589799880981445,11.838600158691406,12.086299896240234,12.332900047302246,12.578399658203125,12.822799682617188,13.066100120544434,13.308300018310547,13.549400329589844,13.789400100708008,14.028300285339355,14.26609992980957,14.502900123596191,14.738499641418457,14.972999572753906,15.206399917602539,15.438699722290039,15.669899940490723,15.899999618530273,16.1289005279541,16.356800079345703,16.583499908447266,16.809099197387695,17.03350067138672],"y":[0.0,0.21240000426769257,0.4171999990940094,0.6146000027656555,0.8046000003814697,0.9872999787330627,1.1627000570297241,1.330899953842163,1.4918999671936035,1.645799994468689,1.7927000522613525,1.9325000047683716,2.065500020980835,2.191499948501587,2.310699939727783,2.423099994659424,2.528700113296509,2.6275999546051025,2.7197999954223633,2.805299997329712,2.8842999935150146,2.956700086593628,3.0225000381469727,3.081899881362915,3.1347999572753906,3.181299924850464,3.221400022506714,3.2551000118255615,3.2825000286102295,3.303499937057495,3.3183000087738037,3.326900005340576,3.329200029373169,3.3254001140594482,3.3152999877929688,3.2992000579833984,3.276900053024292,3.2486000061035156,3.214200019836426,3.173799991607666,3.1273999214172363,3.075000047683716,3.0165998935699463,2.9523000717163086,2.882200002670288,2.8062000274658203,2.724299907684326,2.6366000175476074,2.543100118637085,2.4439001083374023,2.3389999866485596,2.228300094604492,2.111999988555908,1.9900000095367432,1.8624000549316406,1.729200005531311,1.590499997138977,1.4463000297546387,1.2964999675750732,1.1412999629974365,0.9807000160217285,0.8145999908447266,0.6431999802589417,0.46650001406669617,0.28439998626708984,0.09719999879598618]},"level3":{"x":[0.0,0.3077000081539154,0.6132000088691711,0.916700005531311,1.2182999849319458,1.517799973487854,1.8154000043869019,2.1112000942230225,2.4052000045776367,2.6972999572753906,2.9876999855041504,3.276400089263916,3.5634000301361084,3.84879994392395,4.132599830627441,4.41480016708374,4.695400238037109,4.974599838256836,5.252200126647949,5.52839994430542,5.803199768066406,6.076600074768066,6.348599910736084,6.619200229644775,6.888599872589111,7.156599998474121,7.423299789428711,7.688799858093262,7.953000068664551,8.215999603271484,8.477800369262695,8.738300323486328,8.99779987335205,9.255999565124512,9.513099670410156,9.769100189208984,10.02400016784668,10.277700424194336,10.530400276184082,10.781900405883789,11.032400131225586,11.281800270080566,11.530200004577637,11.77750015258789,12.023799896240234,12.269000053405762,12.513199806213379,12.75629997253418,12.998499870300293,13.23960018157959,13.479700088500977,13.718799591064453,13.956899642944336,14.193900108337402,14.430000305175781,14.66510009765625,14.899200439453125,15.132200241088867,15.364299774169922,15.59529972076416,15.825400352478027,16.054500579833984,16.282499313354492,16.509599685668945,16.735700607299805,16.9606990814209,17.184799194335938,17.407800674438477],"y":[0.0,0.21250000596046448,0.41760000586509705,0.6154999732971191,0.8062000274658203,0.9897000193595886,1.166100025177002,1.3355000019073486,1.4979000091552734,1.65339994430542,1.8020000457763672,1.9437999725341797,2.0787999629974365,2.2070999145507812,2.3287999629974365,2.443700075149536,2.5520999431610107,2.653899908065796,2.7492001056671143,2.8380000591278076,2.9203999042510986,2.996299982070923,3.0659000873565674,3.1291000843048096,3.1861000061035156,3.2367000579833984,3.281100034713745,3.3192999362945557,3.351300001144409,3.3770999908447266,3.3968000411987305,3.410399913787842,3.4179999828338623,3.4193999767303467,3.414900064468384,3.404400110244751,3.3877999782562256,3.3654000759124756,3.3369998931884766,3.3027000427246094,3.2625999450683594,3.216599941253662,3.164799928665161,3.1071999073028564,3.043800115585327,2.974600076675415,2.8998000621795654,2.819200038909912,2.7330000400543213,2.6410999298095703,2.5436999797821045,2.4405999183654785,2.3320000171661377,2.2177999019622803,2.098099946975708,1.9729000329971313,1.8423000574111938,1.7063000202178955,1.5648000240325928,1.4179999828338623,1.2659000158309937,1.1083999872207642,0.9456999897956848,0.7777000069618225,0.6044999957084656,0.4260999858379364,0.2425999939441681,0.05400000140070915]}}}