{"params":{"v0":10,"theta_deg":50},"models":{"level1":{"x":[0.0,0.1615000069141388,0.3230000138282776,0.484499990940094,0.6460000276565552,0.8075000047683716,0.968999981880188,1.1304999589920044,1.2920000553131104,1.4535000324249268,1.6150000095367432,1.7764999866485596,1.938099980354309,2.099600076675415,2.2611000537872314,2.422600030899048,2.5841000080108643,2.7455999851226807,2.907099962234497,3.0685999393463135,3.23009991645813,3.3915998935699463,3.553100109100342,3.714600086212158,3.8761000633239746,4.037600040435791,4.199100017547607,4.360599994659424,4.52209997177124,4.683599948883057,4.845099925994873,5.0065999031066895,5.168099880218506,5.329599857330322,5.491199970245361,5.652699947357178,5.814199924468994,5.9756999015808105,6.137199878692627,6.298699855804443,6.46019983291626,6.621699810028076,6.783199787139893,6.944699764251709,7.106200218200684,7.2677001953125,7.429200172424316,7.590700149536133,7.752200126647949,7.913700103759766,8.075200080871582,8.236700057983398,8.398200035095215,8.559700012207031,8.721199989318848,8.882699966430664,9.04419994354248,9.20580005645752,9.367300033569336,9.528800010681152,9.690299987792969,9.851799964904785,10.013299942016602],"y":[0.0,0.18940000236034393,0.3725999891757965,0.5496000051498413,0.720300018787384,0.8849999904632568,1.0434000492095947,1.1956000328063965,1.341599941253662,1.4814000129699707,1.6151000261306763,1.7424999475479126,1.863800048828125,1.9788000583648682,2.0876998901367188,2.1903998851776123,2.286900043487549,2.37719988822937,2.4612998962402344,2.5392000675201416,2.6108999252319336,2.6763999462127686,2.7356998920440674,2.788800001144409,2.8357999324798584,2.876499891281128,2.911099910736084,2.9393999576568604,2.9616000652313232,2.97760009765625,2.987299919128418,2.9909000396728516,2.988300085067749,2.9795000553131104,2.9644999504089355,2.9433000087738037,2.9159998893737793,2.8824000358581543,2.842600107192993,2.7967000007629395,2.744499921798706,2.686199903488159,2.6215999126434326,2.5508999824523926,2.4739999771118164,2.390899896621704,2.3015999794006348,2.2060999870300293,2.1043999195098877,1.996500015258789,1.8824000358581543,1.7620999813079834,1.635599970817566,1.503000020980835,1.3640999794006348,1.219099998474121,1.0678999423980713,0.9103999733924866,0.7468000054359436,0.5770000219345093,0.4009999930858612,0.21879999339580536,0.030400000512599945]},"level2":{"x":[0.0,0.16120000183582306,0.3215999901294708,0.4814000129699707,0.6406000256538391,0.7990999817848206,0.957099974155426,1.114400029182434,1.2711999416351318,1.427299976348877,1.5829999446868896,1.7381000518798828,1.892699956893921,2.046799898147583,2.2002999782562256,2.3533999919891357,2.5060999393463135,2.6582000255584717,2.809999942779541,2.961199998855591,3.1120998859405518,3.262500047683716,3.4124999046325684,3.5622000694274902,3.711400032043457,3.8601999282836914,4.008600234985352,4.156700134277344,4.304299831390381,4.451600074768066,4.598499774932861,4.745100021362305,4.891200065612793,5.0370001792907715,5.182499885559082,5.327499866485596,5.4721999168396,5.616499900817871,5.760499954223633,5.9039998054504395,6.0472002029418945,6.190000057220459,6.332399845123291,6.474400043487549,6.616000175476074,6.7571001052856445,6.897900104522705,7.038300037384033,7.178199768066406,7.317699909210205,7.4567999839782715,7.595399856567383,7.733500003814697,7.871200084686279,8.008500099182129,8.1451997756958,8.281499862670898,8.4173002243042,8.552599906921387,8.687399864196777],"y":[0.0,0.1889999955892563,0.3709999918937683,0.5460000038146973,0.7142000198364258,0.8755000233650208,1.0299999713897705,1.1778000593185425,1.3187999725341797,1.4530999660491943,1.5808000564575195,1.7019000053405762,1.8164000511169434,1.924299955368042,2.025700092315674,2.1205999851226807,2.2090001106262207,2.2908999919891357,2.366499900817871,2.4356000423431396,2.4983999729156494,2.554800033569336,2.60479998588562,2.6484999656677246,2.686000108718872,2.717099905014038,2.742000102996826,2.7606000900268555,2.7730000019073486,2.7792000770568848,2.7792000770568848,2.7730000019073486,2.7606000900268555,2.7421000003814697,2.717400074005127,2.6865999698638916,2.6496999263763428,2.606800079345703,2.5576999187469482,2.5025999546051025,2.4414000511169434,2.374300003051758,2.301100015640259,2.2219998836517334,2.1368000507354736,2.045799970626831,1.948799967765808,1.8459999561309814,1.7372000217437744,1.6226999759674072,1.5023000240325928,1.376099944114685,1.2440999746322632,1.1064000129699707,0.9628999829292297,0.8137999773025513,0.6589999794960022,0.4986000061035156,0.3325999975204468,0.16110000014305115]},"level3":{"x":[0.0,0.16110000014305115,0.321399986743927,0.48089998960494995,0.6396999955177307,0.7976999878883362,0.9550999999046326,1.1117000579833984,1.267699956893921,1.4229999780654907,1.5777000188827515,1.7317999601364136,1.8853000402450562,2.0381999015808105,2.1905999183654785,2.342400074005127,2.4937000274658203,2.6445000171661377,2.794800043106079,2.9446001052856445,3.093899965286255,3.242799997329712,3.3912999629974365,3.539299964904785,3.6868999004364014,3.8341000080108643,3.9809000492095947,4.127299785614014,4.2733001708984375,4.418900012969971,4.564199924468994,4.709099769592285,4.853700160980225,4.997900009155273,5.14169979095459,5.285200119018555,5.428400039672852,5.571199893951416,5.713600158691406,5.855800151824951,5.997600078582764,6.138999938964844,6.280099868774414,6.420899868011475,6.561299800872803,6.701399803161621,6.84119987487793,6.980599880218506,7.11959981918335,7.258299827575684,7.396699905395508,7.534599781036377,7.672299861907959,7.809500217437744,7.946400165557861,8.082900047302246,8.218999862670898,8.354700088500977,8.490099906921387,8.625,8.759599685668945],"y":[0.0,0.1889999955892563,0.37119999527931213,0.546500027179718,0.7149999737739563,0.876800000667572,1.0318000316619873,1.1801999807357788,1.3220000267028809,1.457200050354004,1.585800051689148,1.707900047302246,1.8235000371932983,1.9326000213623047,2.0353000164031982,2.1315999031066895,2.2214999198913574,2.3050999641418457,2.3822999000549316,2.453200101852417,2.5178000926971436,2.5761001110076904,2.628200054168701,2.6740000247955322,2.71370005607605,2.7471001148223877,2.774399995803833,2.7955000400543213,2.810499906539917,2.8192999362945557,2.822000026702881,2.8185999393463135,2.8090999126434326,2.793600082397461,2.7720000743865967,2.74429988861084,2.710700035095215,2.6710000038146973,2.6252999305725098,2.573699951171875,2.5160999298095703,2.452500104904175,2.3831000328063965,2.3076999187469482,2.2263998985290527,2.1393001079559326,2.046299934387207,1.9474999904632568,1.842900037765503,1.7325999736785889,1.6164000034332275,1.4946000576019287,1.3669999837875366,1.2337000370025635,1.0947999954223633,0.9502999782562256,0.8001999855041504,0.6445000171661377,0.48330000042915344,0.3165000081062317,0.14429999887943268]}}}