{"params":{"v0":10,"theta_deg":25},"models":{"level1":{"x":[0.0,0.22769999504089355,0.4553999900817871,0.6830999851226807,0.9108999967575073,1.1385999917984009,1.3662999868392944,1.593999981880188,1.8216999769210815,2.0494000911712646,2.2771999835968018,2.5048999786376953,2.732599973678589,2.9602999687194824,3.187999963760376,3.4156999588012695,3.643399953842163,3.8712000846862793,4.098899841308594,4.326600074768066,4.554299831390381,4.7820000648498535,5.009699821472168,5.237500190734863,5.465199947357178,5.69290018081665,5.920599937438965,6.1483001708984375,6.375999927520752,6.603799819946289,6.831500053405762,7.059199810028076,7.286900043487549,7.514599800109863,7.742300033569336],"y":[0.0,0.1031000018119812,0.20000000298023224,0.2906999886035919,0.3752000033855438,0.45350000262260437,0.525600016117096,0.5916000008583069,0.6513000130653381,0.7049000263214111,0.7522000074386597,0.79339998960495,0.8282999992370605,0.8571000099182129,0.8797000050544739,0.8960999846458435,0.9063000082969666,0.9103000164031982,0.9081000089645386,0.8996999859809875,0.8851000070571899,0.864300012588501,0.8374000191688538,0.8041999936103821,0.7649000287055969,0.7192999720573425,0.6675999760627747,0.6097000241279602,0.5454999804496765,0.47519999742507935,0.3986999988555908,0.3160000145435333,0.22709999978542328,0.13199999928474426,0.030700000002980232]},"level2":{"x":[0.0,0.2272000014781952,0.45350000262260437,0.6787999868392944,0.9031000137329102,1.1266000270843506,1.3490999937057495,1.5707999467849731,1.791599988937378,2.0114998817443848,2.2304999828338623,2.4488000869750977,2.666100025177002,2.882699966430664,3.0985000133514404,3.3134000301361084,3.527600049972534,3.7409000396728516,3.9535000324249268,4.165299892425537,4.376399993896484,4.586599826812744,4.79610013961792,5.004799842834473,5.212800025939941,5.420000076293945,5.626399993896484,5.832099914550781,6.0370001792907715,6.241199970245361,6.4446001052856445,6.647200107574463,6.848999977111816,7.050099849700928],"y":[0.0,0.10289999842643738,0.19910000264644623,0.2888000011444092,0.3718999922275543,0.44850000739097595,0.5185999870300293,0.5821999907493591,0.6394000053405762,0.6901999711990356,0.7346000075340271,0.7727000117301941,0.8044000267982483,0.8299000263214111,0.8489999771118164,0.8618999719619751,0.8686000108718872,0.8690999746322632,0.8633999824523926,0.8514999747276306,0.8335000276565552,0.8094000220298767,0.77920001745224,0.742900013923645,0.7006000280380249,0.6521999835968018,0.5978000164031982,0.5375000238418579,0.47119998931884766,0.39890000224113464,0.3208000063896179,0.23669999837875366,0.1467999964952469,0.051100000739097595]},"level3":{"x":[0.0,0.2272000014781952,0.45339998602867126,0.6784999966621399,0.9027000069618225,1.1258000135421753,1.348099946975708,1.5693999528884888,1.7898000478744507,2.0092999935150146,2.2279000282287598,2.4456000328063965,2.6624999046325684,2.8785998821258545,3.093899965286255,3.308300018310547,3.521899938583374,3.7346999645233154,3.9467999935150146,4.158100128173828,4.368599891662598,4.578400135040283,4.787399768829346,4.995699882507324,5.2032999992370605,5.410099983215332,5.616199970245361,5.821499824523926,6.026199817657471,6.230100154876709,6.433300018310547,6.635900020599365,6.837600231170654,7.038700103759766,7.239099979400635],"y":[0.0,0.10289999842643738,0.19939999282360077,0.28940001130104065,0.37299999594688416,0.45019999146461487,0.5210999846458435,0.5856999754905701,0.6438999772071838,0.695900022983551,0.741599977016449,0.7810999751091003,0.8144000172615051,0.8416000008583069,0.8626000285148621,0.8774999976158142,0.8863000273704529,0.8889999985694885,0.8855999708175659,0.8762000203132629,0.86080002784729,0.8393999934196472,0.8119999766349792,0.7786999940872192,0.7394000291824341,0.6942999958992004,0.6431999802589417,0.5863000154495239,0.5235999822616577,0.45500001311302185,0.3806000053882599,0.3005000054836273,0.21459999680519104,0.12290000170469284,0.025599999353289604]}}}