{"params":{"v0":15,"theta_deg":55},"models":{"level1":{"x":[0.0,0.21619999408721924,0.43230000138282776,0.6485000252723694,0.8647000193595886,1.080899953842163,1.2970000505447388,1.513200044631958,1.7294000387191772,1.9455000162124634,2.1617000102996826,2.3778998851776123,2.594099998474121,2.8101999759674072,3.026400089263916,3.2425999641418457,3.4588000774383545,3.6749000549316406,3.8910999298095703,4.1072998046875,4.323400020599365,4.539599895477295,4.755799770355225,4.9720001220703125,5.1880998611450195,5.404300212860107,5.620500087738037,5.836599826812744,6.052800178527832,6.269000053405762,6.485199928283691,6.701300144195557,6.917500019073486,7.133699893951416,7.349800109863281,7.565999984741211,7.782199859619141,7.9984002113342285,8.214500427246094,8.430700302124023,8.646900177001953,8.863100051879883,9.07919979095459,9.29539966583252,9.51159954071045,9.727700233459473,9.943900108337402,10.160099983215332,10.376299858093262,10.592399597167969,10.808600425720215,11.024800300598145,11.240900039672852,11.457099914550781,11.673299789428711,11.88949966430664,12.105600357055664,12.321800231933594,12.538000106811523,12.754199981689453,12.97029972076416,13.18649959564209,13.402700424194336,13.618800163269043,13.835000038146973,14.051199913024902,14.267399787902832,14.483499526977539,14.699700355529785,14.915900230407715,15.131999969482422,15.348199844360352,15.564399719238281,15.780599594116211,15.996700286865234,16.212900161743164,16.429100036621094,16.645200729370117,16.861400604248047,17.077600479125977,17.293800354003906,17.509899139404297,17.72610092163086,17.94230079650879,18.15850067138672,18.37459945678711,18.59079933166504,18.80699920654297,19.023099899291992,19.239299774169922,19.45549964904785,19.67169952392578,19.887800216674805,20.104000091552734,20.320199966430664,20.536300659179688,20.752500534057617,20.968700408935547,21.184900283813477,21.400999069213867],"y":[0.0,0.30559998750686646,0.6050999760627747,0.8982999920845032,1.1854000091552734,1.4661999940872192,1.7409000396728516,2.009399890899658,2.2716000080108643,2.5276999473571777,2.777600049972534,3.0213000774383545,3.2588000297546387,3.4900999069213867,3.7151999473571777,3.9342000484466553,4.146900177001953,4.353400230407715,4.553800106048584,4.747900009155273,4.9359002113342285,5.117700099945068,5.293300151824951,5.462600231170654,5.625800132751465,5.782800197601318,5.933599948883057,6.078199863433838,6.216700077056885,6.348899841308594,6.474899768829346,6.594699859619141,6.708399772644043,6.815800189971924,6.917099952697754,7.012199878692627,7.10099983215332,7.183700084686279,7.260200023651123,7.33050012588501,7.394599914550781,7.452499866485596,7.504199981689453,7.549699783325195,7.589099884033203,7.622200012207031,7.649199962615967,7.669899940490723,7.684500217437744,7.692800045013428,7.695000171661377,7.690999984741211,7.680799961090088,7.664400100708008,7.6417999267578125,7.61299991607666,7.578000068664551,7.536799907684326,7.4893999099731445,7.4359002113342285,7.376100063323975,7.310200214385986,7.23799991607666,7.1596999168396,7.075099945068359,6.984399795532227,6.887499809265137,6.78439998626709,6.675099849700928,6.559599876403809,6.437900066375732,6.309999942779541,6.175899982452393,6.035699844360352,5.889200210571289,5.736599922180176,5.577700138092041,5.412700176239014,5.241399765014648,5.064000129699707,4.88040018081665,4.6905999183654785,4.49459981918335,4.292399883270264,4.084000110626221,3.8694000244140625,3.6486001014709473,3.421600103378296,3.188499927520752,2.9491000175476074,2.7035999298095703,2.4518001079559326,2.1939001083374023,1.929800033569336,1.6593999862670898,1.3828999996185303,1.1002000570297241,0.8112999796867371,0.5162000060081482,0.21490000188350677]},"level2":{"x":[0.0,0.21549999713897705,0.4296000003814697,0.642300009727478,0.8537999987602234,1.0640000104904175,1.2730000019073486,1.4807000160217285,1.6872999668121338,1.892799973487854,2.097100019454956,2.3004000186920166,2.5025999546051025,2.703700065612793,2.903899908065796,3.103100061416626,3.301300048828125,3.4986000061035156,3.694999933242798,3.890500068664551,4.085100173950195,4.278900146484375,4.47189998626709,4.664100170135498,4.855400085449219,5.04610013961792,5.235899925231934,5.425099849700928,5.613500118255615,5.801199913024902,5.9882001876831055,6.174600124359131,6.360300064086914,6.545300006866455,6.729800224304199,6.913599967956543,7.096799850463867,7.279300212860107,7.461299896240234,7.6427001953125,7.823599815368652,8.003800392150879,8.183500289916992,8.362600326538086,8.541199684143066,8.719200134277344,8.896699905395508,9.073699951171875,9.250100135803223,9.42590045928955,9.601200103759766,9.776000022888184,9.950300216674805,10.12399959564209,10.297100067138672,10.469799995422363,10.641799926757812,10.813300132751465,10.984299659729004,11.15470027923584,11.324600219726562,11.493800163269043,11.662500381469727,11.830699920654297,11.998200416564941,12.165200233459473,12.331500053405762,12.497300148010254,12.662400245666504,12.82699966430664,12.990900039672852,13.154199600219727,13.316800117492676,13.478799819946289,13.640199661254883,13.80090045928955,13.96090030670166,14.12030029296875,14.279000282287598,14.437000274658203,14.594300270080566,14.750900268554688,14.906800270080566,15.06190013885498,15.216400146484375,15.370100021362305,15.523099899291992,15.675399780273438,15.826899528503418,15.97760009765625,16.127599716186523,16.276899337768555,16.42530059814453],"y":[0.0,0.3046000003814697,0.6011999845504761,0.8896999955177307,1.170199990272522,1.4428999423980713,1.707900047302246,1.9651000499725342,2.2146999835968018,2.4567999839782715,2.6912999153137207,2.9184999465942383,3.1382999420166016,3.350800037384033,3.555999994277954,3.7541000843048096,3.944999933242798,4.128900051116943,4.305699825286865,4.475599765777588,4.638500213623047,4.794600009918213,4.94379997253418,5.08620023727417,5.221799850463867,5.3506999015808105,5.4730000495910645,5.588500022888184,5.697500228881836,5.799900054931641,5.895699977874756,5.985000133514404,6.067699909210205,6.144100189208984,6.213900089263916,6.277400016784668,6.334499835968018,6.385200023651123,6.429500102996826,6.46750020980835,6.499199867248535,6.524700164794922,6.543799877166748,6.55679988861084,6.563499927520752,6.564000129699707,6.558300018310547,6.54640007019043,6.52839994430542,6.504300117492676,6.473999977111816,6.437699794769287,6.395299911499023,6.34689998626709,6.292399883270264,6.231900215148926,6.16540002822876,6.092899799346924,6.014500141143799,5.930200099945068,5.840000152587891,5.743800163269043,5.641900062561035,5.533999919891357,5.420400142669678,5.301000118255615,5.175899982452393,5.045000076293945,4.908400058746338,4.76609992980957,4.618199825286865,4.464700222015381,4.305600166320801,4.140900135040283,3.9707999229431152,3.795099973678589,3.614000082015991,3.427500009536743,3.2355000972747803,3.038300037384033,2.835700035095215,2.6277999877929688,2.4147000312805176,2.1963999271392822,1.9730000495910645,1.7444000244140625,1.510699987411499,1.2719999551773071,1.0283000469207764,0.7796000242233276,0.5260000228881836,0.26750001311302185,0.00419999985024333]},