{"params":{"v0":30,"theta_deg":25},"models":{"level1":{"x":[0.0,0.6830999851226807,1.3662999868392944,2.0494000911712646,2.732599973678589,3.4156999588012695,4.098899841308594,4.7820000648498535,5.465199947357178,6.1483001708984375,6.831500053405762,7.514599800109863,8.197799682617188,8.880900382995605,9.56410026550293,10.247200012207031,10.930299758911133,11.613499641418457,12.296600341796875,12.9798002243042,13.6628999710083,14.346099853515625,15.029199600219727,15.712400436401367,16.39550018310547,17.078699111938477,17.76180076599121,18.44499969482422,19.12809944152832,19.81130027770996,20.494400024414062,21.177499771118164,21.860700607299805,22.543800354003906,23.226999282836914,23.91010093688965,24.593299865722656,25.276399612426758,25.9596004486084,26.6427001953125,27.325899124145508,28.009000778198242,28.69219970703125,29.37529945373535,30.058500289916992,30.741600036621094,31.424699783325195,32.1078987121582,32.79100036621094,33.47420120239258,34.15729904174805,34.84049987792969,35.52360153198242,36.2067985534668,36.88990020751953,37.57310104370117,38.25619888305664,38.93939971923828,39.622501373291016,40.30569839477539,40.988800048828125,41.672000885009766,42.355098724365234,43.03820037841797,43.72140121459961,44.40449905395508,45.08769989013672,45.77080154418945,46.45399856567383,47.13710021972656,47.8203010559082,48.50339889526367,49.18659973144531,49.86970138549805,50.552799224853516,51.236000061035156,51.91910171508789,52.602298736572266,53.285400390625,53.96860122680664,54.65169906616211,55.33489990234375,56.018001556396484,56.70119857788086,57.384300231933594,58.06740188598633,58.7505989074707,59.43370056152344,60.11690139770508,60.79999923706055,61.48320007324219,62.16630172729492,62.8494987487793,63.53260040283203,64.2157974243164,64.8989028930664,65.58209991455078,66.26519775390625,66.94840240478516,67.63150024414062,68.3145980834961,68.997802734375,69.68090057373047],"y":[0.0,0.3154999911785126,0.6247000098228455,0.9277999997138977,1.2246999740600586,1.5154000520706177,1.7999000549316406,2.078200101852417,2.3503000736236572,2.6161999702453613,2.8759000301361084,3.1294000148773193,3.376800060272217,3.6178998947143555,3.8529000282287598,4.081600189208984,4.304200172424316,4.520599842071533,4.7307000160217285,4.934700012207031,5.132500171661377,5.324100017547607,5.509500026702881,5.688700199127197,5.861800193786621,6.028600215911865,6.189199924468994,6.343699932098389,6.4918999671936035,6.633999824523926,6.769800186157227,6.899499893188477,7.0229997634887695,7.1402997970581055,7.251399993896484,7.356200218200684,7.454999923706055,7.547500133514404,7.633800029754639,7.713900089263916,7.787799835205078,7.855599880218506,7.917099952697754,7.972499847412109,8.021599769592285,8.064599990844727,8.101400375366211,8.131999969482422,8.156299591064453,8.174500465393066,8.18649959564209,8.192399978637695,8.192000389099121,8.185400009155273,8.172599792480469,8.15369987487793,8.128499984741211,8.097200393676758,8.059599876403809,8.015899658203125,7.96589994430542,7.909800052642822,7.847499847412109,7.7789998054504395,7.7042999267578125,7.6234002113342285,7.536300182342529,7.442999839782715,7.343599796295166,7.2378997802734375,7.125999927520752,7.007999897003174,6.883800029754639,6.753300189971924,6.616700172424316,6.473899841308594,6.324900150299072,6.169600009918213,6.008200168609619,5.84060001373291,5.666900157928467,5.4868998527526855,5.3007001876831055,5.10830020904541,4.909800052642822,4.704999923706055,4.494100093841553,4.276899814605713,4.053599834442139,3.8241000175476074,3.588399887084961,3.346400022506714,3.098299980163574,2.8440001010894775,2.5834999084472656,2.3169000148773193,2.0439999103546143,1.7648999691009521,1.479599952697754,1.1881999969482422,0.890500009059906,0.5867000222206116,0.2766000032424927]},"level2":{"x":[0.0,0.6786999702453613,1.3487999439239502,2.010499954223633,2.664099931716919,3.3097000122070312,3.9475998878479004,4.578000068664551,5.201099872589111,5.816999912261963,6.426000118255615,7.028299808502197,7.624000072479248,8.213199615478516,8.796199798583984,9.373100280761719,9.944000244140625,10.509099960327148,11.068499565124512,11.622300148010254,12.170599937438965,12.713700294494629,13.25160026550293,13.784299850463867,14.312100410461426,14.835000038146973,15.353099822998047,15.866600036621094,16.37540054321289,16.87980079650879,17.37969970703125,17.87529945373535,18.36669921875,18.853900909423828,19.337099075317383,19.816200256347656,20.29129981994629,20.76259994506836,21.230100631713867,21.69379997253418,22.153900146484375,22.610300064086914,23.063100814819336,23.512399673461914,23.95829963684082,24.400699615478516,24.839799880981445,25.27560043334961,25.708099365234375,26.137399673461914,26.563499450683594,26.986400604248047,27.406299591064453,27.82309913635254,28.236900329589844,28.6476993560791,29.055500030517578,29.460399627685547,29.86240005493164,30.261600494384766,30.657899856567383,31.05150032043457,31.44230079650879,31.830299377441406,32.215599060058594,32.598201751708984,32.97819900512695,33.355499267578125,33.730201721191406,34.102298736572266,34.4718017578125,34.83869934082031,35.20309829711914,35.564998626708984,35.924400329589844,36.28129959106445,36.63570022583008,36.987701416015625,37.33720016479492,37.68429946899414,38.02899932861328,38.371299743652344,38.71120071411133,39.04880142211914,39.38399887084961,39.716800689697266,40.047401428222656,40.3755989074707],"y":[0.0,0.313400000333786,0.6166999936103821,0.9100000262260437,1.193600058555603,1.4674999713897705,1.7319999933242798,1.9873000383377075,2.2334001064300537,2.470599889755249,2.698899984359741,2.918600082397461,3.1296000480651855,3.3322999477386475,3.526599884033203,3.7128000259399414,3.8907999992370605,4.0609002113342285,4.223100185394287,4.377500057220459,4.524199962615967,4.663300037384033,4.795000076293945,4.9191999435424805,5.036099910736084,5.1458001136779785,5.248300075531006,5.343699932098389,5.43209981918335,5.513599872589111,5.588099956512451,5.655900001525879,5.716899871826172,5.771200180053711,5.818900108337402,5.860099792480469,5.894700050354004,5.922900199890137,5.944699764251709,5.960100173950195,5.969299793243408,5.9721999168396,5.968900203704834,5.959499835968018,5.943999767303467,5.922399997711182,5.894800186157227,5.861299991607666,5.821800231933594,5.776500225067139,5.725299835205078,5.668399810791016,5.6057000160217285,5.537199974060059,5.463099956512451,5.383399963378906,5.298099994659424,5.207200050354004,5.110799789428711,5.008900165557861,4.901500225067139,4.788700103759766,4.670599937438965,4.547100067138672,4.418300151824951,4.284299850463867,4.144999980926514,4.000500202178955,3.850800037384033,3.696000099182129,3.536099910736084,3.3710999488830566,3.2011001110076904,3.02620005607605,2.8461999893188477,2.661400079727173,2.47160005569458,2.2769999504089355,2.077500104904175,1.8732999563217163,1.6642999649047852,1.450600028038025,1.232200026512146,1.0091999769210815,0.781499981880188,0.5491999983787537,0.3125,0.07119999825954437]},