{"params":{"v0":30,"theta_deg":40},"models":{"level1":{"x":[0.0,0.5774000287055969,1.1548000574111938,1.732300043106079,2.3097000122070312,2.8870999813079834,3.4644999504089355,4.041900157928467,4.6194000244140625,5.196800231933594,5.774199962615967,6.351600170135498,6.928999900817871,7.506499767303467,8.083900451660156,8.661299705505371,9.238699913024902,9.816100120544434,10.393600463867188,10.970999717712402,11.548399925231934,12.125800132751465,12.703300476074219,13.280699729919434,13.858099937438965,14.435500144958496,15.012900352478027,15.590399742126465,16.167800903320312,16.74519920349121,17.322599411010742,17.899999618530273,18.477500915527344,19.054899215698242,19.632299423217773,20.209699630737305,20.787099838256836,21.364599227905273,21.941999435424805,22.519399642944336,23.096799850463867,23.6742000579834,24.251699447631836,24.829099655151367,25.4064998626709,25.98390007019043,26.56130027770996,27.1387996673584,27.71619987487793,28.29360008239746,28.871000289916992,29.448400497436523,30.02589988708496,30.603300094604492,31.180700302124023,31.758100509643555,32.335601806640625,32.91299819946289,33.49039840698242,34.06779861450195,34.645198822021484,35.222599029541016,35.80009841918945,36.377498626708984,36.954898834228516,37.53229904174805,38.109798431396484,38.687198638916016,39.26459884643555,39.84199905395508,40.41939926147461,40.99689865112305,41.57429885864258,42.15169906616211,42.72909927368164,43.30649948120117,43.88399887084961,44.46139907836914,45.03879928588867,45.6161994934082,46.193599700927734,46.77109909057617,47.3484992980957,47.925899505615234,48.503299713134766,49.0806999206543,49.658199310302734,50.235599517822266,50.8129997253418,51.39039993286133,51.96780014038086,52.5452995300293,53.12269973754883,53.70009994506836,54.27750015258789,54.85490036010742,55.43239974975586,56.00979995727539,56.58720016479492,57.16460037231445,57.742000579833984,58.31949996948242,58.89690017700195,59.474300384521484,60.051700592041016,60.62919998168945,61.206600189208984,61.784000396728516,62.36140060424805,62.93880081176758,63.516300201416016,64.09369659423828,64.67109680175781,65.24849700927734,65.82599639892578,66.40339660644531,66.98079681396484,67.55819702148438,68.1355972290039,68.71299743652344,69.29049682617188,69.8678970336914,70.44529724121094,71.02269744873047,71.60009765625,72.17759704589844,72.75499725341797,73.3323974609375,73.90979766845703,74.48719787597656,75.064697265625,75.64209747314453,76.21949768066406,76.7968978881836,77.37429809570312,77.95179748535156,78.5291976928711,79.10659790039062,79.68399810791016,80.26139831542969,80.83889770507812,81.41629791259766,81.99369812011719,82.57109832763672,83.14849853515625,83.72599792480469,84.30339813232422,84.88079833984375,85.45819854736328,86.03559875488281,86.61309814453125,87.19049835205078,87.76789855957031,88.34529876708984,88.92279815673828,89.50019836425781,90.07759857177734],"y":[0.0,0.4814000129699707,0.95660001039505,1.4256999492645264,1.8884999752044678,2.3452000617980957,2.795599937438965,3.2399001121520996,3.6779000759124756,4.109799861907959,4.5355000495910645,4.954999923706055,5.368299961090088,5.775400161743164,6.176300048828125,6.571000099182129,6.959499835968018,7.341800212860107,7.7179999351501465,8.087900161743164,8.451700210571289,8.809200286865234,9.160599708557129,9.50570011138916,9.84469985961914,10.177499771118164,10.50409984588623,10.82450008392334,11.138699531555176,11.446700096130371,11.748499870300293,12.04419994354248,12.333600044250488,12.616800308227539,12.893899917602539,13.16469955444336,13.429400444030762,13.687899589538574,13.940099716186523,14.186200141906738,14.42609977722168,14.659799575805664,14.887299537658691,15.108599662780762,15.323699951171875,15.532699584960938,15.735400199890137,15.931900024414062,16.122299194335938,16.306400299072266,16.484399795532227,16.656099319458008,16.821699142456055,16.98110008239746,17.134300231933594,17.281299591064453,17.422100067138672,17.556699752807617,17.685100555419922,17.807300567626953,17.92340087890625,18.033199310302734,18.13680076599121,18.23430061340332,18.32550048828125,18.410600662231445,18.489500045776367,18.56220054626465,18.628599166870117,18.688899993896484,18.743000030517578,18.7908992767334,18.832599639892578,18.868200302124023,18.897499084472656,18.92060089111328,18.937599182128906,18.948299407958984,18.952899932861328,18.951200485229492,18.94339942932129,18.929399490356445,18.909099578857422,18.882699966430664,18.850099563598633,18.81130027770996,18.766300201416016,18.715200424194336,18.657800674438477,18.594200134277344,18.52440071105957,18.44849967956543,18.366300582885742,18.277999877929688,18.183500289916992,18.082700729370117,17.975799560546875,17.862699508666992,17.74340057373047,17.617900848388672,17.4862003326416,17.34830093383789,17.204200744628906,17.054000854492188,16.897499084472656,16.734800338745117,16.56599998474121,16.391000747680664,16.209699630737305,16.022300720214844,15.828700065612793,15.628800392150879,15.422800064086914,15.210599899291992,14.992199897766113,14.767600059509277,14.53689956665039,14.29990005493164,14.056699752807617,13.80739974975586,13.551799774169922,13.29010009765625,13.022100448608398,12.748000144958496,12.467700004577637,12.18120002746582,11.888400077819824,11.589500427246094,11.28439998626709,10.973099708557129,10.655699729919434,10.331999778747559,10.002099990844727,9.666000366210938,9.323800086975098,8.975299835205078,8.620699882507324,8.259900093078613,7.8927998542785645,7.519599914550781,7.140200138092041,6.7546000480651855,6.362800121307373,5.964799880981445,5.5605998039245605,5.150199890136719,4.733699798583984,4.3109002113342285,3.8819000720977783,3.4467999935150146,3.0053999423980713,2.5578999519348145,2.1041998863220215,1.6441999673843384,1.1780999898910522,0.7057999968528748,0.2273000031709671]},