{"params":{"v0":20,"theta_deg":75},"models":{"level1":{"x":[0.0,0.13009999692440033,0.26010000705718994,0.3901999890804291,0.5202000141143799,0.6503000259399414,0.7803999781608582,0.9103999733924866,1.0405000448226929,1.1705000400543213,1.3006000518798828,1.4306999444961548,1.5607000589370728,1.6907999515533447,1.8207999467849731,1.9508999586105347,2.0810000896453857,2.2109999656677246,2.341099977493286,2.471100091934204,2.6012001037597656,2.731300115585327,2.861299991607666,2.9914000034332275,3.1214001178741455,3.251499891281128,3.3815999031066895,3.5116000175476074,3.641700029373169,3.771699905395508,3.9017999172210693,4.031899929046631,4.161900043487549,4.291999816894531,4.421999931335449,4.55210018157959,4.682199954986572,4.81220006942749,4.942299842834473,5.072299957275391,5.202400207519531,5.332499980926514,5.462500095367432,5.592599868774414,5.722599983215332,5.852700233459473,5.982800006866455,6.112800121307373,6.2428998947143555,6.372900009155273,6.502999782562256,6.6331000328063965,6.7631001472473145,6.893199920654297,7.023200035095215,7.153299808502197,7.283400058746338,7.413400173187256,7.543499946594238,7.673500061035156,7.803599834442139,7.933599948883057,8.063699722290039,8.19379997253418,8.323800086975098,8.453900337219238,8.583900451660156,8.71399974822998,8.844099998474121,8.974100112915039,9.10420036315918,9.234199523925781,9.364299774169922,9.494400024414062,9.62440013885498,9.754500389099121,9.884499549865723,10.014599800109863,10.144700050354004,10.274700164794922,10.404800415039062,10.534799575805664,10.664899826049805,10.795000076293945,10.925000190734863,11.055100440979004,11.185099601745605,11.315199851989746,11.445300102233887,11.575300216674805,11.705400466918945,11.835399627685547,11.965499877929688,12.095600128173828,12.225600242614746,12.35569953918457,12.485699653625488,12.615799903869629,12.74590015411377,12.875900268554688,13.005999565124512,13.13599967956543,13.26609992980957,13.396200180053711,13.526200294494629,13.656299591064453,13.786299705505371,13.916399955749512,14.046500205993652,14.17650032043457,14.306599617004395,14.436599731445312,14.566699981689453,14.696800231933594,14.826800346374512,14.956899642944336,15.086899757385254,15.217000007629395,15.347100257873535,15.477100372314453,15.607199668884277,15.737199783325195,15.867300033569336,15.997400283813477,16.127399444580078,16.25749969482422,16.387500762939453,16.51759910583496,16.6476993560791,16.777700424194336,16.907800674438477,17.037799835205078,17.16790008544922,17.29800033569336,17.42799949645996,17.5580997467041,17.688100814819336,17.818199157714844,17.948299407958984,18.07830047607422,18.20840072631836,18.33839988708496,18.4685001373291,18.598600387573242,18.728599548339844,18.858699798583984,18.98870086669922,19.118799209594727,19.248899459838867,19.3789005279541,19.509000778198242,19.638999938964844,19.769100189208984,19.899200439453125,20.029199600219727,20.159299850463867,20.2893009185791],"y":[0.0,0.4823000133037567,0.9584000110626221,1.4283000230789185,1.8919999599456787,2.3494999408721924,2.8008999824523926,3.246000051498413,3.6849000453948975,4.117700099945068,4.5441999435424805,4.964600086212158,5.378799915313721,5.786799907684326,6.188499927520752,6.584099769592285,6.973499774932861,7.3566999435424805,7.733699798583984,8.104599952697754,8.469200134277344,8.82759952545166,9.179900169372559,9.525899887084961,9.865799903869629,10.199399948120117,10.526900291442871,10.848199844360352,11.163200378417969,11.472100257873535,11.774800300598145,12.07129955291748,12.361599922180176,12.64579963684082,12.923700332641602,13.19540023803711,13.46090030670166,13.72029972076416,13.973400115966797,14.220399856567383,14.461199760437012,14.695699691772461,14.924099922180176,15.146300315856934,15.362299919128418,15.572099685668945,15.775699615478516,15.973099708557129,16.1643009185791,16.34939956665039,16.528200149536133,16.7007999420166,16.867300033569336,17.027599334716797,17.18160057067871,17.329500198364258,17.471200942993164,17.606599807739258,17.73590087890625,17.858999252319336,17.975900650024414,18.086599349975586,18.191200256347656,18.289499282836914,18.38159942626953,18.467599868774414,18.547300338745117,18.620899200439453,18.688199996948242,18.749399185180664,18.804399490356445,18.853099822998047,18.895700454711914,18.932100296020508,18.962299346923828,18.986299514770508,19.004199981689453,19.01580047607422,19.02120018005371,19.02039909362793,19.013500213623047,19.00029945373535,18.981000900268555,18.95549964904785,18.9237003326416,18.885799407958984,18.841699600219727,18.791400909423828,18.734899520874023,18.672199249267578,18.603300094604492,18.528200149536133,18.44700050354004,18.359500885009766,18.26580047607422,18.166000366210938,18.059900283813477,17.94770050048828,17.829299926757812,17.704599380493164,17.57379913330078,17.436800003051758,17.29360008239746,17.14419937133789,16.98859977722168,16.826799392700195,16.658899307250977,16.484699249267578,16.30430030822754,16.117799758911133,15.925000190734863,15.726099967956543,15.520999908447266,15.309700012207031,15.092100143432617,14.868399620056152,14.638500213623047,14.402400016784668,14.160099983215332,13.911700248718262,13.656999588012695,13.396100044250488,13.128999710083008,12.855799674987793,12.576299667358398,12.29069995880127,11.998900413513184,11.700799942016602,11.396599769592285,11.086199760437012,10.769599914550781,10.446800231933594,10.117799758911133,9.782600402832031,9.441200256347656,9.093700408935547,8.739899635314941,8.380000114440918,8.013799667358398,7.641499996185303,7.262899875640869,6.878200054168701,6.487299919128418,6.090199947357178,5.6869001388549805,5.277299880981445,4.861599922180176,4.439799785614014,4.01170015335083,3.577399969100952,3.136899948120117,2.6902999877929688,2.2374000549316406,1.77839994430542,1.313099980354309,0.84170001745224,0.36410000920295715]},