{"params":{"v0":10,"theta_deg":75},"models":{"level1":{"x":[0.0,0.06499999761581421,0.13009999692440033,0.19509999454021454,0.26010000705718994,0.32510000467300415,0.3901999890804291,0.4551999866962433,0.5202000141143799,0.5853000283241272,0.6503000259399414,0.7153000235557556,0.7803999781608582,0.8453999757766724,0.9103999733924866,0.9753999710083008,1.0405000448226929,1.1054999828338623,1.1705000400543213,1.2355999946594238,1.3006000518798828,1.3655999898910522,1.4306999444961548,1.4957000017166138,1.5607000589370728,1.6256999969482422,1.6907999515533447,1.7558000087738037,1.8207999467849731,1.8859000205993652,1.9508999586105347,2.015899896621704,2.0810000896453857,2.1459999084472656,2.2109999656677246,2.2760000228881836,2.341099977493286,2.406100034713745,2.471100091934204,2.5362000465393066,2.6012001037597656,2.6661999225616455,2.731300115585327,2.796299934387207,2.861299991607666,2.926300048828125,2.9914000034332275,3.0564000606536865,3.1214001178741455,3.186500072479248,3.251499891281128,3.316499948501587,3.3815999031066895,3.4465999603271484,3.5116000175476074,3.5766000747680664,3.641700029373169,3.706700086593628,3.771699905395508,3.8368000984191895,3.9017999172210693,3.9667999744415283,4.031899929046631,4.09689998626709,4.161900043487549,4.226900100708008,4.291999816894531,4.35699987411499,4.421999931335449,4.487100124359131,4.55210018157959,4.617099761962891,4.682199954986572,4.747200012207031,4.81220006942749,4.877200126647949,4.942299842834473,5.007299900054932,5.072299957275391],"y":[0.0,0.23960000276565552,0.4729999899864197,0.7002000212669373,0.9211999773979187,1.1361000537872314,1.3446999788284302,1.5470999479293823,1.743399977684021,1.93340003490448,2.117300033569336,2.2950000762939453,2.466399908065796,2.631700038909912,2.790800094604492,2.943700075149536,3.090399980545044,3.2309000492095947,3.3652000427246094,3.4934000968933105,3.615299940109253,3.7309999465942383,3.84060001373291,3.9439001083374023,4.041100025177002,4.1321001052856445,4.216800212860107,4.295400142669678,4.367800235748291,4.434000015258789,4.49399995803833,4.547800064086914,4.595399856567383,4.6367998123168945,4.671999931335449,4.701099872589111,4.723899841308594,4.740600109100342,4.750999927520752,4.755300045013428,4.753399848937988,4.745200157165527,4.730899810791016,4.710400104522705,4.683700084686279,4.6508002281188965,4.611700057983398,4.566500186920166,4.514999866485596,4.457300186157227,4.393499851226807,4.323400020599365,4.247200012207031,4.164700031280518,4.076099872589111,3.981300115585327,3.880199909210205,3.7730000019073486,3.659600019454956,3.5399999618530273,3.4142000675201416,3.2822999954223633,3.1440999507904053,2.9997000694274902,2.849100112915039,2.6923999786376953,2.529400110244751,2.360300064086914,2.184999942779541,2.0034000873565674,1.8157000541687012,1.6217999458312988,1.4217000007629395,1.215399980545044,1.0029000043869019,0.7842000126838684,0.5593000054359436,0.32829999923706055,0.09099999815225601]},"level2":{"x":[0.0,0.0649000033736229,0.12950000166893005,0.193900004029274,0.257999986410141,0.32179999351501465,0.3853999972343445,0.4487999975681305,0.5120000243186951,0.5748999714851379,0.6376000046730042,0.7002000212669373,0.762499988079071,0.8246999979019165,0.8866999745368958,0.9484999775886536,1.01010000705719,1.0715999603271484,1.1330000162124634,1.194200038909912,1.2553000450134277,1.3162000179290771,1.3769999742507935,1.4377000331878662,1.4982999563217163,1.5587999820709229,1.6190999746322632,1.6793999671936035,1.7395999431610107,1.7997000217437744,1.8596999645233154,1.919700026512146,1.979599952697754,2.039400100708008,2.099100112915039,2.158799886703491,2.218400001525879,2.277899980545044,2.337399959564209,2.3968000411987305,2.456199884414673,2.515500068664551,2.574700117111206,2.6338999271392822,2.693000078201294,2.752000093460083,2.8108999729156494,2.869800090789795,2.9286000728607178,2.987299919128418,3.045799970626831,3.104300022125244,3.1626999378204346,3.2209999561309814,3.2792000770568848,3.3371999263763428,3.3951001167297363,3.452899932861328,3.5106000900268555,3.5680999755859375,3.6254000663757324,3.6826999187469482,3.7397000789642334,3.796600103378296,3.8533999919891357,3.9100000858306885,3.966399908065796,4.022600173950195,4.07859992980957,4.134500026702881,4.190199851989746,4.24560022354126,4.300899982452393,4.355999946594238,4.410900115966797,4.4654998779296875],"y":[0.0,0.23909999430179596,0.47099998593330383,0.6956999897956848,0.9133999943733215,1.1240999698638916,1.3278000354766846,1.5246000289916992,1.7144999504089355,1.8976000547409058,2.073899984359741,2.2434000968933105,2.4063000679016113,2.5625,2.7119998931884766,2.8550000190734863,2.9914000034332275,3.121299982070923,3.2446000576019287,3.3615000247955322,3.4719998836517334,3.5759999752044678,3.6735999584198,3.764899969100952,3.8498001098632812,3.9284000396728516,4.0005998611450195,4.066500186920166,4.126200199127197,4.179599761962891,4.2266998291015625,4.267600059509277,4.302199840545654,4.330599784851074,4.352799892425537,4.36870002746582,4.378499984741211,4.381999969482422,4.37939977645874,4.37060022354126,4.355599880218506,4.334400177001953,4.30709981918335,4.273600101470947,4.23390007019043,4.1880998611450195,4.136199951171875,4.078199863433838,4.013999938964844,3.9437999725341797,3.867500066757202,3.785099983215332,3.696700096130371,3.602299928665161,3.5018999576568604,3.3954999446868896,3.283099889755249,3.164799928665161,3.040600061416626,2.9105000495910645,2.774600028991699,2.6328001022338867,2.4851999282836914,2.3317999839782715,2.1726999282836914,2.0078999996185303,1.837399959564209,1.6612000465393066,1.4795000553131104,1.292099952697754,1.0992000102996826,0.9007999897003174,0.6970000267028809,0.4876999855041504,0.27300000190734863,0.05299999937415123]},"level3":{"x":[0.0,0.06480000168085098,0.12919999659061432,0.1932000070810318,0.25679999589920044,0.3199999928474426,0.38280001282691956,0.44530001282691956,0.5074999928474426,0.5692999958992004,0.6308000087738037,0.6919999718666077,0.7529000043869019,0.8134999871253967,0.8738999962806702,0.9340000152587891,0.9937999844551086,1.0535000562667847,1.1128000020980835,1.1720000505447388,1.2309999465942383,1.2898000478744507,1.3483999967575073,1.4068000316619873,1.4651000499725342,1.5232000350952148,1.5810999870300293,1.6389000415802002,1.6965999603271484,1.7541999816894531,1.8116999864578247,1.8690999746322632,1.9263999462127686,1.9835000038146973,2.0406999588012695,2.0977001190185547,2.1547000408172607,2.2116000652313232,2.268399953842163,2.3252999782562256,2.381999969482422,2.438699960708618,2.4953999519348145,2.552000045776367,2.608599901199341,2.66510009765625,2.72160005569458,2.7780001163482666,2.834399938583374,2.8907999992370605,2.9470999240875244,3.0034000873565674,3.0596001148223877,3.115799903869629,3.1719000339508057,3.2279999256134033,3.2839999198913574,3.3399999141693115,3.3959999084472656,3.4518001079559326,3.507699966430664,3.5634000301361084,3.6191999912261963,3.674799919128418,3.7304000854492188,3.785900115966797,3.841399908065796,3.8968000411987305,3.952199935913086,4.007400035858154,4.062600135803223,4.117800235748291,4.172800064086914,4.227799892425537,4.282700061798096,4.337600231170654],