{"params":{"v0":40,"theta_deg":45},"models":{"level1":{"x":[0.0,0.7106999754905701,1.4213000535964966,2.131999969482422,2.842600107192993,3.553299903869629,4.263999938964844,4.974599838256836,5.685299873352051,6.395899772644043,7.106599807739258,7.817299842834473,8.527899742126465,9.23859977722168,9.949199676513672,10.659899711608887,11.370599746704102,12.081199645996094,12.791899681091309,13.5024995803833,14.213199615478516,14.92389965057373,15.634499549865723,16.345199584960938,17.05579948425293,17.76650047302246,18.47719955444336,19.18779945373535,19.898500442504883,20.609100341796875,21.319799423217773,22.030500411987305,22.741100311279297,23.451799392700195,24.162399291992188,24.87310028076172,25.583799362182617,26.29439926147461,27.00510025024414,27.715700149536133,28.42639923095703,29.137100219726562,29.847700119018555,30.558399200439453,31.268999099731445,31.979700088500977,32.690399169921875,33.4010009765625,34.111698150634766,34.82229995727539,35.53300094604492,36.24369812011719,36.95429992675781,37.665000915527344,38.3755989074707,39.086299896240234,39.797000885009766,40.507598876953125,41.218299865722656,41.92890167236328,42.63959884643555,43.35029983520508,44.0609016418457,44.77159881591797,45.482200622558594,46.192901611328125,46.90359878540039,47.614200592041016,48.32490158081055,49.03559875488281,49.74620056152344,50.45690155029297,51.16749954223633,51.87820053100586,52.58879852294922,53.29949951171875,54.01020050048828,54.72079849243164,55.43149948120117,56.1421012878418,56.85279846191406,57.563499450683594,58.27410125732422,58.984798431396484,59.69540023803711,60.40610122680664,61.116798400878906,61.82740020751953,62.53810119628906,63.24869918823242,63.95940017700195,64.67009735107422,65.38069915771484,66.09140014648438,66.802001953125,67.51270294189453,68.22339630126953,68.93399810791016,69.64469909667969,70.35530090332031,71.06600189208984,71.77670288085938,72.48729705810547,73.197998046875,73.90859985351562,74.61930084228516,75.33000183105469,76.04060363769531,76.75129699707031,77.46189880371094,78.17259979248047,78.88330078125,79.59390258789062,80.30460357666016,81.01519775390625,81.72589874267578,82.43659973144531,83.14720153808594,83.85790252685547,84.56849670410156,85.2791976928711,85.98989868164062,86.70050048828125,87.41120147705078,88.1218032836914,88.8324966430664,89.54319763183594,90.25379943847656,90.9645004272461,91.67510223388672,92.38580322265625,93.09649658203125,93.80709838867188,94.5177993774414,95.22840118408203,95.93910217285156,96.6498031616211,97.36039733886719,98.07109832763672,98.78170013427734,99.49240112304688,100.2031021118164,100.9136962890625,101.62439727783203,102.33499908447266,103.04570007324219,103.75640106201172,104.46700286865234,105.17769622802734,105.88839721679688,106.5989990234375,107.30970001220703,108.02030181884766,108.73100280761719,109.44159698486328,110.15229797363281,110.86299896240234,111.57360076904297,112.2843017578125,112.99490356445312,113.70559692382812,114.41629791259766,115.12689971923828,115.83760070800781,116.54820251464844,117.25890350341797,117.96959686279297,118.6801986694336,119.39089965820312,120.10160064697266,120.81220245361328,121.52290344238281,122.2334976196289,122.94419860839844,123.65480041503906,124.3655014038086,125.07620239257812,125.78679656982422,126.49749755859375,127.20819854736328,127.9188003540039,128.62950134277344,129.34010314941406,130.05079650878906,130.7613983154297,131.47210693359375,132.18280029296875,132.89340209960938,133.60409545898438,134.31480407714844,135.02540588378906,135.73609924316406,136.4467010498047,137.1573944091797,137.86810302734375,138.57870483398438,139.28939819335938,140.0,140.710693359375,141.42140197753906],"y":[0.0,0.7075999975204468,1.4089000225067139,2.104099988937378,2.793100118637085,3.4758999347686768,4.152500152587891,4.82289981842041,5.487100124359131,6.145100116729736,6.796999931335449,7.442599773406982,8.081999778747559,8.715299606323242,9.342300415039062,9.963199615478516,10.577899932861328,11.186300277709961,11.788599967956543,12.384699821472168,12.974599838256836,13.558300018310547,14.1358003616333,14.707099914550781,15.272299766540527,15.831199645996094,16.383899688720703,16.930500030517578,17.470800399780273,18.0049991607666,18.532899856567383,19.05470085144043,19.57029914855957,20.079700469970703,20.58289909362793,21.07990074157715,21.57069969177246,22.055299758911133,22.533700942993164,23.00589942932129,23.472000122070312,23.931800842285156,24.385499954223633,24.83289909362793,25.274200439453125,25.709299087524414,26.138099670410156,26.560800552368164,26.9773006439209,27.38759994506836,27.79170036315918,28.189599990844727,28.581300735473633,28.966899871826172,29.346200942993164,29.71929931640625,30.086299896240234,30.44700050354004,30.801599502563477,31.149999618530273,31.49220085144043,31.828100204467773,32.157901763916016,32.48149871826172,32.79890060424805,33.11009979248047,33.415199279785156,33.7140007019043,34.00659942626953,34.292999267578125,34.573299407958984,34.8473014831543,35.11520004272461,35.37689971923828,35.632301330566406,35.88159942626953,36.124698638916016,36.36159896850586,36.59230041503906,36.81679916381836,37.035099029541016,37.24720001220703,37.45320129394531,37.65290069580078,37.84640121459961,38.03379821777344,38.21500015258789,38.38990020751953,38.55870056152344,38.72129821777344,38.877601623535156,39.027801513671875,39.17179870605469,39.309600830078125,39.44129943847656,39.56669998168945,39.6859016418457,39.79890060424805,39.905799865722656,40.00640106201172,40.10089874267578,40.1890983581543,40.27119827270508,40.34709930419922,40.41680145263672,40.480201721191406,40.537498474121094,40.588600158691406,40.63359832763672,40.672298431396484,40.70479965209961,40.73109817504883,40.75130081176758,40.765201568603516,40.77299880981445,40.77450180053711,40.769901275634766,40.75910186767578,40.742000579833984,40.71879959106445,40.68939971923828,40.65380096435547,40.61199951171875,40.56399917602539,40.5098991394043,40.449501037597656,40.38290023803711,40.31019973754883,40.231201171875,40.14609909057617,40.0546989440918,39.95719909667969,39.85350036621094,39.74359893798828,39.627498626708984,39.50519943237305,39.37670135498047,39.242000579833984,39.10110092163086,38.95399856567383,38.80080032348633,38.641300201416016,38.47560119628906,38.30379867553711,38.12580108642578,37.94150161743164,37.7510986328125,37.554500579833984,37.35169982910156,37.1427001953125,36.9275016784668,36.70610046386719,36.47850036621094,36.24470138549805,36.004798889160156,35.75859832763672,35.50619888305664,35.24769973754883,34.983001708984375,34.71200180053711,34.434898376464844,34.1515998840332,33.862098693847656,33.56629943847656,33.264400482177734,32.956298828125,32.6421012878418,32.32160186767578,31.99489974975586,31.66200065612793,31.322999954223633,30.977699279785156,30.626300811767578,30.268699645996094,29.904800415039062,29.534799575805664,29.158599853515625,28.776199340820312,28.38759994506836,27.992799758911133,27.591800689697266,27.184600830078125,26.77120018005371,26.351699829101562,25.925899505615234,25.493999481201172,25.05579948425293,24.611499786376953,24.160999298095703,23.704200744628906,23.241300582885742,22.772199630737305,22.296899795532227,21.815399169921875,21.327699661254883,20.833900451660156,20.333799362182617,19.827499389648438,19.315000534057617,18.79640007019043]},