{"params":{"v0":20,"theta_deg":65},"models":{"level1":{"x":[0.0,0.21240000426769257,0.424699991941452,0.6370999813079834,0.8495000004768372,1.061900019645691,1.2741999626159668,1.4866000413894653,1.6990000009536743,1.9112999439239502,2.123699903488159,2.3361001014709473,2.5485000610351562,2.7607998847961426,2.9732000827789307,3.1856000423431396,3.397900104522705,3.610300064086914,3.822700023651123,4.034999847412109,4.247399806976318,4.459799766540527,4.6722002029418945,4.884500026702881,5.09689998626709,5.309299945831299,5.521599769592285,5.734000205993652,5.946400165557861,6.15880012512207,6.371099948883057,6.583499908447266,6.795899868011475,7.008200168609619,7.220600128173828,7.433000087738037,7.645400047302246,7.857699871063232,8.070099830627441,8.282500267028809,8.494799613952637,8.707200050354004,8.919599533081055,9.131999969482422,9.344300270080566,9.556699752807617,9.769100189208984,9.981399536132812,10.19379997253418,10.406200408935547,10.618499755859375,10.830900192260742,11.043299674987793,11.25570011138916,11.468000411987305,11.680399894714355,11.892800331115723,12.10509967803955,12.317500114440918,12.529899597167969,12.742300033569336,12.95460033416748,13.166999816894531,13.379400253295898,13.591699600219727,13.804100036621094,14.016500473022461,14.228899955749512,14.441200256347656,14.653599739074707,14.866000175476074,15.078300476074219,15.29069995880127,15.503100395202637,15.715499877929688,15.927800178527832,16.140199661254883,16.35260009765625,16.564899444580078,16.777299880981445,16.989700317382812,17.20199966430664,17.414400100708008,17.626800537109375,17.83919906616211,18.05150032043457,18.263900756835938,18.476299285888672,18.688600540161133,18.900999069213867,19.113399505615234,19.3257999420166,19.53809928894043,19.750499725341797,19.962900161743164,20.175199508666992,20.38759994506836,20.600000381469727,20.812400817871094,21.024700164794922,21.23710060119629,21.449499130249023,21.661800384521484,21.87420082092285,22.086599349975586,22.298999786376953,22.51129913330078,22.72369956970215,22.936100006103516,23.148399353027344,23.36079978942871,23.573200225830078,23.785600662231445,23.997900009155273,24.21030044555664,24.422700881958008,24.635000228881836,24.847400665283203,25.059799194335938,25.2721004486084,25.484500885009766,25.6968994140625,25.909299850463867,26.121599197387695,26.333999633789062,26.54640007019043,26.758800506591797,26.971099853515625,27.183500289916992,27.39590072631836,27.608200073242188,27.820600509643555,28.033000946044922,28.24530029296875,28.457700729370117,28.67009925842285,28.88249969482422,29.09480094909668,29.307199478149414,29.51959991455078,29.73189926147461,29.944299697875977,30.156700134277344,30.368999481201172,30.58139991760254,30.793800354003906,31.006200790405273,31.2185001373291],"y":[0.0,0.4523000121116638,0.8985000252723694,1.3384000062942505,1.7721999883651733,2.199700117111206,2.6210999488830566,3.03629994392395,3.4453001022338867,3.848099946975708,4.244699954986572,4.6350998878479,5.0192999839782715,5.397299766540527,5.769100189208984,6.134799957275391,6.494200229644775,6.847400188446045,7.194499969482422,7.535299777984619,7.869999885559082,8.19849967956543,8.52079963684082,8.836899757385254,9.14680004119873,9.450499534606934,9.748000144958496,10.039299964904785,10.324399948120117,10.603300094604492,10.876099586486816,11.142600059509277,11.402999877929688,11.657099723815918,11.905099868774414,12.146900177001953,12.382399559020996,12.611800193786621,12.835000038146973,13.052000045776367,13.262800216674805,13.467399597167969,13.665800094604492,13.858099937438965,14.044099807739258,14.223899841308594,14.397600173950195,14.5649995803833,14.726300239562988,14.881400108337402,15.030200004577637,15.172900199890137,15.309399604797363,15.43970012664795,15.563799858093262,15.681699752807617,15.793399810791016,15.89900016784668,15.998299598693848,16.09149932861328,16.17840003967285,16.259199142456055,16.33370018005371,16.402099609375,16.46430015563965,16.520299911499023,16.56999969482422,16.61359977722168,16.650999069213867,16.682300567626953,16.707300186157227,16.72610092163086,16.73870086669922,16.74519920349121,16.745399475097656,16.739500045776367,16.727399826049805,16.708999633789062,16.684499740600586,16.653799057006836,16.616899490356445,16.57379913330078,16.52440071105957,16.4689998626709,16.40730094909668,16.339399337768555,16.265300750732422,16.184999465942383,16.098600387573242,16.00589942932129,15.907099723815918,15.80210018157959,15.690799713134766,15.573399543762207,15.449799537658691,15.319999694824219,15.184000015258789,15.041799545288086,14.893400192260742,14.738800048828125,14.57800006866455,14.411100387573242,14.237899780273438,14.058500289916992,13.873000144958496,13.681300163269043,13.48330020904541,13.279199600219727,13.068900108337402,12.852399826049805,12.62969970703125,12.400799751281738,12.16569995880127,11.924400329589844,11.676899909973145,11.423199653625488,11.163399696350098,10.897299766540527,10.625100135803223,10.346599578857422,10.062000274658203,9.771200180053711,9.474100112915039,9.170900344848633,8.861499786376953,8.545900344848633,8.224100112915039,7.896200180053711,7.561999797821045,7.22160005569458,6.875,6.522299766540527,6.163300037384033,5.7982001304626465,5.426799774169922,5.049300193786621,4.665599822998047,4.275700092315674,3.8796000480651855,3.477299928665161,3.0687999725341797,2.654099941253662,2.2332000732421875,1.8061000108718872,1.3729000091552734,0.9333999752998352,0.4876999855041504,0.03590000048279762]},"level2":{"x":[0.0,0.21150000393390656,0.421099990606308,0.6290000081062317,0.8353000283241272,1.0398999452590942,1.242799997329712,1.4443000555038452,1.6441999673843384,1.8425999879837036,2.039599895477295,2.2351999282836914,2.429500102996826,2.6224000453948975,2.813999891281128,3.0044000148773193,3.1935999393463135,3.3815999031066895,3.5683999061584473,3.7541000843048096,3.938800096511841,4.122300148010254,4.304900169372559,4.486400127410889,4.666900157928467,4.846499919891357,5.025199890136719,5.202899932861328,5.379799842834473,5.555799961090088,5.730999946594238,5.905399799346924,6.078999996185303,6.251800060272217,6.423799991607666,6.595200061798096,6.7657999992370605,6.935699939727783,7.105000019073486,7.273600101470947,7.441500186920166,7.60890007019043,7.775599956512451,7.941699981689453,8.1072998046875,8.272299766540527,8.436699867248535,8.600600242614746,8.763999938964844,8.926799774169922,9.089200019836426,9.25100040435791,9.412400245666504,9.5733003616333,9.733699798583984,9.893699645996094,10.053199768066406,10.212300300598145,10.37090015411377,10.52910041809082,10.686800003051758,10.844200134277344,11.001099586486816,11.157600402832031,11.313599586486816,11.469200134277344,11.62440013885498,11.779199600219727,11.933600425720215,12.087499618530273,12.241000175476074,12.394100189208984,12.546699523925781,12.699000358581543,12.850700378417969,13.001999855041504,13.152899742126465,13.303299903869629,13.453200340270996,13.602700233459473,13.751700401306152,13.900199890136719,14.048299789428711,14.195799827575684,14.34280014038086,14.489299774169922,14.635299682617188,14.780799865722656,14.925800323486328,15.070199966430664,15.214099884033203,15.357399940490723,15.500100135803223,15.64229965209961,15.783900260925293,15.925000190734863,16.065399169921875,16.2052001953125,16.344499588012695,16.48310089111328,16.6210994720459,16.758499145507812,16.895200729370117,17.031299591064453,17.166799545288086,17.301599502563477,17.435699462890625,17.56920051574707,17.70199966430664,17.8341007232666,17.965599060058594,18.09630012512207,18.22640037536621,18.35580062866211,18.484399795532227,18.61240005493164,18.739599227905273,18.866199493408203,18.992000579833984,19.117000579833984,19.24139976501465,19.364999771118164,19.487899780273438,19.610000610351562,19.731399536132812,19.852100372314453,19.972000122070312,20.091100692749023,20.20949935913086],