{"params":{"v0":20,"theta_deg":35},"models":{"level1":{"x":[0.0,0.4115999937057495,0.8233000040054321,1.2348999977111816,1.6464999914169312,2.058199882507324,2.4697999954223633,2.8814001083374023,3.293100118637085,3.704699993133545,4.116300106048584,4.5279998779296875,4.939599990844727,5.351200103759766,5.762899875640869,6.174499988555908,6.586100101470947,6.997799873352051,7.40939998626709,7.821100234985352,8.23270034790039,8.64430046081543,9.055999755859375,9.467599868774414,9.879199981689453,10.290900230407715,10.702500343322754,11.114100456237793,11.525799751281738,11.937399864196777,12.348999977111816,12.760700225830078,13.172300338745117,13.583900451660156,13.995599746704102,14.40719985961914,14.81879997253418,15.230500221252441,15.64210033416748,16.053699493408203,16.46540069580078,16.87700080871582,17.28860092163086,17.700300216674805,18.111900329589844,18.523500442504883,18.935199737548828,19.346799850463867,19.758399963378906,20.17009925842285,20.58169937133789,20.99329948425293,21.405000686645508,21.816600799560547,22.228200912475586,22.63990020751953,23.05150032043457,23.463199615478516,23.874799728393555,24.286399841308594,24.69809913635254,25.109699249267578,25.521299362182617,25.933000564575195,26.344600677490234,26.756200790405273,27.16790008544922,27.579500198364258,27.991100311279297,28.402799606323242,28.81439971923828,29.22599983215332,29.637699127197266,30.049299240112305,30.460899353027344,30.872600555419922,31.28420066833496,31.69580078125,32.10749816894531,32.519100189208984,32.93069839477539,33.34239959716797,33.75400161743164,34.16559982299805,34.577301025390625,34.98889923095703,35.4005012512207,35.812198638916016,36.22380065917969,36.635398864746094,37.04710006713867,37.45869827270508,37.87030029296875,38.28200149536133],"y":[0.0,0.2851000130176544,0.5641000270843506,0.8367999792098999,1.1033999919891357,1.363700032234192,1.617900013923645,1.8659000396728516,2.1077001094818115,2.3431999683380127,2.5725998878479004,2.795799970626831,3.0129001140594482,3.2237000465393066,3.428299903869629,3.626699924468994,3.819000005722046,4.005000114440918,4.184899806976318,4.358500003814697,4.526000022888184,4.687300205230713,4.842299938201904,4.991199970245361,5.133900165557861,5.270400047302246,5.400700092315674,5.524799823760986,5.6427998542785645,5.754499912261963,5.860000133514404,5.959400177001953,6.052499771118164,6.139500141143799,6.220200061798096,6.2947998046875,6.3632001876831055,6.4253997802734375,6.481400012969971,6.531199932098389,6.57480001449585,6.612199783325195,6.643400192260742,6.668399810791016,6.687300205230713,6.699900150299072,6.706299781799316,6.706600189208984,6.700699806213379,6.688499927520752,6.670199871063232,6.645699977874756,6.614999771118164,6.578100204467773,6.534999847412109,6.4857001304626465,6.430200099945068,6.368500232696533,6.300600051879883,6.226600170135498,6.146299839019775,6.059899806976318,5.967199802398682,5.8684000968933105,5.763400077819824,5.652100086212158,5.5346999168396,5.411099910736084,5.281300067901611,5.145299911499023,5.0030999183654785,4.854800224304199,4.700200080871582,4.539400100708008,4.372499942779541,4.1992998123168945,4.019999980926514,3.834399938583374,3.642699956893921,3.4447999000549316,3.2407000064849854,3.030400037765503,2.8138999938964844,2.591200113296509,2.362299919128418,2.12719988822937,1.8859000205993652,1.6383999586105347,1.3847999572753906,1.124899983406067,0.8589000105857849,0.5867000222206116,0.30820000171661377,0.023600000888109207]},"level2":{"x":[0.0,0.4099000096321106,0.8162000179290771,1.2192000150680542,1.6188000440597534,2.015199899673462,2.4084999561309814,2.7985999584198,3.185699939727783,3.5697999000549316,3.9509999752044678,4.329400062561035,4.704999923706055,5.077899932861328,5.4481000900268555,5.815800189971924,6.180799961090088,6.543399810791016,6.903500080108643,7.261199951171875,7.616600036621094,7.969600200653076,8.32040023803711,8.668899536132812,9.015299797058105,9.35949993133545,9.701499938964844,10.041500091552734,10.379500389099121,10.715399742126465,11.049400329589844,11.381400108337402,11.71150016784668,12.03969955444336,12.366000175476074,12.690500259399414,13.013099670410156,13.333999633789062,13.65310001373291,13.970399856567383,14.28600025177002,14.599900245666504,14.912099838256836,15.222700119018555,15.531499862670898,15.838800430297852,16.144399642944336,16.448299407958984,16.750699996948242,17.05150032043457,17.35070037841797,17.648300170898438,17.944400787353516,18.23889923095703,18.53190040588379,18.823400497436523,19.113300323486328,19.40169906616211,19.688600540161133,19.974000930786133,20.25779914855957,20.540199279785156,20.82110023498535,21.100500106811523,21.378400802612305,21.654800415039062,21.929800033569336,22.20319938659668,22.475200653076172,22.74570083618164,23.014799118041992,23.28230094909668,23.54840087890625,23.812999725341797,24.076099395751953,24.337799072265625,24.597999572753906,24.856700897216797,25.11389923095703,25.369699478149414,25.624000549316406,25.876800537109375,26.12809944152832,26.378000259399414],"y":[0.0,0.2838999927043915,0.5591999888420105,0.8260999917984009,1.0844999551773071,1.3346999883651733,1.576799988746643,1.8107000589370728,2.0367000102996826,2.2548000812530518,2.4649999141693115,2.6675000190734863,2.8624000549316406,3.0497000217437744,3.2293999195098877,3.4017999172210693,3.566800117492676,3.724400043487549,3.874799966812134,4.018099784851074,4.154200077056885,4.283299922943115,4.405399799346924,4.520500183105469,4.628699779510498,4.730100154876709,4.824699878692627,4.912499904632568,4.993599891662598,5.0680999755859375,5.135900020599365,5.197199821472168,5.251999855041504,5.30019998550415,5.342100143432617,5.377500057220459,5.406499862670898,5.429200172424316,5.4456000328063965,5.455699920654297,5.45959997177124,5.457300186157227,5.448800086975098,5.434199810028076,5.41349983215332,5.38670015335083,5.353899955749512,5.315100193023682,5.270400047302246,5.219600200653076,5.163000106811523,5.100500106811523,5.032199859619141,4.958000183105469,4.877999782562256,4.792300224304199,4.700900077819824,4.603700160980225,4.500899791717529,4.392399787902832,4.27839994430542,4.15880012512207,4.033599853515625,3.902899980545044,3.766700029373169,3.6250998973846436,3.478100061416626,3.325700044631958,3.1679000854492188,3.0048000812530518,2.836400032043457,2.6628000736236572,2.4839999675750732,2.2999000549316406,2.1106998920440674,1.9163999557495117,1.7171000242233276,1.5125999450683594,1.3032000064849854,1.0887999534606934,0.8694000244140625,0.6452000141143799,0.41609999537467957,0.18209999799728394]},