{"params":{"v0":20,"theta_deg":40},"models":{"level1":{"x":[0.0,0.3849000036716461,0.7699000239372253,1.1548000574111938,1.5398000478744507,1.9247000217437744,2.3097000122070312,2.6946001052856445,3.0796000957489014,3.4644999504089355,3.8494999408721924,4.234399795532227,4.6194000244140625,5.004300117492676,5.3892998695373535,5.774199962615967,6.159200191497803,6.544099807739258,6.928999900817871,7.314000129699707,7.69890022277832,8.083900451660156,8.468799591064453,8.853799819946289,9.238699913024902,9.623700141906738,10.008600234985352,10.393600463867188,10.778499603271484,11.16349983215332,11.548399925231934,11.93340015411377,12.318300247192383,12.703300476074219,13.088199615478516,13.473099708557129,13.858099937438965,14.243000030517578,14.628000259399414,15.012900352478027,15.397899627685547,15.78279972076416,16.167800903320312,16.55270004272461,16.937700271606445,17.322599411010742,17.707599639892578,18.092500686645508,18.477500915527344,18.86240005493164,19.247400283813477,19.632299423217773,20.017200469970703,20.40220069885254,20.787099838256836,21.172100067138672,21.55699920654297,21.941999435424805,22.326900482177734,22.71190071105957,23.096799850463867,23.481800079345703,23.86669921875,24.251699447631836,24.636600494384766,25.0216007232666,25.4064998626709,25.791400909423828,26.17639923095703,26.56130027770996,26.946300506591797,27.331199645996094,27.71619987487793,28.10110092163086,28.486099243164062,28.871000289916992,29.256000518798828,29.640899658203125,30.02589988708496,30.41080093383789,30.795799255371094,31.180700302124023,31.56570053100586,31.950599670410156,32.33549880981445,32.72050094604492,33.10540008544922,33.49039840698242,33.875301361083984,34.26029968261719,34.645198822021484,35.03020095825195,35.41510009765625,35.80009841918945,36.185001373291016,36.56999969482422,36.954898834228516,37.339900970458984,37.72480010986328,38.109798431396484,38.49470138549805,38.879600524902344,39.26459884643555,39.64950180053711,40.03450012207031],"y":[0.0,0.3199000060558319,0.6335999965667725,0.9412000179290771,1.2424999475479126,1.537600040435791,1.8265999555587769,2.109299898147583,2.3859000205993652,2.6563000679016113,2.9203999042510986,3.1784000396728516,3.4302000999450684,3.675800085067749,3.9151999950408936,4.148399829864502,4.375400066375732,4.59630012512207,4.8109002113342285,5.0192999839782715,5.22160005569458,5.417600154876709,5.607500076293945,5.791100025177002,5.968599796295166,6.139900207519531,6.304999828338623,6.463900089263916,6.616600036621094,6.7631001472473145,6.90339994430542,7.037499904632568,7.165500164031982,7.287199974060059,7.402699947357178,7.5121002197265625,7.615200042724609,7.712200164794922,7.802999973297119,7.887599945068359,7.96589994430542,8.038100242614746,8.104100227355957,8.163900375366211,8.217499732971191,8.265000343322754,8.30620002746582,8.34119987487793,8.370100021362305,8.3927001953125,8.409199714660645,8.419400215148926,8.423500061035156,8.42140007019043,8.413000106811523,8.398500442504883,8.377799987792969,8.350899696350098,8.31779956817627,8.278599739074707,8.233099937438965,8.181400299072266,8.123600006103516,8.059499740600586,7.989299774169922,7.912799835205078,7.8302001953125,7.741300106048584,7.646299839019775,7.545100212097168,7.437699794769287,7.324100017547607,7.2042999267578125,7.0782999992370605,6.946199893951416,6.807799816131592,6.6631999015808105,6.512499809265137,6.355500221252441,6.192399978637695,6.0229997634887695,5.847499847412109,5.665800094604492,5.47790002822876,5.28380012512207,5.083399772644043,4.876999855041504,4.664299964904785,4.445400238037109,4.220300197601318,3.989000082015991,3.7516000270843506,3.5078999996185303,3.2581000328063965,3.002000093460083,2.739799976348877,2.471400022506714,2.1967999935150146,1.9160000085830688,1.6289000511169434,1.335800051689148,1.0363999605178833,0.7307999730110168,0.4189999997615814,0.10100000351667404]},"level2":{"x":[0.0,0.3833000063896179,0.7633000016212463,1.1402000188827515,1.5139000415802002,1.884600043296814,2.2523999214172363,2.617300033569336,2.9793999195098877,3.33870005607605,3.6953001022338867,4.049300193786621,4.400700092315674,4.749599933624268,5.096099853515625,5.440199851989746,5.781899929046631,6.121300220489502,6.458399772644043,6.793399810791016,7.126200199127197,7.4567999839782715,7.785399913787842,8.112000465393066,8.43649959564209,8.759099960327148,9.07979965209961,9.398599624633789,9.71560001373291,10.030699729919434,10.343999862670898,10.655599594116211,10.965399742126465,11.273500442504883,11.579999923706055,11.88479995727539,12.187899589538574,12.489500045776367,12.78950023651123,13.087900161743164,13.38479995727539,13.68019962310791,13.973999977111816,14.266400337219238,14.557299613952637,14.846699714660645,15.134699821472168,15.421299934387207,15.706500053405762,15.99020004272461,16.272600173950195,16.553600311279297,16.833200454711914,17.111499786376953,17.388399124145508,17.66390037536621,17.938199996948242,18.211000442504883,18.48259925842285,18.75279998779297,19.021699905395508,19.2893009185791,19.555599212646484,19.820600509643555,20.084199905395508,20.346599578857422,20.60770034790039,20.867399215698242,21.125900268554688,21.382999420166016,21.638900756835938,21.893400192260742,22.146699905395508,22.39859962463379,22.649200439453125,22.89859962463379,23.1466007232666,23.393299102783203,23.638700485229492,23.88279914855957,24.125600814819336,24.367000579833984,24.607200622558594,24.84600067138672,25.083499908447266,25.319700241088867,25.554500579833984,25.788000106811523,26.020200729370117,26.250999450683594,26.480499267578125,26.70870018005371,26.93549919128418,27.160999298095703],"y":[0.0,0.31850001215934753,0.6281999945640564,0.929099977016449,1.2213000059127808,1.5051000118255615,1.7803000211715698,2.047300100326538,2.305999994277954,2.5566000938415527,2.7992000579833984,3.033799886703491,3.260499954223633,3.4793999195098877,3.6905999183654785,3.894200086593628,4.090199947357178,4.27869987487793,4.459799766540527,4.633600234985352,4.800000190734863,4.9593000411987305,5.111299991607666,5.256199836730957,5.394100189208984,5.524899959564209,5.648799896240234,5.765900135040283,5.875999927520752,5.979300022125244,6.075900077819824,6.165800094604492,6.248899936676025,6.325500011444092,6.395400047302246,6.458799839019775,6.515699863433838,6.566100120544434,6.610099792480469,6.64769983291626,6.678800106048584,6.703700065612793,6.722300052642822,6.734499931335449,6.740600109100342,6.7403998374938965,6.734000205993652,6.72160005569458,6.702899932861328,6.678199768066406,6.647500038146973,6.6107001304626465,6.56790018081665,6.519199848175049,6.4644999504089355,6.403900146484375,6.337399959564209,6.265100002288818,6.1869001388549805,6.103000164031982,6.013199806213379,5.917799949645996,5.8165998458862305,5.709700107574463,5.5971999168396,5.479100227355957,5.355400085449219,5.226099967956543,5.091300010681152,4.951000213623047,4.805200099945068,4.6539998054504395,4.497399806976318,4.335400104522705,4.168099880218506,3.9953999519348145,3.817500114440918,3.634399890899658,3.4460999965667725,3.2525999546051025,3.0539000034332275,2.8501999378204346,2.641400098800659,2.427500009536743,2.208699941635132,1.9848999977111816,1.7561999559402466,1.5226999521255493,1.2842999696731567,1.0410000085830688,0.7930999994277954,0.5404000282287598,0.28299999237060547,0.020899999886751175]},