{"params":{"v0":10,"theta_deg":70},"models":{"level1":{"x":[0.0,0.08590000122785568,0.17190000414848328,0.25780001282691956,0.34369999170303345,0.42969998717308044,0.5156000256538391,0.6014999747276306,0.6875,0.7734000086784363,0.8593000173568726,0.9452999830245972,1.0312000513076782,1.1172000169754028,1.2030999660491943,1.2890000343322754,1.375,1.4608999490737915,1.5468000173568726,1.6327999830245972,1.7187000513076782,1.8046000003814697,1.8905999660491943,1.9765000343322754,2.0624001026153564,2.148400068283081,2.234299898147583,2.320199966430664,2.4061999320983887,2.4921000003814697,2.578000068664551,2.6640000343322754,2.7499001026153564,2.8357999324798584,2.921799898147583,3.007699966430664,3.093600034713745,3.1796000003814697,3.265500068664551,3.3515000343322754,3.4374001026153564,3.5232999324798584,3.609299898147583,3.695199966430664,3.781100034713745,3.8671000003814697,3.953000068664551,4.038899898529053,4.124899864196777,4.2108001708984375,4.2967000007629395,4.382699966430664,4.468599796295166,4.554500102996826,4.640500068664551,4.726399898529053,4.812300205230713,4.8983001708984375,4.9842000007629395,5.070099830627441,5.156099796295166,5.242000102996826,5.328000068664551,5.413899898529053,5.499800205230713,5.5858001708984375,5.6717000007629395,5.757599830627441,5.843599796295166,5.929500102996826,6.015399932861328,6.101399898529053,6.187300205230713,6.273200035095215,6.3592000007629395,6.445099830627441,6.531000137329102],"y":[0.0,0.2329999953508377,0.45980000495910645,0.680400013923645,0.8949000239372253,1.1030999422073364,1.3050999641418457,1.5010000467300415,1.6907000541687012,1.8740999698638916,2.0513999462127686,2.2225000858306885,2.3873000144958496,2.5460000038146973,2.698499917984009,2.8447999954223633,2.9848999977111816,3.1189000606536865,3.2465999126434326,3.3680999279022217,3.4835000038146973,3.592600107192993,3.6956000328063965,3.79229998588562,3.8828999996185303,3.9672999382019043,4.045499801635742,4.117400169372559,4.183199882507324,4.242800235748291,4.296299934387207,4.343500137329102,4.384500026702881,4.419300079345703,4.447999954223633,4.470399856567383,4.486700057983398,4.496699810028076,4.5005998611450195,4.498199939727783,4.489699840545654,4.474999904632568,4.454100131988525,4.427000045776367,4.393700122833252,4.3541998863220215,4.308499813079834,4.256700038909912,4.198599815368652,4.134399890899658,4.063899993896484,3.987299919128418,3.904400110244751,3.8153998851776123,3.7202000617980957,3.618799924850464,3.5111000537872314,3.3973000049591064,3.2772998809814453,3.15120005607605,3.0188000202178955,2.880199909210205,2.7353999614715576,2.5845000743865967,2.427299976348877,2.2639999389648438,2.094399929046631,1.9186999797821045,1.736799955368042,1.5485999584197998,1.3543000221252441,1.1538000106811523,0.9470999836921692,0.7342000007629395,0.5152000188827515,0.289900004863739,0.058400001376867294]},"level2":{"x":[0.0,0.08579999953508377,0.17110000550746918,0.25619998574256897,0.3409000039100647,0.4253000020980835,0.5092999935150146,0.5931000113487244,0.6765000224113464,0.7597000002861023,0.8425999879837036,0.9251999855041504,1.007599949836731,1.0896999835968018,1.1715999841690063,1.2532000541687012,1.3346999883651733,1.4158999919891357,1.496899962425232,1.5777000188827515,1.658400058746338,1.738800048828125,1.819100022315979,1.8991999626159668,1.979200005531311,2.059000015258789,2.138700008392334,2.2181999683380127,2.297600030899048,2.3768999576568604,2.4560000896453857,2.5350000858306885,2.6138999462127686,2.692699909210205,2.771399974822998,2.8499999046325684,2.9284000396728516,3.0067999362945557,3.085099935531616,3.1631999015808105,3.2411999702453613,3.319200038909912,3.3970000743865967,3.4746999740600586,3.552299976348877,3.629699945449829,3.7070999145507812,3.7843000888824463,3.861299991607666,3.938199996948242,4.014999866485596,4.091599941253662,4.168099880218506,4.2444000244140625,4.320499897003174,4.396500110626221,4.472300052642822,4.547900199890137,4.623300075531006,4.698500156402588,4.773499965667725,4.848199844360352,4.922800064086914,4.997200012207031,5.071300029754639,5.145199775695801,5.218800067901611,5.292200088500977,5.365300178527832,5.438199996948242,5.510900020599365,5.583199977874756,5.655300140380859,5.727099895477295],"y":[0.0,0.23250000178813934,0.4578000009059906,0.6761000156402588,0.8873000144958496,1.0915000438690186,1.288699984550476,1.479099988937378,1.662600040435791,1.8392000198364258,2.0090999603271484,2.172300100326538,2.3287999629974365,2.4786999225616455,2.6219000816345215,2.758500099182129,2.8886001110076904,3.012200117111206,3.129199981689453,3.239799976348877,3.3440001010894775,3.441699981689453,3.533099889755249,3.618000030517578,3.6965999603271484,3.768899917602539,3.83489990234375,3.8945000171661377,3.9479000568389893,3.994999885559082,4.035799980163574,4.070400238037109,4.098700046539307,4.120800018310547,4.13670015335083,4.146399974822998,4.149899959564209,4.147200107574463,4.138299942016602,4.123199939727783,4.101900100708008,4.07450008392334,4.040999889373779,4.001299858093262,3.9554998874664307,3.9035000801086426,3.8454999923706055,3.781399965286255,3.711199998855591,3.6349000930786133,3.5525999069213867,3.4642999172210693,3.369999885559082,3.2695999145507812,3.1633999347686768,3.051100015640259,2.933000087738037,2.809000015258789,2.6791000366210938,2.543299913406372,2.4017999172210693,2.2544000148773193,2.101300001144409,1.9424999952316284,1.777999997138977,1.607800006866455,1.4319000244140625,1.250499963760376,1.0635000467300415,0.8709999918937683,0.6729999780654907,0.46959999203681946,0.260699987411499,0.04650000110268593]},"level3":{"x":[0.0,0.08569999784231186,0.17080000042915344,0.2554999887943268,0.33970001339912415,0.4235000014305115,0.5067999958992004,0.5896999835968018,0.6722000241279602,0.7541999816894531,0.8359000086784363,0.9172999858856201,0.998199999332428,1.0788999795913696,1.1591999530792236,1.2391999959945679,1.3188999891281128,1.398300051689148,1.4773999452590942,1.5563000440597534,1.6348999738693237,1.7132999897003174,1.7914999723434448,1.8694000244140625,1.947100043296814,2.0246999263763428,2.1019999980926514,2.1791999340057373,2.256200075149536,2.3331000804901123,2.4098000526428223,2.4863998889923096,2.5627999305725098,2.6391000747680664,2.7153000831604004,2.7913999557495117,2.8673999309539795,2.9433000087738037,3.0190999507904053,3.0947000980377197,3.170300006866455,3.2458999156951904,3.3213000297546387,3.3966000080108643,3.47189998626709,3.546999931335449,3.6221001148223877,3.6970999240875244,3.7720000743865967,3.8468000888824463,3.921600103378296,3.9962000846862793,4.070799827575684,4.145199775695801,4.219600200653076,4.293799877166748,4.368000030517578,4.441999912261963,4.515900135040283,4.589799880981445,4.66349983215332,4.737100124359131,4.8105998039245605,4.883999824523926,4.957200050354004,5.030300140380859,5.103300094604492,5.176199913024902,5.248899936676025,5.321599960327148,5.394000053405762,5.466400146484375,5.53849983215332,5.610599994659424],