{"params":{"v0":15,"theta_deg":70},"models":{"level1":{"x":[0.0,0.12890000641345978,0.25780001282691956,0.38670000433921814,0.5156000256538391,0.6445000171661377,0.7734000086784363,0.9023000001907349,1.0312000513076782,1.160099983215332,1.2890000343322754,1.4178999662399292,1.5468000173568726,1.6756999492645264,1.8046000003814697,1.933500051498413,2.0624001026153564,2.1912999153137207,2.320199966430664,2.4491000175476074,2.578000068664551,2.706899881362915,2.8357999324798584,2.9646999835968018,3.093600034713745,3.222599983215332,3.3515000343322754,3.4804000854492188,3.609299898147583,3.7381999492645264,3.8671000003814697,3.996000051498413,4.124899864196777,4.253799915313721,4.382699966430664,4.511600017547607,4.640500068664551,4.769400119781494,4.8983001708984375,5.027200222015381,5.156099796295166,5.284999847412109,5.413899898529053,5.542799949645996,5.6717000007629395,5.800600051879883,5.929500102996826,6.0584001541137695,6.187300205230713,6.316199779510498,6.445099830627441,6.573999881744385,6.702899932861328,6.8317999839782715,6.960700035095215,7.089600086212158,7.218500137329102,7.347400188446045,7.47629976272583,7.605199813842773,7.734099864959717,7.86299991607666,7.9918999671936035,8.120800018310547,8.249699592590332,8.378600120544434,8.507499694824219,8.63640022277832,8.765299797058105,8.894200325012207,9.023099899291992,9.152000427246094,9.280900001525879,9.409899711608887,9.538800239562988,9.667699813842773,9.796600341796875,9.92549991607666,10.054400444030762,10.183300018310547,10.312199592590332,10.441100120544434,10.569999694824219,10.69890022277832,10.827799797058105,10.956700325012207,11.085599899291992,11.214500427246094,11.343400001525879,11.472299575805664,11.601200103759766,11.73009967803955,11.859000205993652,11.987899780273438,12.116800308227539,12.245699882507324,12.374600410461426,12.503499984741211,12.632399559020996,12.761300086975098,12.890199661254883,13.019100189208984,13.14799976348877,13.276900291442871,13.405799865722656,13.534700393676758,13.663599967956543,13.792499542236328,13.92140007019043,14.050299644470215,14.179200172424316,14.308099746704102,14.437000274658203,14.565899848937988,14.69480037689209],"y":[0.0,0.35109999775886536,0.695900022983551,1.034600019454956,1.3671000003814697,1.6934000253677368,2.0134999752044678,2.327399969100952,2.6350998878479004,2.9365999698638916,3.2318999767303467,3.5209999084472656,3.803999900817871,4.080699920654297,4.35129976272583,4.615600109100342,4.873799800872803,5.125800132751465,5.371500015258789,5.611100196838379,5.8445000648498535,6.071700096130371,6.292699813842773,6.507500171661377,6.716100215911865,6.918600082397461,7.114799976348877,7.304800033569336,7.488699913024902,7.666299819946289,7.837800025939941,8.003100395202637,8.162099838256836,8.3149995803833,8.461700439453125,8.60219955444336,8.736499786376953,8.86460018157959,8.986499786376953,9.102299690246582,9.211799621582031,9.315099716186523,9.412300109863281,9.503199577331543,9.588000297546387,9.666600227355957,9.738900184631348,9.805100440979004,9.865099906921387,9.918899536132812,9.966500282287598,10.00790023803711,10.043100357055664,10.072099685668945,10.095000267028809,10.111599922180176,10.121999740600586,10.126299858093262,10.124300003051758,10.11620044708252,10.101900100708008,10.081399917602539,10.05459976196289,10.021699905395508,9.982600212097168,9.937299728393555,9.8858003616333,9.828200340270996,9.764300346374512,9.694199562072754,9.618000030517578,9.535499572753906,9.446900367736816,9.35200023651123,9.25100040435791,9.143799781799316,9.030400276184082,8.910699844360352,8.784899711608887,8.652899742126465,8.514800071716309,8.370400428771973,8.219799995422363,8.062999725341797,7.900100231170654,7.730899810791016,7.555600166320801,7.374000072479248,7.186299800872803,6.992400169372559,6.792200088500977,6.585899829864502,6.3734002113342285,6.154699802398682,5.929800033569336,5.698800086975098,5.46150016784668,5.2179999351501465,4.968299865722656,4.712500095367432,4.450399875640869,4.182199954986572,3.9077000617980957,3.6270999908447266,3.3403000831604004,3.047300100326538,2.7481000423431396,2.442699909210205,2.1310999393463135,1.8133000135421753,1.489300012588501,1.15910005569458,0.8227999806404114,0.48019999265670776,0.131400004029274]},"level2":{"x":[0.0,0.12849999964237213,0.25619998574256897,0.382999986410141,0.5091000199317932,0.6345000267028809,0.7591000199317932,0.8830999732017517,1.0062999725341797,1.1289000511169434,1.2508000135421753,1.3720999956130981,1.4926999807357788,1.6128000020980835,1.732300043106079,1.8513000011444092,1.9696999788284302,2.087599992752075,2.204900026321411,2.3217999935150146,2.438199996948242,2.5541000366210938,2.669600009918213,2.7846999168395996,2.8993000984191895,3.0134999752044678,3.1273000240325928,3.2407000064849854,3.3536999225616455,3.466399908065796,3.5787999629974365,3.6907999515533447,3.8024001121520996,3.913800001144409,4.024799823760986,4.1356000900268555,4.246099948883057,4.356299877166748,4.46619987487793,4.575900077819824,4.685299873352051,4.79449987411499,4.90339994430542,5.0121002197265625,5.12060022354126,5.228799819946289,5.336900234222412,5.444699764251709,5.5524001121521,5.659800052642822,5.767000198364258,5.874100208282471,5.980899810791016,6.087500095367432,6.193999767303467,6.30019998550415,6.406300067901611,6.5121002197265625,6.617700099945068,6.723199844360352,6.828400135040283,6.9334001541137695,7.0381999015808105,7.1427001953125,7.247000217437744,7.351099967956543,7.454999923706055,7.558599948883057,7.661900043487549,7.764999866485596,7.867800235748291,7.970300197601318,8.072600364685059,8.174599647521973,8.276200294494629,8.377599716186523,8.478699684143066,8.579400062561035,8.679900169372559,8.779899597167969,8.87969970703125,8.979100227355957,9.078200340270996,9.176899909973145,9.275300025939941,9.373200416564941,9.470800399780273,9.567999839782715,9.664899826049805,9.761300086975098,9.8572998046875,9.95300006866455,10.048199653625488,10.142999649047852,10.237299919128418,10.331199645996094,10.424699783325195,10.517800331115723,10.610400199890137,10.70259952545166,10.794300079345703,10.885499954223633,10.976300239562988,11.06659984588623,11.156399726867676,11.245699882507324],