{"params":{"v0":30,"theta_deg":20},"models":{"level1":{"x":[0.0,0.708299994468689,1.416599988937378,2.1249001026153564,2.833199977874756,3.541599988937378,4.249899864196777,4.958199977874756,5.666500091552734,6.374800205230713,7.083099842071533,7.791399955749512,8.499699592590332,9.208000183105469,9.916399955749512,10.624699592590332,11.333000183105469,12.041299819946289,12.749600410461426,13.457900047302246,14.166199684143066,14.874500274658203,15.582799911499023,16.291200637817383,16.999500274658203,17.707799911499023,18.416099548339844,19.124399185180664,19.832700729370117,20.541000366210938,21.249300003051758,21.957599639892578,22.666000366210938,23.374300003051758,24.082599639892578,24.7908992767334,25.49920082092285,26.207500457763672,26.915800094604492,27.624099731445312,28.332399368286133,29.040800094604492,29.749099731445312,30.457399368286133,31.165700912475586,31.874000549316406,32.582298278808594,33.29059982299805,33.9989013671875,34.70719909667969,35.41559982299805,36.1239013671875,36.83219909667969,37.54050064086914,38.24879837036133,38.95709991455078,39.665401458740234,40.37369918823242,41.082000732421875,41.79029846191406,42.49869918823242,43.207000732421875,43.91529846191406,44.623600006103516,45.33190155029297,46.040199279785156,46.74850082397461,47.4567985534668,48.16510009765625,48.87350082397461,49.5817985534668,50.29010009765625,50.9984016418457,51.70669937133789,52.415000915527344,53.12329864501953,53.831600189208984,54.540000915527344,55.24829864501953,55.956600189208984,56.66490173339844,57.373199462890625,58.08150100708008,58.789798736572266],"y":[0.0,0.2547000050544739,0.5031999945640564,0.7455000281333923,0.9817000031471252,1.2115999460220337,1.4354000091552734,1.652899980545044,1.864300012588501,2.0694000720977783,2.268399953842163,2.461199998855591,2.6477999687194824,2.8280999660491943,3.0023000240325928,3.170300006866455,3.332200050354004,3.487799882888794,3.637200117111206,3.780400037765503,3.9175000190734863,4.048299789428711,4.172999858856201,4.291399955749512,4.40369987487793,4.509799957275391,4.6097002029418945,4.703400135040283,4.790800094604492,4.872200012207031,4.947299957275391,5.016200065612793,5.07889986038208,5.13539981842041,5.185800075531006,5.229899883270264,5.267899990081787,5.299600124359131,5.325200080871582,5.344600200653076,5.357699871063232,5.364699840545654,5.365499973297119,5.360099792480469,5.348499774932861,5.3308000564575195,5.30679988861084,5.276599884033203,5.240200042724609,5.197700023651123,5.148900032043457,5.093999862670898,5.032800197601318,4.9654998779296875,4.892000198364258,4.812300205230713,4.726399898529053,4.634300231933594,4.535999774932861,4.43149995803833,4.320799827575684,4.20389986038208,4.080900192260742,3.9516000747680664,3.8160998821258545,3.674499988555908,3.526700019836426,3.3726000785827637,3.212399959564209,3.0460000038146973,2.8733999729156494,2.6946001052856445,2.5095999240875244,2.3183999061584473,2.121000051498413,1.9174000024795532,1.7077000141143799,1.4917000532150269,1.2696000337600708,1.041200041770935,0.8066999912261963,0.5659000277519226,0.3190000057220459,0.06589999794960022]},"level2":{"x":[0.0,0.7037000060081482,1.3984999656677246,2.0845999717712402,2.762200117111206,3.43149995803833,4.092800140380859,4.746300220489502,5.392199993133545,6.030600070953369,6.661900043487549,7.285999774932861,7.903299808502197,8.513899803161621,9.117899894714355,9.71560001373291,10.306900024414062,10.892200469970703,11.471500396728516,12.044899940490723,12.612600326538086,13.174799919128418,13.731499671936035,14.28279972076416,14.828800201416016,15.369799613952637,15.905599594116211,16.436599731445312,16.96269989013672,17.483999252319336,18.000699996948242,18.512800216674805,19.02039909362793,19.52359962463379,20.022499084472656,20.517000198364258,21.007400512695312,21.49370002746582,21.97599983215332,22.454200744628906,22.928499221801758,23.39889907836914,23.8656005859375,24.328500747680664,24.787599563598633,25.243200302124023,25.695100784301758,26.143600463867188,26.588499069213867,27.02989959716797,27.468000411987305,27.902700424194336,28.333999633789062,28.762100219726562,29.187000274658203,29.608600616455078,30.027099609375,30.4424991607666,30.854700088500977,31.263900756835938,31.670000076293945,32.07320022583008,32.47330093383789,32.87049865722656,33.264801025390625,33.65620040893555,34.0447998046875,34.43050003051758,34.81330108642578,35.19340133666992,35.570701599121094,35.9453010559082,36.317100524902344],"y":[0.0,0.2531000077724457,0.4966999888420105,0.7311999797821045,0.95660001039505,1.1730999946594238,1.3809000253677368,1.5801000595092773,1.7706999778747559,1.9530999660491943,2.12719988822937,2.2932000160217285,2.451200008392334,2.601300001144409,2.7437000274658203,2.8784000873565674,3.005500078201294,3.1250998973846436,3.2374000549316406,3.342400074005127,3.4400999546051025,3.5308001041412354,3.6143999099731445,3.690999984741211,3.760699987411499,3.8236000537872314,3.8798000812530518,3.92930006980896,3.972100019454956,4.008500099182129,4.038300037384033,4.061699867248535,4.078700065612793,4.089399814605713,4.093800067901611,4.092100143432617,4.084199905395508,4.070199966430664,4.050099849700928,4.02400016784668,3.992000102996826,3.9540998935699463,3.9103000164031982,3.8606998920440674,3.805299997329712,3.7441999912261963,3.6774001121520996,3.6050000190734863,3.5269999504089355,3.4433999061584473,3.3541998863220215,3.2595999240875244,3.159600019454956,3.0541000366210938,2.9433000087738037,2.8271000385284424,2.7056000232696533,2.578900098800659,2.446899890899658,2.309799909591675,2.1675000190734863,2.0201001167297363,1.8675999641418457,1.7101000547409058,1.5475000143051147,1.3799999952316284,1.2074999809265137,1.0300999879837036,0.8478999733924866,0.6607999801635742,0.46889999508857727,0.27219998836517334,0.07079999893903732]},"level3":{"x":[0.0,0.7037000060081482,1.3982000350952148,2.083899974822998,2.7609000205993652,3.4296000003814697,4.090199947357178,4.742700099945068,5.387599945068359,6.024899959564209,6.654900074005127,7.2778000831604,7.893700122833252,8.502799987792969,9.105199813842773,9.701199531555176,10.290900230407715,10.87440013885498,11.451899528503418,12.023500442504883,12.589300155639648,13.149499893188477,13.70419979095459,14.253499984741211,14.797599792480469,15.336400032043457,15.87030029296875,16.399099349975586,16.923200607299805,17.442399978637695,17.957000732421875,18.467100143432617,18.97260093688965,19.473800659179688,19.970600128173828,20.463199615478516,20.95170021057129,21.43600082397461,21.916400909423828,22.392799377441406,22.865299224853516,23.333999633789062,23.798900604248047,24.26020050048828,24.71780014038086,25.17180061340332,25.622299194335938,26.069400787353516,26.51300048828125,26.95319938659668,27.390100479125977,27.82379913330078,28.254199981689453,28.681400299072266,29.105499267578125,29.526500701904297,29.944400787353516,30.35919952392578,30.771099090576172,31.180099487304688,31.58609962463379,31.989200592041016,32.38949966430664,32.78689956665039,33.18159866333008,33.57339859008789,33.96260070800781,34.3489990234375,34.7327995300293,35.11389923095703,35.492401123046875,35.86819839477539,36.24150085449219,36.61220169067383,36.98040008544922,37.346099853515625,37.70930099487305],