{"params":{"v0":35,"theta_deg":50},"models":{"level1":{"x":[0.0,0.5652999877929688,1.1304999589920044,1.6957999467849731,2.2611000537872314,2.8262999057769775,3.3915998935699463,3.956899881362915,4.52209997177124,5.087399959564209,5.652699947357178,6.217899799346924,6.783199787139893,7.348499774932861,7.913700103759766,8.479000091552734,9.04419994354248,9.60949993133545,10.174799919128418,10.739999771118164,11.305299758911133,11.870599746704102,12.435799598693848,13.001099586486816,13.566399574279785,14.131600379943848,14.696900367736816,15.262200355529785,15.827400207519531,16.3927001953125,16.95800018310547,17.5231990814209,18.088499069213867,18.653799057006836,19.2189998626709,19.784299850463867,20.349599838256836,20.9148006439209,21.480100631713867,22.045400619506836,22.610599517822266,23.175899505615234,23.741199493408203,24.306400299072266,24.871700286865234,25.437000274658203,26.002199172973633,26.5674991607666,27.132699966430664,27.697999954223633,28.2632999420166,28.828500747680664,29.393800735473633,29.9591007232666,30.52429962158203,31.089599609375,31.65489959716797,32.22010040283203,32.785400390625,33.35070037841797,33.91590118408203,34.481201171875,35.04650115966797,35.611698150634766,36.176998138427734,36.7422981262207,37.307498931884766,37.872798919677734,38.4380989074707,39.003299713134766,39.568599700927734,40.1338996887207,40.699100494384766,41.264400482177734,41.8296012878418,42.394901275634766,42.960201263427734,43.5255012512207,44.0906982421875,44.65599822998047,45.22119903564453,45.7864990234375,46.35179901123047,46.91699981689453,47.4822998046875,48.04759979248047,48.61280059814453,49.1781005859375,49.74340057373047,50.30860137939453,50.8739013671875,51.43920135498047,52.004398345947266,52.569698333740234,53.1349983215332,53.700199127197266,54.265499114990234,54.8307991027832,55.395999908447266,55.961299896240234,56.5265998840332,57.091800689697266,57.657100677490234,58.2224006652832,58.787601470947266,59.352901458740234,59.91809844970703,60.4833984375,61.04869842529297,61.61399841308594,62.17919921875,62.74449920654297,63.30979919433594,63.875,64.44029998779297,65.00550079345703,65.57080078125,66.13610076904297,66.70130157470703,67.2666015625,67.83190155029297,68.39710235595703,68.96240234375,69.52770233154297,70.09290313720703,70.658203125,71.22350311279297,71.7886962890625,72.35399627685547,72.91929626464844,73.4844970703125,74.04979705810547,74.61509704589844,75.1802978515625,75.74559783935547,76.31079864501953,76.8760986328125,77.44139862060547,78.00659942626953,78.5718994140625,79.13719940185547,79.70240020751953,80.2677001953125,80.83300018310547,81.39820098876953,81.9635009765625,82.52880096435547,83.09400177001953,83.6593017578125,84.22460174560547,84.78980255126953,85.3551025390625,85.92040252685547,86.48560333251953,87.0509033203125,87.61620330810547,88.181396484375,88.74669647216797,89.31199645996094,89.877197265625,90.44249725341797,91.00779724121094,91.572998046875,92.13829803466797,92.70359802246094,93.268798828125,93.83409881591797,94.39939880371094,94.964599609375,95.52989959716797,96.09510040283203,96.660400390625,97.22570037841797,97.79100036621094,98.356201171875,98.92150115966797,99.48680114746094,100.052001953125,100.61730194091797,101.18250274658203,101.747802734375,102.31310272216797,102.87830352783203,103.443603515625,104.00890350341797,104.5740966796875,105.13939666748047,105.70469665527344,106.2698974609375,106.83519744873047,107.40049743652344,107.9656982421875,108.53099822998047,109.09629821777344,109.6614990234375,110.22679901123047,110.79199981689453,111.3572998046875,111.92259979248047,112.48789978027344],"y":[0.0,0.6705999970436096,1.3349000215530396,1.9931000471115112,2.6451001167297363,3.2908999919891357,3.930500030517578,4.563899993896484,5.191100120544434,5.812099933624268,6.4268999099731445,7.035600185394287,7.638000011444092,8.234199523925781,8.824299812316895,9.408100128173828,9.985799789428711,10.557299613952637,11.122599601745605,11.681599617004395,12.23449993133545,12.781200408935547,13.321800231933594,13.856100082397461,14.384200096130371,14.906100273132324,15.421799659729004,15.931400299072266,16.43470001220703,16.931900024414062,17.42289924621582,17.90760040283203,18.386199951171875,18.858600616455078,19.324800491333008,19.784799575805664,20.23859977722168,20.686199188232422,21.127599716186523,21.56279945373535,21.991899490356445,22.41469955444336,22.83139991760254,23.24180030822754,23.646099090576172,24.044099807739258,24.43600082397461,24.821699142456055,25.201200485229492,25.574499130249023,25.941600799560547,26.302499771118164,26.65719985961914,27.005699157714844,27.348100662231445,27.684200286865234,28.01409912109375,28.337900161743164,28.655399322509766,28.966800689697266,29.27199935913086,29.570999145507812,29.863800048828125,30.150299072265625,30.430700302124023,30.704999923706055,30.972999572753906,31.234800338745117,31.490400314331055,31.739900588989258,31.98310089111328,32.22019958496094,32.45100021362305,32.67570114135742,32.894100189208984,33.10639953613281,33.3125,33.51240158081055,33.70610046386719,33.89360046386719,34.07490158081055,34.25,34.41899871826172,34.58169937133789,34.73820114135742,34.88859939575195,35.03269958496094,35.17070007324219,35.302398681640625,35.428001403808594,35.547401428222656,35.66059875488281,35.767601013183594,35.86840057373047,35.9630012512207,36.05139923095703,36.13359832763672,36.20970153808594,36.27949905395508,36.343101501464844,36.40060043334961,36.45180130004883,36.49689865112305,36.53580093383789,36.56840133666992,36.59489822387695,36.61520004272461,36.62929916381836,36.63719940185547,36.63890075683594,36.634498596191406,36.62379837036133,36.60689926147461,36.583900451660156,36.55459976196289,36.51919937133789,36.477500915527344,36.4296989440918,36.375701904296875,36.31549835205078,36.24909973144531,36.17649841308594,36.09769821166992,36.012699127197266,35.92150115966797,35.824100494384766,35.72060012817383,35.610801696777344,35.49489974975586,35.37269973754883,35.24440002441406,35.109798431396484,34.96910095214844,34.822200775146484,34.66910171508789,34.50979995727539,34.34429931640625,34.17259979248047,33.99470138549805,33.81060028076172,33.620399475097656,33.42390060424805,33.22129821777344,33.01240158081055,32.797401428222656,32.57609939575195,32.34870147705078,32.1151008605957,31.87529945373535,31.62929916381836,31.37700080871582,31.11870002746582,30.85409927368164,30.58329963684082,30.306299209594727,30.0231990814209,29.733800888061523,29.438199996948242,29.136499404907227,28.82859992980957,28.514400482177734,28.19409942626953,27.867599487304688,27.534900665283203,27.195999145507812,26.850900650024414,26.49959945678711,26.142099380493164,25.778400421142578,25.40850067138672,25.032499313354492,24.65019989013672,24.26180076599121,23.86709976196289,23.466299057006836,23.05929946899414,22.645999908447266,22.226600646972656,21.801000595092773,21.369199752807617,20.93120002746582,20.48699951171875,20.03660011291504,19.58009910583496,19.117300033569336,18.648300170898438,18.173200607299805,17.69179916381836,17.204299926757812,16.710599899291992,16.210599899291992,15.704500198364258,15.19219970703125,14.673700332641602,14.14900016784668,13.6181001663208,13.081100463867188,12.537799835205078,11.988300323486328,11.432600021362305]},