{"params":{"v0":25,"theta_deg":35},"models":{"level1":{"x":[0.0,0.5145000219345093,1.029099941253662,1.5435999631881714,2.058199882507324,2.572700023651123,3.0873000621795654,3.601799964904785,4.116300106048584,4.630899906158447,5.145400047302246,5.659999847412109,6.174499988555908,6.6890997886657715,7.20359992980957,7.718100070953369,8.23270034790039,8.747200012207031,9.261799812316895,9.776300430297852,10.290900230407715,10.805399894714355,11.319899559020996,11.834500312805176,12.348999977111816,12.86359977722168,13.378100395202637,13.8927001953125,14.40719985961914,14.921699523925781,15.436300277709961,15.950799942016602,16.46540069580078,16.979900360107422,17.49449920654297,18.009000778198242,18.523500442504883,19.03809928894043,19.552600860595703,20.06719970703125,20.58169937133789,21.09630012512207,21.61079978942871,22.12529945373535,22.63990020751953,23.154399871826172,23.66900062561035,24.183500289916992,24.69809913635254,25.212600708007812,25.727100372314453,26.24169921875,26.756200790405273,27.27079963684082,27.78529930114746,28.299800872802734,28.81439971923828,29.328899383544922,29.8435001373291,30.357999801635742,30.872600555419922,31.387100219726562,31.901599884033203,32.41619873046875,32.93069839477539,33.4453010559082,33.959800720214844,34.47439956665039,34.98889923095703,35.503501892089844,36.018001556396484,36.532501220703125,37.04710006713867,37.56159973144531,38.07619857788086,38.5906982421875,39.10530090332031,39.61980056762695,40.134300231933594,40.64889907836914,41.16339874267578,41.678001403808594,42.192501068115234,42.707000732421875,43.22159957885742,43.73609924316406,44.250701904296875,44.765201568603516,45.27980041503906,45.7943000793457,46.308799743652344,46.82339859008789,47.33789825439453,47.852500915527344,48.367000579833984,48.88159942626953,49.39609909057617,49.910701751708984,50.425201416015625,50.939701080322266,51.45429992675781,51.96879959106445,52.4833984375,52.99789810180664,53.51240158081055,54.027000427246094,54.541500091552734,55.05609893798828,55.57059860229492,56.085201263427734,56.599700927734375,57.11429977416992,57.62879943847656,58.1432991027832,58.657901763916016,59.172401428222656,59.6870002746582],"y":[0.0,0.3571999967098236,0.7081999778747559,1.0529999732971191,1.3916000127792358,1.7239999771118164,2.0501999855041504,2.370300054550171,2.6840999126434326,2.99180006980896,3.2932000160217285,3.5885000228881836,3.877500057220459,4.160399913787842,4.437099933624268,4.707600116729736,4.97189998626709,5.230000019073486,5.481900215148926,5.72760009765625,5.967100143432617,6.200500011444092,6.427599906921387,6.648499965667725,6.86329984664917,7.071800231933594,7.274199962615967,7.470399856567383,7.660399913787842,7.844099998474121,8.021699905395508,8.193099975585938,8.35830020904541,8.517399787902832,8.67020034790039,8.816800117492676,8.957200050354004,9.091500282287598,9.219499588012695,9.341400146484375,9.456999778747559,9.566499710083008,9.6697998046875,9.766900062561035,9.857799530029297,9.942500114440918,10.020999908447266,10.093299865722656,10.15939998626709,10.219300270080566,10.273099899291992,10.320599555969238,10.361900329589844,10.397100448608398,10.42609977722168,10.448800086975098,10.465399742126465,10.475799560546875,10.479999542236328,10.477999687194824,10.469799995422363,10.455400466918945,10.434800148010254,10.407999992370605,10.375,10.33590030670166,10.290499687194824,10.23900032043457,10.18120002746582,10.117300033569336,10.047200202941895,9.970800399780273,9.888299942016602,9.799599647521973,9.704700469970703,9.603599548339844,9.496299743652344,9.382800102233887,9.263199806213379,9.137299537658691,9.005200386047363,8.866999626159668,8.72249984741211,8.571900367736816,8.41510009765625,8.252099990844727,8.082799911499023,7.907400131225586,7.725800037384033,7.538000106811523,7.343999862670898,7.143799781799316,6.9375,6.724899768829346,6.506100177764893,6.281199932098389,6.050000190734863,5.812699794769287,5.569200038909912,5.319399833679199,5.063499927520752,4.801400184631348,4.533100128173828,4.258600234985352,3.9779000282287598,3.690999984741211,3.397900104522705,3.098599910736084,2.7932000160217285,2.4814999103546143,2.1637001037597656,1.8395999670028687,1.5094000101089478,1.1729999780654907,0.8303999900817871,0.4814999997615814,0.1264999955892563]},"level2":{"x":[0.0,0.5117999911308289,1.0181000232696533,1.5191999673843384,2.0151000022888184,2.5058999061584473,2.9918999671936035,3.4732000827789307,3.949700117111206,4.421800136566162,4.889400005340576,5.352700233459473,5.811800003051758,6.2667999267578125,6.717700004577637,7.16480016708374,7.607999801635742,8.04740047454834,8.483200073242188,8.915399551391602,9.344099998474121,9.76930046081543,10.191200256347656,10.609800338745117,11.025199890136719,11.437399864196777,11.846500396728516,12.252599716186523,12.655699729919434,13.055899620056152,13.453200340270996,13.847700119018555,14.239399909973145,14.628399848937988,15.014800071716309,15.398500442504883,15.77970027923584,16.158300399780273,16.534400939941406,16.908000946044922,17.279300689697266,17.648099899291992,18.01460075378418,18.378799438476562,18.740699768066406,19.100400924682617,19.457799911499023,19.813100814819336,20.166099548339844,20.517099380493164,20.86590003967285,21.212600708007812,21.557199478149414,21.899799346923828,22.240400314331055,22.57900047302246,22.915599822998047,23.250200271606445,23.582799911499023,23.91349983215332,24.242300033569336,24.56920051574707,24.89419937133789,25.217300415039062,25.53860092163086,25.857999801635742,26.175500869750977,26.491199493408203,26.805099487304688,27.11709976196289,27.427400588989258,27.73590087890625,28.042499542236328,28.347400665283203,28.65049934387207,28.951799392700195,29.251399993896484,29.5492000579834,29.845300674438477,30.13960075378418,30.432100296020508,30.722900390625,31.011999130249023,31.299400329589844,31.584999084472656,31.868799209594727,32.1510009765625,32.43149948120117,32.710201263427734,32.98720169067383,33.26250076293945,33.5359992980957,33.807899475097656,34.07809829711914,34.346500396728516,34.61330032348633,34.878299713134766,35.141700744628906,35.40330123901367,35.663299560546875],"y":[0.0,0.35530000925064087,0.7006000280380249,1.0362000465393066,1.3621000051498413,1.6785999536514282,1.98580002784729,2.283799886703491,2.572700023651123,2.852799892425537,3.124000072479248,3.3866000175476074,3.6405999660491943,3.886199951171875,4.123499870300293,4.352499961853027,4.573400020599365,4.786300182342529,4.991199970245361,5.188300132751465,5.377600193023682,5.559199810028076,5.7332000732421875,5.899700164794922,6.058700084686279,6.210400104522705,6.354700088500977,6.491799831390381,6.621699810028076,6.744500160217285,6.860300064086914,6.969099998474121,7.070899963378906,7.165800094604492,7.254000186920166,7.335299968719482,7.409999847412109,7.478000164031982,7.539299964904785,7.594099998474121,7.642399787902832,7.684100151062012,7.7195000648498535,7.7484002113342285,7.770999908447266,7.787199974060059,7.7972002029418945,7.801000118255615,7.798500061035156,7.789899826049805,7.775199890136719,7.75439977645874,7.727499961853027,7.694699764251709,7.655799865722656,7.611000061035156,7.560299873352051,7.503699779510498,7.441299915313721,7.373000144958496,7.298999786376953,7.219200134277344,7.133699893951416,7.042600154876709,6.945799827575684,6.843299865722656,6.735300064086914,6.621799945831299,6.502699851989746,6.3780999183654785,6.2480998039245605,6.112599849700928,5.971799850463867,5.8256001472473145,5.674099922180176,5.517300128936768,5.355299949645996,5.188000202178955,5.015500068664551,4.837900161743164,4.655200004577637,4.467299938201904,4.274499893188477,4.076600074768066,3.873699903488159,3.6658999919891357,3.4530999660491943,3.2355000972747803,3.0130999088287354,2.785799980163574,2.553800106048584,2.316999912261963,2.0755999088287354,1.8294999599456787,1.5786999464035034,1.3234000205993652,1.063599944114685,0.7991999983787537,0.5303999781608582,0.257099986076355]},