{"params":{"v0":20,"theta_deg":45},"models":{"level1":{"x":[0.0,0.35530000925064087,0.7106999754905701,1.065999984741211,1.4213000535964966,1.7767000198364258,2.131999969482422,2.487299919128418,2.842600107192993,3.197999954223633,3.553299903869629,3.908600091934204,4.263999938964844,4.61929988861084,4.974599838256836,5.329999923706055,5.685299873352051,6.040599822998047,6.395899772644043,6.751299858093262,7.106599807739258,7.461900234222412,7.817299842834473,8.172599792480469,8.527899742126465,8.883299827575684,9.23859977722168,9.593899726867676,9.949199676513672,10.30459976196289,10.659899711608887,11.015199661254883,11.370599746704102,11.725899696350098,12.081199645996094,12.436599731445312,12.791899681091309,13.147199630737305,13.5024995803833,13.85789966583252,14.213199615478516,14.568499565124512,14.92389965057373,15.279199600219727,15.634499549865723,15.989800453186035,16.345199584960938,16.70050048828125,17.05579948425293,17.41119956970215,17.76650047302246,18.12179946899414,18.47719955444336,18.832500457763672,19.18779945373535,19.54319953918457,19.898500442504883,20.253799438476562,20.609100341796875,20.964500427246094,21.319799423217773,21.675100326538086,22.030500411987305,22.385799407958984,22.741100311279297,23.096500396728516,23.451799392700195,23.807100296020508,24.162399291992188,24.517799377441406,24.87310028076172,25.2283992767334,25.583799362182617,25.93910026550293,26.29439926147461,26.649799346923828,27.00510025024414,27.36039924621582,27.715700149536133,28.07110023498535,28.42639923095703,28.781700134277344,29.137100219726562,29.492399215698242,29.847700119018555,30.203100204467773,30.558399200439453,30.913700103759766,31.269100189208984,31.624399185180664,31.979700088500977,32.334999084472656,32.690399169921875,33.04570007324219,33.4010009765625,33.75640106201172,34.111698150634766,34.46699905395508,34.82229995727539,35.17770004272461,35.53300094604492,35.888301849365234,36.24369812011719,36.5989990234375,36.95429992675781,37.30970001220703,37.665000915527344,38.020301818847656,38.3755989074707,38.73099899291992,39.086299896240234,39.44160079956055,39.797000885009766,40.15230178833008,40.507598876953125],"y":[0.0,0.3522000014781952,0.6983000040054321,1.038100004196167,1.3717999458312988,1.6992000341415405,2.0204999446868896,2.335599899291992,2.6445000171661377,2.947200059890747,3.2435998916625977,3.5339999198913574,3.8180999755859375,4.0960001945495605,4.367700099945068,4.633200168609619,4.892600059509277,5.145699977874756,5.3927001953125,5.633399963378906,5.868000030517578,6.096399784088135,6.31850004196167,6.5345001220703125,6.74429988861084,6.94789981842041,7.145299911499023,7.336599826812744,7.521599769592285,7.700399875640869,7.873000144958496,8.03950023651123,8.199700355529785,8.353799819946289,8.501700401306152,8.64330005645752,8.778800010681152,8.908100128173828,9.031200408935547,9.148099899291992,9.25879955291748,9.363300323486328,9.461600303649902,9.55370044708252,9.639699935913086,9.719400405883789,9.793000221252441,9.860300064086914,9.921500205993652,9.976400375366211,10.025199890136719,10.06779956817627,10.10420036315918,10.134400367736816,10.15839958190918,10.176199913024902,10.187800407409668,10.19320011138916,10.192500114440918,10.185500144958496,10.17240047454834,10.152999877929688,10.1274995803833,10.09570026397705,10.05780029296875,10.013699531555176,9.963399887084961,9.906900405883789,9.844200134277344,9.775300025939941,9.700200080871582,9.618900299072266,9.531399726867676,9.437800407409668,9.337900161743164,9.231900215148926,9.119600296020508,9.001199722290039,8.87660026550293,8.745699882507324,8.608699798583984,8.465499877929688,8.316100120544434,8.160499572753906,7.998700141906738,7.830699920654297,7.656599998474121,7.476200103759766,7.289599895477295,7.09689998626709,6.897900104522705,6.692800045013428,6.481500148773193,6.263899803161621,6.040200233459473,5.810299873352051,5.57420015335083,5.331900119781494,5.083399772644043,4.828700065612793,4.56790018081665,4.30079984664917,4.027500152587891,3.7481000423431396,3.462399959564209,3.170599937438965,2.8726000785827637,2.5683000087738037,2.2578999996185303,1.9413000345230103,1.618499994277954,1.2894999980926514,0.9542999863624573,0.6129000186920166,0.2653999924659729]},"level2":{"x":[0.0,0.3537999987602234,0.7045999765396118,1.0525000095367432,1.3975000381469727,1.7396999597549438,2.079200029373169,2.416100025177002,2.7502999305725098,3.0820999145507812,3.411400079727173,3.738300085067749,4.06279993057251,4.3850998878479,4.705100059509277,5.022900104522705,5.338600158691406,5.652200222015381,5.963699817657471,6.273200035095215,6.5808000564575195,6.886499881744385,7.190299987792969,7.492300033569336,7.792500019073486,8.090900421142578,8.38759994506836,8.682600021362305,8.975899696350098,9.267600059509277,9.557700157165527,9.84630012512207,10.133299827575684,10.418800354003906,10.702799797058105,10.985400199890137,11.266500473022461,11.546199798583984,11.824600219726562,12.101499557495117,12.377099990844727,12.651399612426758,12.924400329589844,13.196000099182129,13.466400146484375,13.73550033569336,14.003399848937988,14.270000457763672,14.535400390625,14.799599647521973,15.062600135803223,15.324399948120117,15.585100173950195,15.844499588012695,16.102800369262695,16.360000610351562,16.61590003967285,16.870800018310547,17.124500274658203,17.37700080871582,17.62849998474121,17.878799438476562,18.127899169921875,18.375999450683594,18.622900009155273,18.86870002746582,19.113399505615234,19.35700035095215,19.59939956665039,19.84079933166504,20.08099937438965,20.320100784301758,20.558000564575195,20.79490089416504,21.03059959411621,21.265100479125977,21.498600006103516,21.730899810791016,21.961999893188477,22.192100524902344,22.420900344848633,22.648700714111328,22.875200271606445,23.10059928894043,23.324899673461914,23.54800033569336,23.769899368286133,23.9906005859375,24.2101993560791,24.428600311279297,24.64579963684082,24.861799240112305,25.07659912109375,25.290199279785156,25.502700805664062,25.713899612426758,25.923900604248047,26.132699966430664,26.340299606323242,26.546600341796875,26.751800537109375,26.955699920654297],"y":[0.0,0.3506999909877777,0.692300021648407,1.0247999429702759,1.3485000133514404,1.6633000373840332,1.969499945640564,2.267199993133545,2.5564000606536865,2.8371999263763428,3.109800100326538,3.3742001056671143,3.6305999755859375,3.8789000511169434,4.1194000244140625,4.352099895477295,4.577000141143799,4.794300079345703,5.003900051116943,5.206099987030029,5.4008002281188965,5.588099956512451,5.768099784851074,5.940800189971924,6.106299877166748,6.264699935913086,6.415999889373779,6.560299873352051,6.697500228881836,6.827899932861328,6.951300144195557,7.06790018081665,7.177700042724609,7.280799865722656,7.377099990844727,7.466800212860107,7.549799919128418,7.626200199127197,7.696100234985352,7.759500026702881,7.816299915313721,7.866799831390381,7.910799980163574,7.948400020599365,7.979599952697754,8.004599571228027,8.023200035095215,8.035599708557129,8.04170036315918,8.041600227355957,8.035400390625,8.02299976348877,8.004400253295898,7.979800224304199,7.949100017547607,7.912399768829346,7.869699954986572,7.820899963378906,7.766200065612793,7.705599784851074,7.639100074768066,7.5665998458862305,7.488399982452393,7.404300212860107,7.3144001960754395,7.218699932098389,7.117300033569336,7.010200023651123,6.89739990234375,6.778900146484375,6.654799938201904,6.525100231170654,6.389900207519531,6.249100208282471,6.102799892425537,5.951000213623047,5.793700218200684,5.631100177764893,5.463099956512451,5.289700031280518,5.111000061035156,4.92710018157959,4.7378997802734375,4.543499946594238,4.343900203704834,4.139100074768066,3.92930006980896,3.714400053024292,3.494499921798706,3.2695000171661377,3.0397000312805176,2.8048999309539795,2.565200090408325,2.32069993019104,2.0713000297546387,1.8172999620437622,1.558500051498413,1.2949999570846558,1.0268000364303589,0.7541000247001648,0.47679999470710754,0.19499999284744263]},