{"params":{"v0":10,"theta_deg":45},"models":{"level1":{"x":[0.0,0.1776999980211258,0.35530000925064087,0.5329999923706055,0.7106999754905701,0.8883000016212463,1.065999984741211,1.2437000274658203,1.4213000535964966,1.5989999771118164,1.7767000198364258,1.954300045967102,2.131999969482422,2.3096001148223877,2.487299919128418,2.6649999618530273,2.842600107192993,3.0202999114990234,3.197999954223633,3.3756000995635986,3.553299903869629,3.7309999465942383,3.908600091934204,4.086299896240234,4.263999938964844,4.4415998458862305,4.61929988861084,4.796999931335449,4.974599838256836,5.152299880981445,5.329999923706055,5.507599830627441,5.685299873352051,5.8628997802734375,6.040599822998047,6.218299865722656,6.395899772644043,6.573599815368652,6.751299858093262,6.928899765014648,7.106599807739258,7.284299850463867,7.461900234222412,7.639599800109863,7.817299842834473,7.994900226593018,8.172599792480469,8.350299835205078,8.527899742126465,8.705599784851074,8.883199691772461,9.06089973449707,9.23859977722168,9.416199684143066,9.593899726867676,9.771599769592285,9.949199676513672,10.126899719238281],"y":[0.0,0.1746000051498413,0.34290000796318054,0.5051000118255615,0.6610999703407288,0.8108999729156494,0.9545000195503235,1.0918999910354614,1.223099946975708,1.3481999635696411,1.4670000076293945,1.5795999765396118,1.6861000061035156,1.7862999439239502,1.8803999423980713,1.9682999849319458,2.0499000549316406,2.1254000663757324,2.194700002670288,2.2578001022338867,2.31469988822937,2.3654000759124756,2.409899950027466,2.448199987411499,2.4804000854492188,2.5062999725341797,2.5260000228881836,2.539599895477295,2.546999931335449,2.548099994659424,2.543100118637085,2.531899929046631,2.514400005340576,2.490799903869629,2.4609999656677246,2.424999952316284,2.3828999996185303,2.3345000743865967,2.279900074005127,2.219099998474121,2.1521999835968018,2.0789999961853027,1.9996999502182007,1.914199948310852,1.8223999738693237,1.7244999408721924,1.6203999519348145,1.51010000705719,1.3935999870300293,1.270900011062622,1.1419999599456787,1.0068999528884888,0.8655999898910522,0.7182000279426575,0.5644999742507935,0.40459999442100525,0.2386000007390976,0.06629999727010727]},"level2":{"x":[0.0,0.17730000615119934,0.3537999987602234,0.5296000242233276,0.7046999931335449,0.8791000247001648,1.0528000593185425,1.2258000373840332,1.398300051689148,1.5700000524520874,1.7411999702453613,1.9118000268936157,2.081700086593628,2.2511000633239746,2.4200000762939453,2.5882999897003174,2.75600004196167,2.9231998920440674,3.0899999141693115,3.256200075149536,3.4219000339508057,3.587100028991699,3.751800060272217,3.916100025177002,4.079800128936768,4.243199825286865,4.406000137329102,4.568399906158447,4.730400085449219,4.891900062561035,5.0528998374938965,5.213500022888184,5.373600006103516,5.533299922943115,5.692599773406982,5.851399898529053,6.009699821472168,6.167600154876709,6.324999809265137,6.48199987411499,6.638500213623047,6.79449987411499,6.949999809265137,7.105100154876709,7.259699821472168,7.41379976272583,7.567399978637695,7.7204999923706055,7.8730998039245605,8.025099754333496,8.1766996383667,8.327699661254883,8.478099822998047,8.628000259399414,8.777400016784668,8.926199913024902],"y":[0.0,0.17419999837875366,0.34150001406669617,0.5019000172615051,0.6553999781608582,0.8022000193595886,0.9422000050544739,1.0755000114440918,1.2022000551223755,1.3221999406814575,1.4355000257492065,1.5422999858856201,1.6426000595092773,1.736299991607666,1.8235000371932983,1.9042999744415283,1.978600025177002,2.0464999675750732,2.1080000400543213,2.1631999015808105,2.2119998931884766,2.2544000148773193,2.290600061416626,2.320499897003174,2.344099998474121,2.3613998889923096,2.372499942779541,2.3773999214172363,2.3761000633239746,2.3687000274658203,2.3550000190734863,2.335200071334839,2.309299945831299,2.2772998809814453,2.2392001152038574,2.194999933242798,2.144700050354004,2.088399887084961,2.026099920272827,1.957800030708313,1.8834999799728394,1.8032000064849854,1.7170000076293945,1.624899983406067,1.526900053024292,1.4229999780654907,1.3133000135421753,1.197700023651123,1.0764000415802002,0.9491999745368958,0.8163999915122986,0.6777999997138977,0.5335000157356262,0.38359999656677246,0.2281000018119812,0.06689999997615814]},"level3":{"x":[0.0,0.17720000445842743,0.35359999537467957,0.5291000008583069,0.7038999795913696,0.8777999877929688,1.0508999824523926,1.2233999967575073,1.3950999975204468,1.566100001335144,1.7364000082015991,1.906000018119812,2.075000047683716,2.243299961090088,2.411099910736084,2.578200101852417,2.744800090789795,2.910799980163574,3.076200008392334,3.2411000728607178,3.4054999351501465,3.5694000720977783,3.7327001094818115,3.8956000804901123,4.058000087738037,4.219900131225586,4.38129997253418,4.542300224304199,4.7027997970581055,4.8628997802734375,5.022600173950195,5.18179988861084,5.34060001373291,5.499000072479248,5.656899929046631,5.814499855041504,5.97160005569458,6.128300189971924,6.284599781036377,6.440499782562256,6.595900058746338,6.750999927520752,6.905600070953369,7.059800148010254,7.213600158691406,7.367000102996826,7.519899845123291,7.672500133514404,7.8246002197265625,7.976200103759766,8.127400398254395,8.278200149536133,8.428600311279297,8.578499794006348,8.727899551391602,8.876899719238281,9.025500297546387],"y":[0.0,0.17419999837875366,0.3416999876499176,0.5023999810218811,0.6563000082969666,0.803600013256073,0.9441999793052673,1.0781999826431274,1.2057000398635864,1.3265999555587769,1.440999984741211,1.5489000082015991,1.6504000425338745,1.7454999685287476,1.8341000080108643,1.9163999557495117,1.992400050163269,2.062000036239624,2.1254000663757324,2.182499885559082,2.233299970626831,2.277899980545044,2.3162999153137207,2.3485000133514404,2.374500036239624,2.394399881362915,2.408099889755249,2.415800094604492,2.41729998588562,2.4126999378204346,2.4019999504089355,2.3852999210357666,2.362600088119507,2.3338000774383545,2.299099922180176,2.2583000659942627,2.2116000652313232,2.158900022506714,2.1003000736236572,2.035799980163574,1.9652999639511108,1.8890000581741333,1.8069000244140625,1.7188999652862549,1.625100016593933,1.5255000591278076,1.4200999736785889,1.309000015258789,1.1921000480651855,1.069599986076355,0.9413999915122986,0.8075000047683716,0.6680999994277954,0.5230000019073486,0.3723999857902527,0.21619999408721924,0.05460000038146973]}}}