{"params":{"v0":40,"theta_deg":20},"models":{"level1":{"x":[0.0,0.9444000124931335,1.888800024986267,2.833199977874756,3.7776999473571777,4.722099781036377,5.666500091552734,6.610899925231934,7.555300235748291,8.499699592590332,9.444100379943848,10.38860034942627,11.333000183105469,12.277400016784668,13.221799850463867,14.166199684143066,15.110600471496582,16.05500030517578,16.999500274658203,17.943899154663086,18.8882999420166,19.832700729370117,20.777099609375,21.721500396728516,22.666000366210938,23.61039924621582,24.554800033569336,25.49920082092285,26.443599700927734,27.38800048828125,28.332399368286133,29.276899337768555,30.22130012512207,31.165700912475586,32.11009979248047,33.054500579833984,33.9989013671875,34.94329833984375,35.88779830932617,36.83219909667969,37.7765998840332,38.72100067138672,39.665401458740234,40.609798431396484,41.55419921875,42.49869918823242,43.44309997558594,44.38750076293945,45.33190155029297,46.27629852294922,47.220699310302734,48.16510009765625,49.10960006713867,50.05400085449219,50.9984016418457,51.94279861450195,52.88719940185547,53.831600189208984,54.7760009765625,55.72050094604492,56.66490173339844,57.60929870605469,58.5536994934082,59.49810028076172,60.442501068115234,61.38690185546875,62.33140182495117,63.27579879760742,64.22019958496094,65.16459655761719,66.10900115966797,67.05339813232422,67.997802734375,68.94229888916016,69.88670349121094,70.83110046386719,71.77549743652344,72.71990203857422,73.66429901123047,74.60880279541016,75.5531997680664,76.49759674072266,77.44200134277344,78.38639831542969,79.33080291748047,80.27519989013672,81.2197036743164,82.16410064697266,83.1084976196289,84.05290222167969,84.99729919433594,85.94170379638672,86.88610076904297,87.83059692382812,88.7750015258789,89.71939849853516,90.66380310058594,91.60820007324219,92.55259704589844,93.49700164794922,94.44149780273438,95.38590240478516,96.3302993774414,97.27469635009766,98.21910095214844,99.16349792480469,100.10800170898438,101.05239868164062,101.9968032836914,102.94120025634766,103.8855972290039,104.83000183105469],"y":[0.0,0.34060001373291016,0.6751000285148621,1.0032999515533447,1.3253999948501587,1.6412999629974365,1.9509999752044678,2.2544000148773193,2.5517001152038574,2.8427999019622803,3.127700090408325,3.406399965286255,3.678999900817871,3.9453001022338867,4.205399990081787,4.459400177001953,4.707099914550781,4.948699951171875,5.184000015258789,5.4131999015808105,5.636199951171875,5.853000164031982,6.063499927520752,6.267899990081787,6.466100215911865,6.658100128173828,6.843999862670898,7.023600101470947,7.197000026702881,7.364299774169922,7.525300025939941,7.680200099945068,7.828800201416016,7.97130012512207,8.107600212097168,8.237600326538086,8.361499786376953,8.47920036315918,8.590700149536133,8.696000099182129,8.795100212097168,8.888099670410156,8.974800109863281,9.055299758911133,9.12969970703125,9.197799682617188,9.25979995727539,9.315500259399414,9.365099906921387,9.408499717712402,9.445699691772461,9.476699829101562,9.501399993896484,9.520099639892578,9.532500267028809,9.538700103759766,9.538700103759766,9.532500267028809,9.5201997756958,9.50160026550293,9.476900100708008,9.445899963378906,9.40880012512207,9.365500450134277,9.315999984741211,9.260199546813965,9.1983003616333,9.130200386047363,9.055899620056152,8.975500106811523,8.888799667358398,8.795900344848633,8.696900367736816,8.59160041809082,8.480199813842773,8.362500190734863,8.238699913024902,8.108599662780762,7.972400188446045,7.829999923706055,7.681399822235107,7.526599884033203,7.365600109100342,7.198400020599365,7.025000095367432,6.8454999923706055,6.6596999168396,6.467800140380859,6.269599914550781,6.065299987792969,5.854700088500977,5.638000011444092,5.41510009765625,5.185999870300293,4.9506001472473145,4.709099769592285,4.461400032043457,4.207600116729736,3.947499990463257,3.6812000274658203,3.4086999893188477,3.1301000118255615,2.8452000617980957,2.5541999340057373,2.2569000720977783,1.9535000324249268,1.6439000368118286,1.3280999660491943,1.00600004196167,0.6777999997138977,0.3434000015258789,0.002899999963119626]},"level2":{"x":[0.0,0.9362999796867371,1.8567999601364136,2.7620999813079834,3.652600049972534,4.528900146484375,5.39139986038208,6.240600109100342,7.077000141143799,7.900899887084961,8.712699890136719,9.512900352478027,10.3016996383667,11.079500198364258,11.846599578857422,12.603400230407715,13.350099563598633,14.086999893188477,14.814299583435059,15.532500267028809,16.241600036621094,16.9419002532959,17.633699417114258,18.31719970703125,18.992599487304688,19.66010093688965,20.319900512695312,20.97209930419922,21.617000579833984,22.25469970703125,22.885400772094727,23.509300231933594,24.12649917602539,24.73710060119629,25.341299057006836,25.939300537109375,26.531200408935547,27.117000579833984,27.69700050354004,28.27120018005371,28.83970069885254,29.402799606323242,29.960399627685547,30.512699127197266,31.05970001220703,31.601699829101562,32.13859939575195,32.67060089111328,33.19770050048828,33.720001220703125,34.237701416015625,34.750701904296875,35.25920104980469,35.76319885253906,36.262901306152344,36.758201599121094,37.249298095703125,37.73609924316406,38.21889877319336,38.6974983215332,39.17219924926758,39.64289855957031,40.10960006713867,40.572601318359375,41.031700134277344,41.487098693847656,41.93870162963867,42.38679885864258,42.831199645996094,43.27199935913086,43.70930099487305,44.14310073852539,44.57350158691406,45.00040054321289,45.42399978637695,45.844200134277344,46.261199951171875,46.674800872802734,47.08530044555664,47.49250030517578,47.89649963378906,48.297401428222656,48.6952018737793,49.089900970458984,49.48160171508789,49.870201110839844,50.25579833984375,50.63840103149414,51.01810073852539,51.394798278808594],"y":[0.0,0.3377000093460083,0.6636000275611877,0.9779000282287598,1.281000018119812,1.5729999542236328,1.8544000387191772,2.1252999305725098,2.3859000205993652,2.6364998817443848,2.87719988822937,3.1084001064300537,3.3301000595092773,3.54259991645813,3.746000051498413,3.940500020980835,4.126299858093262,4.303500175476074,4.472300052642822,4.632699966430664,4.784999847412109,4.929200172424316,5.0655999183654785,5.1940999031066895,5.314899921417236,5.428199768066406,5.533999919891357,5.632500171661377,5.723700046539307,5.807700157165527,5.8846001625061035,5.954500198364258,6.017600059509277,6.073800086975098,6.123199939727783,6.165999889373779,6.202099800109863,6.231800079345703,6.255000114440918,6.2718000411987305,6.282199859619141,6.286399841308594,6.28439998626709,6.276299953460693,6.26200008392334,6.241799831390381,6.2154998779296875,6.1834001541137695,6.145299911499023,6.101500034332275,6.051799774169922,5.996500015258789,5.935500144958496,5.868800163269043,5.796599864959717,5.718800067901611,5.635499954223633,5.546800136566162,5.452600002288818,5.353099822998047,5.248199939727783,5.1381001472473145,5.02269983291626,4.9019999504089355,4.776299953460693,4.645299911499023,4.509300231933594,4.368199825286865,4.222099781036377,4.070899963378906,3.914799928665161,3.7537999153137207,3.587899923324585,3.4172000885009766,3.2416000366210938,3.061300039291382,2.876199960708618,2.686300039291382,2.49180006980896,2.2927000522613525,2.088900089263916,1.8804999589920044,1.6676000356674194,1.4501999616622925,1.2282999753952026,1.0019999742507935,0.7712000012397766,0.5360000133514404,0.29649999737739563,0.05270000174641609]},