{"params":{"v0":15,"theta_deg":25},"models":{"level1":{"x":[0.0,0.3416000008583069,0.6830999851226807,1.0247000455856323,1.3662999868392944,1.707900047302246,2.0494000911712646,2.3910000324249268,2.732599973678589,3.074199914932251,3.4156999588012695,3.7572999000549316,4.098899841308594,4.440499782562256,4.7820000648498535,5.123600006103516,5.465199947357178,5.806700229644775,6.1483001708984375,6.4899001121521,6.831500053405762,7.172999858856201,7.514599800109863,7.856200218200684,8.197799682617188,8.539299964904785,8.880900382995605,9.22249984741211,9.56410026550293,9.905599594116211,10.247200012207031,10.588800430297852,10.930299758911133,11.271900177001953,11.613499641418457,11.955100059509277,12.296600341796875,12.638199806213379,12.9798002243042,13.321399688720703,13.6628999710083,14.004500389099121,14.346099853515625,14.687600135803223,15.029199600219727,15.370800018310547,15.712400436401367,16.05389976501465,16.39550018310547,16.73710060119629,17.078699111938477,17.42020034790039],"y":[0.0,0.15620000660419464,0.3061999976634979,0.44999998807907104,0.5875999927520752,0.718999981880188,0.8442000150680542,0.9631999731063843,1.0759999752044678,1.1827000379562378,1.2831000089645386,1.3774000406265259,1.465399980545044,1.5472999811172485,1.6230000257492065,1.6924999952316284,1.7556999921798706,1.8128000497817993,1.863700032234192,1.908400058746338,1.9470000267028809,1.9793000221252441,2.0053999423980713,2.0253000259399414,2.039099931716919,2.046600103378296,2.0480000972747803,2.0432000160217285,2.032099962234497,2.014899969100952,1.9915000200271606,1.961899995803833,1.9261000156402588,1.8840999603271484,1.8358999490737915,1.781499981880188,1.720900058746338,1.6541999578475952,1.5812000036239624,1.5020999908447266,1.416700005531311,1.3251999616622925,1.2273999452590942,1.1234999895095825,1.0133999586105347,0.8970999717712402,0.7746000289916992,0.6459000110626221,0.5109999775886536,0.3698999881744385,0.22259999811649323,0.06920000165700912]},"level2":{"x":[0.0,0.34049999713897705,0.6787999868392944,1.0148999691009521,1.3489999771118164,1.680899977684021,2.0109000205993652,2.338900089263916,2.664900064468384,2.9890999794006348,3.311300039291382,3.631700038909912,3.950200080871582,4.267000198364258,4.581999778747559,4.895299911499023,5.2067999839782715,5.51669979095459,5.824900150299072,6.131400108337402,6.436399936676025,6.739699840545654,7.041399955749512,7.341599941253662,7.640200138092041,7.937300205230713,8.23289966583252,8.527000427246094,8.819499969482422,9.110600471496582,9.400300025939941,9.68850040435791,9.975199699401855,10.260499954223633,10.544400215148926,10.826899528503418,11.10789966583252,11.38759994506836,11.665800094604492,11.942700386047363,12.218199729919434,12.492300033569336,12.765000343322754,13.036299705505371,13.306300163269043,13.574899673461914,13.842100143432617,14.107999801635742,14.3725004196167],"y":[0.0,0.15569999814033508,0.3041999936103821,0.4456000030040741,0.5799000263214111,0.7071999907493591,0.8276000022888184,0.941100001335144,1.047700047492981,1.1476000547409058,1.2405999898910522,1.3270000219345093,1.4067000150680542,1.4797999858856201,1.5463000535964966,1.6061999797821045,1.6597000360488892,1.7066999673843384,1.7472000122070312,1.7813999652862549,1.8092000484466553,1.8307000398635864,1.8458000421524048,1.8547999858856201,1.8574999570846558,1.8539999723434448,1.8444000482559204,1.8286000490188599,1.8066999912261963,1.7788000106811523,1.7447999715805054,1.7049000263214111,1.6589000225067139,1.6069999933242798,1.5492000579833984,1.4854999780654907,1.4158999919891357,1.340499997138977,1.2592999935150146,1.1722999811172485,1.0795999765396118,0.9811999797821045,0.8770999908447266,0.767300009727478,0.6518999934196472,0.531000018119812,0.4043999910354614,0.27230000495910645,0.1348000019788742]},"level3":{"x":[0.0,0.34040001034736633,0.678600013256073,1.0145000219345093,1.3481999635696411,1.679800033569336,2.0092999935150146,2.336699962615967,2.662100076675415,2.985599994659424,3.3071000576019287,3.626699924468994,3.9444000720977783,4.260300159454346,4.574399948120117,4.88670015335083,5.197299957275391,5.506100177764893,5.813300132751465,6.118800163269043,6.422699928283691,6.724899768829346,7.025599956512451,7.324699878692627,7.622200012207031,7.918300151824951,8.212800025939941,8.505800247192383,8.79740047454834,9.087499618530273,9.376199722290039,9.663399696350098,9.949299812316895,10.233799934387207,10.516799926757812,10.798500061035156,11.078900337219238,11.35789966583252,11.635600090026855,11.91189956665039,12.18690013885498,12.460599899291992,12.732999801635742,13.00409984588623,13.273900032043457,13.542499542236328,13.809700012207031,14.075699806213379,14.340399742126465,14.603899955749512,14.866100311279297],"y":[0.0,0.155799999833107,0.3046000003814697,0.4465000033378601,0.58160001039505,0.7099000215530396,0.8313999772071838,0.9462000131607056,1.0543999671936035,1.156000018119812,1.2510000467300415,1.3394999504089355,1.4214999675750732,1.4970999956130981,1.5663000345230103,1.62909996509552,1.6856000423431396,1.73580002784729,1.7797000408172607,1.8174999952316284,1.8489999771118164,1.874400019645691,1.8937000036239624,1.9069000482559204,1.9141000509262085,1.9151999950408936,1.9103000164031982,1.899399995803833,1.882699966430664,1.8600000143051147,1.8314000368118286,1.7969000339508057,1.756700038909912,1.7106000185012817,1.6588000059127808,1.601199984550476,1.5379999876022339,1.468999981880188,1.3942999839782715,1.3141000270843506,1.2281999588012695,1.1368000507354736,1.0398000478744507,0.9372000098228455,0.829200029373169,0.7156999707221985,0.5968000292778015,0.4724999964237213,0.34279999136924744,0.2076999992132187,0.06729999929666519]}}}