{"params":{"v0":25,"theta_deg":20},"models":{"level1":{"x":[0.0,0.5903000235557556,1.1805000305175781,1.770799994468689,2.3610000610351562,2.9512999057769775,3.541599988937378,4.131800174713135,4.722099781036377,5.312300205230713,5.902599811553955,6.4928998947143555,7.083099842071533,7.673399925231934,8.26360034942627,8.853899955749512,9.444100379943848,10.03439998626709,10.624699592590332,11.214900016784668,11.80519962310791,12.395400047302246,12.985699653625488,13.576000213623047,14.166199684143066,14.756500244140625,15.346699714660645,15.937000274658203,16.527299880981445,17.11750030517578,17.707799911499023,18.29800033569336,18.8882999420166,19.478599548339844,20.06879997253418,20.659099578857422,21.249300003051758,21.839599609375,22.429800033569336,23.020099639892578,23.61039924621582,24.200599670410156,24.7908992767334,25.381099700927734,25.971399307250977,26.56170082092285,27.151899337768555,27.74220085144043,28.332399368286133,28.922700881958008,29.51300048828125,30.103200912475586,30.693500518798828,31.283700942993164,31.874000549316406,32.464298248291016,33.054500579833984,33.644798278808594,34.23500061035156,34.82529830932617,35.41559982299805,36.00579833984375,36.596099853515625,37.18629837036133,37.7765998840332,38.366798400878906,38.95709991455078,39.547401428222656,40.13759994506836,40.727901458740234],"y":[0.0,0.21170000731945038,0.4172999858856201,0.616599977016449,0.8098000288009644,0.9968000054359436,1.1775000095367432,1.3521000146865845,1.5204999446868896,1.6827000379562378,1.8387000560760498,1.9884999990463257,2.1321001052856445,2.2695999145507812,2.4007999897003174,2.5257999897003174,2.644700050354004,2.7572999000549316,2.863800048828125,2.964099884033203,3.0580999851226807,3.1459999084472656,3.2276999950408936,3.3032000064849854,3.372499942779541,3.4356000423431396,3.492500066757202,3.5432000160217285,3.5878000259399414,3.6261000633239746,3.6582000255584717,3.6842000484466553,3.703900098800659,3.7174999713897705,3.724900007247925,3.726099967956543,3.7209999561309814,3.7098000049591064,3.6923999786376953,3.668800115585327,3.6391000747680664,3.603100061416626,3.5608999729156494,3.512500047683716,3.4579999446868896,3.397200107574463,3.3303000926971436,3.2571001052856445,3.177799940109253,3.0922999382019043,3.0006000995635986,2.9026999473571777,2.7985000610351562,2.6882998943328857,2.5717999935150146,2.4491000175476074,2.320199966430664,2.1851000785827637,2.0439000129699707,1.896399974822998,1.742799997329712,1.582900047302246,1.4169000387191772,1.2446999549865723,1.0662000179290771,0.881600022315979,0.6908000111579895,0.49380001425743103,0.2906000018119812,0.0812000036239624]},"level2":{"x":[0.0,0.5871000289916992,1.1678999662399292,1.7426999807357788,2.3113999366760254,2.8743999004364014,3.4316999912261963,3.9835000038146973,4.529799938201904,5.070799827575684,5.6066999435424805,6.137499809265137,6.663300037384033,7.184199810028076,7.700399875640869,8.211999893188477,8.718999862670898,9.221500396728516,9.719599723815918,10.213399887084961,10.70300006866455,11.18850040435791,11.669899940490723,12.147299766540527,12.620699882507324,13.090399742126465,13.55620002746582,14.01830005645752,14.476799964904785,14.931599617004395,15.38290023803711,15.830699920654297,16.274999618530273,16.715999603271484,17.15369987487793,17.58799934387207,18.019100189208984,18.44700050354004,18.87179946899414,19.293399810791016,19.711999893188477,20.127500534057617,20.540000915527344,20.949600219726562,21.356199264526367,21.759899139404297,22.16080093383789,22.558799743652344,22.954099655151367,23.346599578857422,23.736299514770508,24.123300552368164,24.507600784301758,24.88920021057129,25.268199920654297,25.64459991455078,26.018400192260742,26.38960075378418,26.75819969177246,27.124300003051758,27.487899780273438,27.849000930786133,28.207599639892578],"y":[0.0,0.21060000360012054,0.41280001401901245,0.6067000031471252,0.7924000024795532,0.9700999855995178,1.139799952507019,1.3016999959945679,1.455899953842163,1.6023000478744507,1.7411999702453613,1.8725999593734741,1.9967000484466553,2.1133999824523926,2.222899913787842,2.325200080871582,2.4205000400543213,2.508699893951416,2.5899999141693115,2.6644999980926514,2.732100009918213,2.7929999828338623,2.8473000526428223,2.89490008354187,2.9358999729156494,2.9704999923706055,2.9986000061035156,3.0202999114990234,3.035599946975708,3.0446999073028564,3.047600030899048,3.0441999435424805,3.0346999168395996,3.0190999507904053,2.997499942779541,2.9697999954223633,2.936199903488159,2.896699905395508,2.851300001144409,2.799999952316284,2.743000030517578,2.6802000999450684,2.611599922180176,2.537400007247925,2.4576001167297363,2.3721001148223877,2.281100034713745,2.1846001148223877,2.0826001167297363,1.975100040435791,1.8622000217437744,1.743899941444397,1.620300054550171,1.4912999868392944,1.357100009918213,1.2175999879837036,1.0729000568389893,0.9230999946594238,0.7681000232696533,0.6079999804496765,0.44279998540878296,0.272599995136261,0.09740000218153]},"level3":{"x":[0.0,0.5870000123977661,1.1677000522613525,1.7421000003814697,2.3104000091552734,2.87280011177063,3.429500102996826,3.9804999828338623,4.526000022888184,5.066100120544434,5.600900173187256,6.1305999755859375,6.655300140380859,7.175000190734863,7.690000057220459,8.200200080871582,8.70580005645752,9.20680046081543,9.703499794006348,10.195799827575684,10.683899879455566,11.167799949645996,11.647600173950195,12.12339973449707,12.595199584960938,13.063199996948242,13.52750015258789,13.987899780273438,14.44480037689209,14.89799976348877,15.347700119018555,15.793899536132812,16.236799240112305,16.67620086669922,17.11240005493164,17.54520034790039,17.974899291992188,18.401500701904297,18.824899673461914,19.24530029296875,19.662599563598633,20.07699966430664,20.488399505615234,20.896900177001953,21.302600860595703,21.705400466918945,22.105499267578125,22.50279998779297,22.89739990234375,23.2893009185791,23.678499221801758,24.065099716186523,24.449199676513672,24.83060073852539,25.20949935913086,25.585899353027344,25.959800720214844,26.331300735473633,26.700300216674805,27.06679916381836,27.430999755859375,27.792800903320312,28.152299880981445,28.5093994140625,28.864200592041016,29.216699600219727],"y":[0.0,0.21080000698566437,0.41350001096725464,0.608299970626831,0.7953000068664551,0.9746000170707703,1.146299958229065,1.3104000091552734,1.4671000242233276,1.6165000200271606,1.7585999965667725,1.8935999870300293,2.021399974822998,2.1422998905181885,2.2560999393463135,2.3631999492645264,2.463399887084961,2.5569000244140625,2.643699884414673,2.723900079727173,2.797600030899048,2.864799976348877,2.92549991607666,2.9798998832702637,3.0280001163482666,3.0697999000549316,3.1054000854492188,3.1349000930786133,3.1582000255584717,3.17549991607666,3.1867001056671143,3.191999912261963,3.1912999153137207,3.184799909591675,3.1723999977111816,3.1542000770568848,3.130199909210205,3.100600004196167,3.065200090408325,3.024199962615967,2.97760009765625,2.9254000186920166,2.8677000999450684,2.8043999671936035,2.7356998920440674,2.661600112915039,2.5820999145507812,2.4972000122070312,2.4070000648498535,2.311500072479248,2.210700035095215,2.1047000885009766,1.993499994277954,1.8770999908447266,1.7555999755859375,1.628999948501587,1.4973000288009644,1.3605999946594238,1.2188999652862549,1.0721999406814575,0.9204999804496765,0.7639999985694885,0.6025000214576721,0.43619999289512634,0.26510000228881836,0.08919999748468399]}}}