{"params":{"v0":10,"theta_deg":60},"models":{"level1":{"x":[0.0,0.12559999525547028,0.25130000710487366,0.37689998745918274,0.5024999976158142,0.6280999779701233,0.7537999749183655,0.8794000148773193,1.0049999952316284,1.1306999921798706,1.2562999725341797,1.3818999528884888,1.5075000524520874,1.6332000494003296,1.7588000297546387,1.8844000101089478,2.009999990463257,2.135699987411499,2.2613000869750977,2.386899948120117,2.5125999450683594,2.638200044631958,2.7637999057769775,2.889400005340576,3.0151000022888184,3.140700101852417,3.2662999629974365,3.3919999599456787,3.5176000595092773,3.643199920654297,3.7688000202178955,3.8945000171661377,4.020100116729736,4.145699977874756,4.271399974822998,4.396999835968018,4.522600173950195,4.648200035095215,4.773900032043457,4.899499893188477,5.025100231170654,5.1508002281188965,5.276400089263916,5.4019999504089355,5.527599811553955,5.653299808502197,5.778900146484375,5.9045000076293945,6.030200004577637,6.155799865722656,6.281400203704834,6.4070000648498535,6.532700061798096,6.658299922943115,6.783899784088135,6.9095001220703125,7.035200119018555,7.160799980163574,7.286399841308594,7.412099838256836,7.537700176239014,7.663300037384033,7.788899898529053,7.914599895477295,8.040200233459473,8.165800094604492,8.291500091552734,8.417099952697754,8.542699813842773,8.668299674987793,8.793999671936035],"y":[0.0,0.21449999511241913,0.4228000044822693,0.6248999834060669,0.8208000063896179,1.010599970817566,1.194100022315979,1.371399998664856,1.5426000356674194,1.7074999809265137,1.8662999868392944,2.018899917602539,2.1651999950408936,2.3053998947143555,2.4393999576568604,2.567199945449829,2.688800096511841,2.8041999340057373,2.9133999347686768,3.0164999961853027,3.113300085067749,3.203900098800659,3.2883999347686768,3.3666000366210938,3.438699960708618,3.504499912261963,3.564199924468994,3.6177000999450684,3.6649999618530273,3.7060999870300293,3.740999937057495,3.769700050354004,3.7922000885009766,3.808500051498413,3.8185999393463135,3.8225998878479004,3.8203001022338867,3.8118999004364014,3.7971999645233154,3.776400089263916,3.7493999004364014,3.716099977493286,3.6767001152038574,3.6310999393463135,3.5792999267578125,3.5213000774383545,3.4570999145507812,3.386699914932251,3.3101999759674072,3.227400064468384,3.138400077819824,3.043299913406372,2.9419000148773193,2.834399938583374,2.7207000255584717,2.6006999015808105,2.474600076675415,2.3422999382019043,2.2037999629974365,2.0590999126434326,1.9082000255584717,1.751099944114685,1.5879000425338745,1.4184000492095947,1.2426999807357788,1.0608999729156494,0.8727999925613403,0.678600013256073,0.4781000018119812,0.27149999141693115,0.05869999900460243]},"level2":{"x":[0.0,0.12540000677108765,0.2502000033855438,0.37450000643730164,0.4982999861240387,0.6216999888420105,0.7444999814033508,0.8669000267982483,0.9889000058174133,1.1103999614715576,1.231600046157837,1.3523000478744507,1.4726999998092651,1.5925999879837036,1.7122000455856323,1.8315000534057617,1.9503999948501587,2.069000005722046,2.1872000694274902,2.3052000999450684,2.422800064086914,2.5401999950408936,2.6572000980377197,2.7739999294281006,2.8905999660491943,3.0067999362945557,3.12280011177063,3.238600015640259,3.354099988937378,3.469399929046631,3.584399938583374,3.699199914932251,3.813800096511841,3.9282000064849854,4.042300224304199,4.156199932098389,4.269899845123291,4.383299827575684,4.496600151062012,4.609600067138672,4.722300052642822,4.83489990234375,4.947199821472168,5.059199810028076,5.171000003814697,5.282599925994873,5.393899917602539,5.504899978637695,5.615699768066406,5.726200103759766,5.836400032043457,5.946400165557861,6.056000232696533,6.16540002822876,6.274400234222412,6.383200168609619,6.491600036621094,6.599699974060059,6.707399845123291,6.814799785614014,6.921899795532227,7.028600215911865,7.134900093078613,7.240900039672852,7.346499919891357,7.451700210571289,7.556600093841553,7.660999774932861],"y":[0.0,0.21400000154972076,0.42100000381469727,0.6208999752998352,0.8137999773025513,0.9998000264167786,1.1790000200271606,1.351199984550476,1.516700029373169,1.6754000186920166,1.8273999691009521,1.9726999998092651,2.1113998889923096,2.2434000968933105,2.368799924850464,2.4876999855041504,2.600100040435791,2.7060000896453857,2.8053998947143555,2.898400068283081,2.9848999977111816,3.065000057220459,3.1387999057769775,3.206199884414673,3.267199993133545,3.322000026702881,3.3703999519348145,3.4124999046325684,3.4484000205993652,3.4779999256134033,3.501300096511841,3.5185000896453857,3.529400110244751,3.53410005569458,3.5325000286102295,3.524899959564209,3.510999917984009,3.490999937057495,3.4647998809814453,3.432499885559082,3.3940999507904053,3.3494999408721924,3.2988998889923096,3.2421998977661133,3.179500102996826,3.110599994659424,3.035799980163574,2.9549999237060547,2.8680999279022217,2.7753000259399414,2.6765999794006348,2.571899890899658,2.4612998962402344,2.3447999954223633,2.222399950027466,2.0943000316619873,1.9602999687194824,1.8205000162124634,1.6749999523162842,1.523800015449524,1.3667999505996704,1.204300045967102,1.0360000133514404,0.8622000217437744,0.6827999949455261,0.49790000915527344,0.3075000047683716,0.11159999668598175]},"level3":{"x":[0.0,0.12530000507831573,0.2498999983072281,0.37389999628067017,0.49729999899864197,0.6200000047683716,0.7422000169754028,0.8637999892234802,0.9848999977111816,1.1054999828338623,1.2254999876022339,1.3451000452041626,1.4641000032424927,1.582800030708313,1.7009999752044678,1.8186999559402466,1.9359999895095825,2.052999973297119,2.169600009918213,2.285799980163574,2.401599884033203,2.5171000957489014,2.6322999000549316,2.7472000122070312,2.8617000579833984,2.9760000705718994,3.0899999141693115,3.203700065612793,3.3171000480651855,3.430299997329712,3.543299913406372,3.6559998989105225,3.7685000896453857,3.88070011138916,3.992799997329712,4.104599952697754,4.21619987487793,4.327600002288818,4.438799858093262,4.549799919128418,4.660600185394287,4.771200180053711,4.8815999031066895,4.991700172424316,5.1016998291015625,5.21150016784668,5.321100234985352,5.430500030517578,5.539700031280518,5.64870023727417,5.757400035858154,5.866000175476074,5.974299907684326,6.082399845123291,6.190299987792969,6.297999858856201,6.405399799346924,6.512599945068359,6.61959981918335,6.72629976272583,6.832799911499023,6.9390997886657715,7.045000076293945,7.1508002281188965,7.256199836730957,7.361400127410889,7.466400146484375,7.571000099182129,7.6753997802734375],"y":[0.0,0.21410000324249268,0.421099990606308,0.6212999820709229,0.8144999742507935,1.0008000135421753,1.180400013923645,1.3530999422073364,1.5191999673843384,1.6785999536514282,1.8313000202178955,1.9773999452590942,2.1168999671936035,2.2499001026153564,2.376300096511841,2.496299982070923,2.6098999977111816,2.7170000076293945,2.817699909210205,2.9119999408721924,3.0,3.0815999507904053,3.1570000648498535,3.2260000705718994,3.288800001144409,3.3452999591827393,3.3956000804901123,3.43969988822937,3.47760009765625,3.509200096130371,3.5346999168395996,3.553999900817871,3.567199945449829,3.574199914932251,3.5750999450683594,3.5699000358581543,3.5585999488830566,3.541100025177002,3.5176000595092773,3.488100051879883,3.452399969100952,3.410799980163574,3.36299991607666,3.309299945831299,3.2495999336242676,3.1839001178741455,3.1122000217437744,3.034600019454956,2.9509999752044678,2.8615000247955322,2.7660999298095703,2.664900064468384,2.5576999187469482,2.4447999000549316,2.3261001110076904,2.2014999389648438,2.071199893951416,1.9351999759674072,1.7934999465942383,1.6461000442504883,1.4930000305175781,1.3343000411987305,1.1700999736785889,1.0003000497817993,0.8248999714851379,0.64410001039505,0.4578000009059906,0.2660999894142151,0.06909999996423721]}}}