{"params":{"v0":15,"theta_deg":60},"models":{"level1":{"x":[0.0,0.188400000333786,0.37689998745918274,0.5652999877929688,0.7537999749183655,0.9422000050544739,1.1306999921798706,1.319100022315979,1.5075000524520874,1.6959999799728394,1.8844000101089478,2.0729000568389893,2.2613000869750977,2.449700117111206,2.638200044631958,2.8266000747680664,3.0151000022888184,3.2035000324249268,3.3919999599456787,3.580399990081787,3.7688000202178955,3.9572999477386475,4.145699977874756,4.334199905395508,4.522600173950195,4.711100101470947,4.899499893188477,5.087900161743164,5.276400089263916,5.464799880981445,5.653299808502197,5.841700077056885,6.030099868774414,6.218599796295166,6.4070000648498535,6.5954999923706055,6.783899784088135,6.972400188446045,7.160799980163574,7.3491997718811035,7.537700176239014,7.726099967956543,7.914599895477295,8.102999687194824,8.291500091552734,8.479900360107422,8.668299674987793,8.856800079345703,9.04520034790039,9.233699798583984,9.422100067138672,9.610600471496582,9.798999786376953,9.98740005493164,10.17590045928955,10.364299774169922,10.552800178527832,10.74120044708252,10.92959976196289,11.1181001663208,11.306500434875488,11.494999885559082,11.68340015411377,11.871899604797363,12.06029987335205,12.248700141906738,12.437199592590332,12.62559986114502,12.81410026550293,13.0024995803833,13.190999984741211,13.379400253295898,13.56779956817627,13.75629997253418,13.944700241088867,14.133199691772461,14.321599960327148,14.510000228881836,14.69849967956543,14.886899948120117,15.075400352478027,15.263799667358398,15.452300071716309,15.640700340270996,15.829099655151367,16.01759910583496,16.20599937438965,16.394500732421875,16.58289909362793,16.771400451660156,16.959800720214844,17.1481990814209,17.336700439453125,17.525100708007812,17.713600158691406,17.902000427246094,18.09040069580078,18.278900146484375,18.467300415039062,18.655799865722656,18.844200134277344,19.032699584960938,19.221099853515625,19.409500122070312,19.597999572753906,19.786399841308594],"y":[0.0,0.32330000400543213,0.6403999924659729,0.9513000249862671,1.25600004196167,1.5544999837875366,1.8468999862670898,2.132999897003174,2.4130001068115234,2.6867001056671143,2.9542999267578125,3.21560001373291,3.4707999229431152,3.7197999954223633,3.962599992752075,4.19920015335083,4.429599761962891,4.653800010681152,4.871799945831299,5.083600044250488,5.2891998291015625,5.488699913024902,5.6819000244140625,5.868899822235107,6.049799919128418,6.2245001792907715,6.392899990081787,6.555200099945068,6.711299896240234,6.861199855804443,7.004899978637695,7.142399787902832,7.27370023727417,7.398799896240234,7.5177001953125,7.630499839782715,7.736999988555908,7.837399959564209,7.93149995803833,8.019499778747559,8.101200103759766,8.176799774169922,8.246199607849121,8.309399604797363,8.366399765014648,8.417200088500977,8.461799621582031,8.500200271606445,8.532400131225586,8.558500289916992,8.578300476074219,8.591899871826172,8.59939956665039,8.600700378417969,8.59570026397705,8.584600448608398,8.567299842834473,8.543800354003906,8.513999938964844,8.478099822998047,8.436100006103516,8.387800216674805,8.33329963684082,8.272600173950195,8.20580005645752,8.132699966430664,8.053400039672852,7.9679999351501465,7.876399993896484,7.778500080108643,7.674499988555908,7.564300060272217,7.44789981842041,7.325300216674805,7.196499824523926,7.061500072479248,6.920300006866455,6.772900104522705,6.6194000244140625,6.45959997177124,6.293700218200684,6.121500015258789,5.94320011138916,5.758699893951416,5.56790018081665,5.370999813079834,5.167900085449219,4.958600044250488,4.743100166320801,4.521399974822998,4.293499946594238,4.0594000816345215,3.819200038909912,3.572700023651123,3.3201000690460205,3.061199903488159,2.7962000370025635,2.524899959564209,2.247499942779541,1.9638999700546265,1.6740000247955322,1.378000020980835,1.0757999420166016,0.7674000263214111,0.4528000056743622,0.13210000097751617]},"level2":{"x":[0.0,0.18780000507831573,0.37450000643730164,0.5600000023841858,0.7443000078201294,0.9275000095367432,1.1096999645233154,1.2908999919891357,1.4709999561309814,1.6500999927520752,1.8282999992370605,2.005500078201294,2.18179988861084,2.357300043106079,2.5318000316619873,2.7056000232696533,2.878499984741211,3.050600051879883,3.22189998626709,3.3924999237060547,3.5624001026153564,3.7314999103546143,3.9000000953674316,4.067699909210205,4.234799861907959,4.401299953460693,4.5671000480651855,4.732399940490723,4.896999835968018,5.061100006103516,5.2245001792907715,5.387499809265137,5.549900054931641,5.711699962615967,5.8730998039245605,6.033899784088135,6.194300174713135,6.3541998863220215,6.513599872589111,6.672500133514404,6.830999851226807,6.988999843597412,7.146599769592285,7.303800106048584,7.4604997634887695,7.616799831390381,7.772600173950195,7.928100109100342,8.083100318908691,8.237700462341309,8.392000198364258,8.545700073242188,8.69909954071045,8.852100372314453,9.004599571228027,9.156800270080566,9.308500289916992,9.459799766540527,9.610699653625488,9.761099815368652,9.911100387573242,10.060700416564941,10.209799766540527,10.358499526977539,10.506699562072754,10.654500007629395,10.801799774169922,10.948599815368652,11.095000267028809,11.240799903869629,11.386199951171875,11.531000137329102,11.675399780273438,11.819199562072754,11.962499618530273,12.105299949645996,12.247599601745605,12.389300346374512,12.530400276184082,12.670999526977539,12.810999870300293,12.950499534606934,13.089300155639648,13.22760009765625,13.365300178527832,13.502400398254395,13.638799667358398,13.774700164794922,13.909899711608887,14.044500350952148,14.178400039672852,14.311699867248535,14.4443998336792,14.576399803161621,14.7076997756958,14.838299751281738,14.968299865722656,15.097599983215332],"y":[0.0,0.3222000002861023,0.6363000273704529,0.9422000050544739,1.2400000095367432,1.5298999547958374,1.812000036239624,2.086199998855591,2.3526999950408936,2.611599922180176,2.86299991607666,3.106800079345703,3.3431999683380127,3.572200059890747,3.7939999103546143,4.008500099182129,4.215799808502197,4.415900230407715,4.609000205993652,4.795100212097168,4.974100112915039,5.146299839019775,5.311500072479248,5.469900131225586,5.621500015258789,5.76639986038208,5.9045000076293945,6.035900115966797,6.160699844360352,6.278800010681152,6.390399932861328,6.4953999519348145,6.593800067901611,6.685800075531006,6.771299839019775,6.850299835205078,6.922900199890137,6.989099979400635,7.048999786376953,7.102399826049805,7.149600028991699,7.190400123596191,7.224899768829346,7.2530999183654785,7.275100231170654,7.290800094604492,7.300300121307373,7.303599834442139,7.3007001876831055,7.291600227355957,7.276400089263916,7.255000114440918,7.227499961853027,7.193900108337402,7.154200077056885,7.108399868011475,7.05649995803833,6.998600006103516,6.934700012207031,6.864799976348877,6.788899898529053,6.707099914550781,6.61929988861084,6.525599956512451,6.425899982452393,6.320499897003174,6.209099769592285,6.091899871826172,5.968999862670898,5.840199947357178,5.7058000564575195,5.5655999183654785,5.4197001457214355,5.268099784851074,5.110899925231934,4.9481000900268555,4.779799938201904,4.605899810791016,4.426499843597412,4.241600036621094,4.051300048828125,3.8557000160217285,3.654599905014038,3.448199987411499,3.236599922180176,3.0195999145507812,2.797499895095825,2.570199966430664,2.3378000259399414,2.1001999378204346,1.857699990272522,1.6101000308990479,1.3574999570846558,1.100000023841858,0.8375999927520752,0.5703999996185303,0.29840001463890076,0.021700000390410423]},