{"params":{"v0":20,"theta_deg":60},"models":{"level1":{"x":[0.0,0.25130000710487366,0.5024999976158142,0.7537999749183655,1.0049999952316284,1.2562999725341797,1.5075000524520874,1.7588000297546387,2.009999990463257,2.2613000869750977,2.5125999450683594,2.7637999057769775,3.0151000022888184,3.2662999629974365,3.5176000595092773,3.7688000202178955,4.020100116729736,4.271399974822998,4.522600173950195,4.773900032043457,5.025100231170654,5.276400089263916,5.527599811553955,5.778900146484375,6.030099868774414,6.281400203704834,6.532700061798096,6.783899784088135,7.035200119018555,7.286399841308594,7.537700176239014,7.788899898529053,8.040200233459473,8.291500091552734,8.542699813842773,8.793999671936035,9.04520034790039,9.296500205993652,9.547699928283691,9.798999786376953,10.050299644470215,10.30150032043457,10.552800178527832,10.803999900817871,11.055299758911133,11.306500434875488,11.55780029296875,11.809000015258789,12.06029987335205,12.311599731445312,12.562800407409668,12.81410026550293,13.065299987792969,13.31659984588623,13.56779956817627,13.819100379943848,14.070300102233887,14.321599960327148,14.57289981842041,14.82409954071045,15.075400352478027,15.326600074768066,15.577899932861328,15.829099655151367,16.080400466918945,16.33169937133789,16.58289909362793,16.834199905395508,17.085399627685547,17.336700439453125,17.587900161743164,17.83919906616211,18.09040069580078,18.341699600219727,18.593000411987305,18.844200134277344,19.095500946044922,19.34670066833496,19.597999572753906,19.849199295043945,20.100500106811523,20.3518009185791,20.60300064086914,20.854299545288086,21.105499267578125,21.356800079345703,21.607999801635742,21.85930061340332,22.110599517822266,22.361799240112305,22.613100051879883,22.864299774169922,23.1156005859375,23.36680030822754,23.618099212646484,23.869300842285156,24.1205997467041,24.37190055847168,24.62310028076172,24.874399185180664,25.125600814819336,25.37689971923828,25.62809944152832,25.8794002532959,26.130599975585938,26.381900787353516,26.63319969177246,26.8843994140625,27.135700225830078,27.386899948120117,27.638200759887695,27.889400482177734,28.14069938659668,28.392000198364258,28.643199920654297,28.894500732421875,29.145700454711914,29.39699935913086,29.6481990814209,29.899499893188477,30.150800704956055,30.402000427246094,30.65329933166504,30.904499053955078,31.155799865722656,31.406999588012695,31.658300399780273,31.909500122070312,32.16080093383789,32.41210174560547,32.663299560546875,32.91460037231445,33.16579818725586,33.41709899902344,33.66830062866211,33.91960144042969,34.170799255371094,34.42210006713867,34.67340087890625,34.924598693847656,35.175899505615234],"y":[0.0,0.43209999799728394,0.8579999804496765,1.2776999473571777,1.6912000179290771,2.0985000133514404,2.4997000694274902,2.8945999145507812,3.2832999229431152,3.6658999919891357,4.042200088500977,4.412399768829346,4.776400089263916,5.134099960327148,5.4857001304626465,5.831099987030029,6.170300006866455,6.503300189971924,6.830100059509277,7.150700092315674,7.465199947357178,7.773399829864502,8.075400352478027,8.371299743652344,8.660900115966797,8.9443998336792,9.221699714660645,9.49269962310791,9.757599830627441,10.016300201416016,10.268799781799316,10.51509952545166,10.755200386047363,10.989100456237793,11.21679973602295,11.438400268554688,11.65369987487793,11.862799644470215,12.065799713134766,12.26259994506836,12.453100204467773,12.637499809265137,12.815699577331543,12.987600326538086,13.153400421142578,13.312999725341797,13.466400146484375,13.613699913024902,13.75469970703125,13.88949966430664,14.018099784851074,14.140600204467773,14.256799697875977,14.366900444030762,14.47070026397705,14.568400382995605,14.659899711608887,14.745200157165527,14.824299812316895,14.897199630737305,14.963899612426758,15.024399757385254,15.078700065612793,15.126799583435059,15.168700218200684,15.204500198364258,15.234000205993652,15.257399559020996,15.274499893188477,15.285499572753906,15.290300369262695,15.288900375366211,15.281200408935547,15.267399787902832,15.247400283813477,15.22130012512207,15.188899993896484,15.150300025939941,15.105500221252441,15.05459976196289,14.997400283813477,14.934100151062012,14.864500045776367,14.788800239562988,14.70680046081543,14.61870002746582,14.524399757385254,14.42389965057373,14.31719970703125,14.204299926757812,14.085200309753418,13.95989990234375,13.828499794006348,13.690799713134766,13.546899795532227,13.396900177001953,13.240599632263184,13.078200340270996,12.909600257873535,12.734700202941895,12.55370044708252,12.366499900817871,12.173100471496582,11.97350025177002,11.7677001953125,11.555700302124023,11.337599754333496,11.113200187683105,10.882599830627441,10.645899772644043,10.402899742126465,10.153800010681152,9.898500442504883,9.636899948120117,9.369199752807617,9.09529972076416,8.815199851989746,8.528900146484375,8.23639965057373,7.937699794769287,7.632800102233887,7.321800231933594,7.004499912261963,6.681099891662598,6.351399898529053,6.015600204467773,5.673500061035156,5.325300216674805,4.970900058746338,4.610300064086914,4.2434000968933105,3.8703999519348145,3.491300106048584,3.1059000492095947,2.7142999172210693,2.316499948501587,1.912600040435791,1.5024000406265259,1.0859999656677246,0.6635000109672546,0.23479999601840973]},"level2":{"x":[0.0,0.2502000033855438,0.498199999332428,0.7441999912261963,0.9882000088691711,1.2302000522613525,1.4703999757766724,1.7086000442504883,1.945099949836731,2.1798999309539795,2.412899971008301,2.644200086593628,2.874000072479248,3.1022000312805176,3.3287999629974365,3.553999900817871,3.7776999473571777,3.9999001026153564,4.220799922943115,4.440400123596191,4.658599853515625,4.8755998611450195,5.091300010681152,5.305799961090088,5.519100189208984,5.731299877166748,5.942299842834473,6.152299880981445,6.361100196838379,6.568999767303467,6.7758002281188965,6.981599807739258,7.186399936676025,7.390399932861328,7.593299865722656,7.795400142669678,7.996600151062012,8.196999549865723,8.396499633789062,8.595100402832031,8.793000221252441,8.990099906921387,9.186400413513184,9.381999969482422,9.576800346374512,9.770899772644043,9.964300155639648,10.156999588012695,10.349100112915039,10.540399551391602,10.731100082397461,10.921099662780762,11.11050033569336,11.299300193786621,11.48740005493164,11.675000190734863,11.861900329589844,12.048199653625488,12.23390007019043,12.418999671936035,12.603500366210938,12.787500381469727,12.970800399780273,13.153599739074707,13.335800170898438,13.517399787902832,13.698399543762207,13.878899574279785,14.058699607849121,14.23799991607666,14.41670036315918,14.594799995422363,14.772299766540527,14.949199676513672,15.125499725341797,15.301199913024902,15.476300239562988,15.650799751281738,15.824600219726562,15.99779987335205,16.170400619506836,16.34239959716797,16.513700485229492,16.68429946899414,16.854299545288086,17.02359962463379,17.19230079650879,17.360300064086914,17.52750015258789,17.69409942626953,17.860000610351562,18.02519989013672,18.189699172973633,18.3533992767334,18.516399383544922,18.678699493408203,18.840200424194336,19.000999450683594,19.161100387573242,19.32029914855957,19.47879981994629,19.636499404907227,19.793500900268555,19.949600219726562,20.104999542236328,20.25950050354004,20.413299560546875,20.566200256347656,20.718299865722656,20.869600296020508,21.020000457763672,21.169700622558594,21.318500518798828,21.466400146484375,21.613500595092773,21.759700775146484,21.905099868774414,22.04960060119629,22.193300247192383,22.33609962463379,22.47800064086914,22.61910057067871,22.759199142456055],