{"params":{"v0":40,"theta_deg":40},"models":{"level1":{"x":[0.0,0.7699000239372253,1.5398000478744507,2.3097000122070312,3.0796000957489014,3.8494999408721924,4.6194000244140625,5.3892998695373535,6.159200191497803,6.928999900817871,7.69890022277832,8.468799591064453,9.238699913024902,10.008600234985352,10.778499603271484,11.548399925231934,12.318300247192383,13.088199615478516,13.858099937438965,14.628000259399414,15.397899627685547,16.167800903320312,16.937700271606445,17.707599639892578,18.477500915527344,19.247299194335938,20.017200469970703,20.787099838256836,21.55699920654297,22.326900482177734,23.096799850463867,23.86669921875,24.636600494384766,25.4064998626709,26.17639923095703,26.946300506591797,27.71619987487793,28.486099243164062,29.256000518798828,30.02589988708496,30.795799255371094,31.56570053100586,32.33549880981445,33.10540008544922,33.875301361083984,34.645198822021484,35.41510009765625,36.185001373291016,36.954898834228516,37.72480010986328,38.49470138549805,39.26459884643555,40.03450012207031,40.80440139770508,41.57429885864258,42.344200134277344,43.11410140991211,43.88399887084961,44.65380096435547,45.42369842529297,46.193599700927734,46.9635009765625,47.7333984375,48.503299713134766,49.27320098876953,50.04309844970703,50.8129997253418,51.58290100097656,52.35279846191406,53.12269973754883,53.892601013183594,54.662498474121094,55.43239974975586,56.202301025390625,56.972198486328125,57.742000579833984,58.51190185546875,59.28179931640625,60.051700592041016,60.82160186767578,61.59149932861328,62.36140060424805,63.13130187988281,63.90119934082031,64.67109680175781,65.44100189208984,66.21089935302734,66.98079681396484,67.75070190429688,68.52059936523438,69.29049682617188,70.0604019165039,70.8302001953125,71.60009765625,72.37000274658203,73.13990020751953,73.90979766845703,74.67970275878906,75.44960021972656,76.21949768066406,76.9894027709961,77.7593002319336,78.5291976928711,79.29910278320312,80.06900024414062,80.83889770507812,81.60880279541016,82.37870025634766,83.14859771728516,83.91850280761719,84.68830108642578,85.45819854736328,86.22810363769531,86.99800109863281,87.76789855957031,88.53780364990234,89.30770111083984,90.07759857177734,90.84750366210938,91.61740112304688,92.38729858398438,93.1572036743164,93.9271011352539,94.6969985961914,95.466796875,96.23670196533203,97.00659942626953,97.77649688720703,98.54640197753906,99.31629943847656,100.08619689941406,100.8561019897461,101.6259994506836,102.3958969116211,103.16580200195312,103.93569946289062,104.70559692382812,105.47550201416016,106.24539947509766,107.01519775390625,107.78520202636719,108.55500030517578,109.32489776611328,110.09480285644531,110.86470031738281,111.63459777832031,112.40450286865234,113.17440032958984,113.94429779052734,114.71420288085938,115.48410034179688,116.25399780273438,117.0239028930664,117.7938003540039,118.5636978149414,119.33360290527344,120.10350036621094,120.87329864501953,121.64320373535156,122.41320037841797,123.18299865722656,123.9529037475586,124.7228012084961,125.4926986694336,126.26260375976562,127.03250122070312,127.80239868164062,128.57229614257812,129.34219360351562,130.1121063232422,130.8820037841797,131.6519012451172,132.4217987060547,133.1916046142578,133.9615936279297,134.7313995361328,135.5012969970703,136.2711944580078,137.04110717773438,137.81100463867188,138.58090209960938,139.35079956054688,140.12069702148438,140.89059448242188,141.66050720214844,142.43040466308594,143.20030212402344,143.97019958496094,144.74009704589844,145.50990295410156,146.2799072265625,147.04969787597656,147.81959533691406,148.58949279785156,149.35940551757812,150.12930297851562,150.89920043945312,151.66909790039062,152.43899536132812,153.20889282226562],"y":[0.0,0.6428999900817871,1.2796000242233276,1.9101999998092651,2.5344998836517334,3.1526999473571777,3.7646000385284424,4.3703999519348145,4.96999979019165,5.563300132751465,6.1504998207092285,6.731500148773193,7.306300163269043,7.874899864196777,8.437299728393555,8.993599891662598,9.543600082397461,10.087400436401367,10.625100135803223,11.156499862670898,11.68179988861084,12.200799942016602,12.713700294494629,13.220399856567383,13.720800399780273,14.215100288391113,14.703200340270996,15.185099601745605,15.660799980163574,16.130300521850586,16.593700408935547,17.050800323486328,17.501699447631836,17.946500778198242,18.385000228881836,18.817399978637695,19.243600845336914,19.66349983215332,20.077299118041992,20.484899520874023,20.88629913330078,21.2814998626709,21.670499801635742,22.053300857543945,22.429899215698242,22.800399780273438,23.164600372314453,23.522600173950195,23.874500274658203,24.22010040283203,24.559600830078125,24.892900466918945,25.219900131225586,25.540800094604492,25.855499267578125,26.163999557495117,26.466299057006836,26.762399673461914,27.052400588989258,27.33609962463379,27.61359977722168,27.885000228881836,28.150100708007812,28.409099578857422,28.661800384521484,28.90839958190918,29.148799896240234,29.38290023803711,29.61090087890625,29.832700729370117,30.04829978942871,30.257699966430664,30.461000442504883,30.658000946044922,30.848800659179688,31.03339958190918,31.21190071105957,31.38409996032715,31.550199508666992,31.710100173950195,31.86370086669922,32.011199951171875,32.15250015258789,32.287601470947266,32.416500091552734,32.53919982910156,32.65570068359375,32.76599884033203,32.870201110839844,32.968101501464844,33.05979919433594,33.14540100097656,33.224700927734375,33.29790115356445,33.364898681640625,33.42559814453125,33.480201721191406,33.52859878540039,33.57080078125,33.6068000793457,33.636600494384766,33.660301208496094,33.67770004272461,33.688899993896484,33.694000244140625,33.69279861450195,33.68539810180664,33.67190170288086,33.652198791503906,33.62630081176758,33.59410095214844,33.55580139160156,33.51129913330078,33.460601806640625,33.40370178222656,33.340599060058594,33.271400451660156,33.195899963378906,33.114200592041016,33.02640151977539,32.93230056762695,32.83209991455078,32.72560119628906,32.612998962402344,32.49420166015625,32.36920166015625,32.237998962402344,32.10060119628906,31.957000732421875,31.807199478149414,31.651199340820312,31.48900032043457,31.32069969177246,31.146099090576172,30.96540069580078,30.778400421142578,30.58530044555664,30.385900497436523,30.180400848388672,29.968700408935547,29.75079917907715,29.52669906616211,29.29640007019043,29.059900283813477,28.81719970703125,28.56839942932129,28.31329917907715,28.052000045776367,27.78459930419922,27.510900497436523,27.23110008239746,26.945100784301758,26.652799606323242,26.354400634765625,26.049800872802734,25.73900032043457,25.422000885009766,25.098800659179688,24.769399642944336,24.433799743652344,24.092100143432617,23.74410057067871,23.389999389648438,23.029600143432617,22.66309928894043,22.290300369262695,21.911399841308594,21.52630043029785,21.135000228881836,20.737499237060547,20.333799362182617,19.923900604248047,19.50779914855957,19.085500717163086,18.657100677490234,18.222400665283203,17.7814998626709,17.33449935913086,16.88129997253418,16.42180061340332,15.956199645996094,15.484399795532227,15.006400108337402,14.522100448608398,14.031700134277344,13.535200119018555,13.032400131225586,12.52340030670166,12.008199691772461,11.486900329589844,10.95930004119873,10.42549991607666,9.885600090026855,9.339500427246094,8.787099838256836,8.228599548339844,7.663899898529053,7.0929999351501465,6.515900135040283,5.932600021362305]},