{"params":{"v0":25,"theta_deg":40},"models":{"level1":{"x":[0.0,0.4812000095844269,0.9624000191688538,1.443600058555603,1.9247000217437744,2.405900001525879,2.8870999813079834,3.368299961090088,3.8494999408721924,4.330699920654297,4.811800003051758,5.293000221252441,5.774199962615967,6.25540018081665,6.736599922180176,7.217800140380859,7.69890022277832,8.180100440979004,8.661299705505371,9.142499923706055,9.623700141906738,10.104900360107422,10.586000442504883,11.06719970703125,11.548399925231934,12.029600143432617,12.5108003616333,12.991999626159668,13.473099708557129,13.954299926757812,14.435500144958496,14.91670036315918,15.397899627685547,15.87909984588623,16.360200881958008,16.841400146484375,17.322599411010742,17.803800582885742,18.28499984741211,18.766199111938477,19.247299194335938,19.728500366210938,20.209699630737305,20.690900802612305,21.172100067138672,21.65329933166504,22.13450050354004,22.6156005859375,23.096799850463867,23.577999114990234,24.059200286865234,24.5403995513916,25.0216007232666,25.502700805664062,25.98390007019043,26.465099334716797,26.946300506591797,27.427499771118164,27.908700942993164,28.389799118041992,28.871000289916992,29.35219955444336,29.83340072631836,30.314599990844727,30.795799255371094,31.276899337768555,31.758100509643555,32.23929977416992,32.72050094604492,33.201698303222656,33.682899475097656,34.16400146484375,34.645198822021484,35.126399993896484,35.607601165771484,36.08879852294922,36.56999969482422,37.05120086669922,37.53229904174805,38.01350021362305,38.49470138549805,38.97589874267578,39.45709991455078,39.938201904296875,40.41939926147461,40.90060043334961,41.38180160522461,41.862998962402344,42.344200134277344,42.825401306152344,43.30649948120117,43.78770065307617,44.26890182495117,44.750099182128906,45.231300354003906,45.712501525878906,46.193599700927734,46.674800872802734,47.15599822998047,47.63719940185547,48.11840057373047,48.59960174560547,49.0806999206543,49.5619010925293,50.04309844970703,50.52429962158203,51.00550079345703,51.486698150634766,51.96780014038086,52.44900131225586,52.930198669433594,53.411399841308594,53.892601013183594,54.37379837036133,54.85499954223633,55.33610153198242,55.817298889160156,56.298500061035156,56.779701232910156,57.26089859008789,57.742000579833984,58.223201751708984,58.70439910888672,59.18560028076172,59.66680145263672,60.14799880981445,60.62910079956055,61.11029815673828,61.59149932861328,62.07270050048828,62.55390167236328],"y":[0.0,0.40070000290870667,0.7950999736785889,1.18340003490448,1.565500020980835,1.9414000511169434,2.3111000061035156,2.6745998859405518,3.031899929046631,3.382999897003174,3.7279999256134033,4.066699981689453,4.399199962615967,4.725599765777588,5.0457000732421875,5.3597002029418945,5.667500019073486,5.968999862670898,6.264400005340576,6.553599834442139,6.836599826812744,7.113399982452393,7.383999824523926,7.648399829864502,7.906700134277344,8.158699989318848,8.404500007629395,8.644200325012207,8.877599716186523,9.104900360107422,9.326000213623047,9.540800094604492,9.749500274658203,9.95199966430664,10.148300170898438,10.338399887084961,10.522299766540527,10.699999809265137,10.871600151062012,11.03689956665039,11.196000099182129,11.348999977111816,11.495699882507324,11.636300086975098,11.770600318908691,11.898799896240234,12.02079963684082,12.13659954071045,12.246199607849121,12.349599838256836,12.446800231933594,12.537799835205078,12.622599601745605,12.701199531555176,12.773699760437012,12.839900016784668,12.899999618530273,12.953800201416016,13.001500129699707,13.042900085449219,13.078200340270996,13.1072998046875,13.130200386047363,13.146900177001953,13.157400131225586,13.161700248718262,13.159799575805664,13.151800155639648,13.137499809265137,13.116999626159668,13.090399742126465,13.057499885559082,13.018500328063965,12.973299980163574,12.921799659729004,12.8641996383667,12.800399780273438,12.730400085449219,12.654199600219727,12.571800231933594,12.483200073242188,12.388400077819824,12.287500381469727,12.180299758911133,12.066900253295898,11.947400093078613,11.821700096130371,11.68970012664795,11.551600456237793,11.407299995422363,11.256699562072754,11.100000381469727,10.937100410461426,10.767999649047852,10.59280014038086,10.411299705505371,10.223600387573242,10.02970027923584,9.829700469970703,9.62339973449707,9.41100025177002,9.192399978637695,8.967499732971191,8.736499786376953,8.499300003051758,8.255900382995605,8.00629997253418,7.750500202178955,7.488500118255615,7.220300197601318,6.945899963378906,6.66540002822876,6.378600120544434,6.085599899291992,5.786499977111816,5.481200218200684,5.169600009918213,4.851900100708008,4.5279998779296875,4.19789981842041,3.861599922180176,3.5190999507904053,3.1703999042510986,2.815500020980835,2.454400062561035,2.087100028991699,1.7137000560760498,1.3339999914169312,0.948199987411499,0.5561000108718872,0.15790000557899475]},"level2":{"x":[0.0,0.47859999537467957,0.9520999789237976,1.420699954032898,1.8845000267028809,2.3434998989105225,2.798099994659424,3.248199939727783,3.6939001083374023,4.135499954223633,4.57289981842041,5.006400108337402,5.4359002113342285,5.861599922180176,6.283599853515625,6.702000141143799,7.116799831390381,7.528200149536133,7.936200141906738,8.340800285339355,8.742300033569336,9.14050006866455,9.535699844360352,9.927900314331055,10.317099571228027,10.703399658203125,11.086899757385254,11.467599868774414,11.845600128173828,12.22089958190918,12.593600273132324,12.963800430297852,13.331399917602539,13.696599960327148,14.059300422668457,14.419699668884277,14.777700424194336,15.133399963378906,15.486900329589844,15.838199615478516,16.187299728393555,16.53420066833496,16.879100799560547,17.221799850463867,17.562599182128906,17.90130043029785,18.238000869750977,18.57270050048828,18.90559959411621,19.236499786376953,19.565500259399414,19.8927001953125,20.218000411987305,20.541500091552734,20.86319923400879,21.1830997467041,21.501300811767578,21.817699432373047,22.132400512695312,22.44540023803711,22.75670051574707,23.066299438476562,23.37420082092285,23.680500030517578,23.98509979248047,24.288000106811523,24.589399337768555,24.88909912109375,25.18720054626465,25.483800888061523,25.77869987487793,26.07200050354004,26.36370086669922,26.653900146484375,26.9424991607666,27.22949981689453,27.514999389648438,27.798900604248047,28.081300735473633,28.36210060119629,28.641300201416016,28.91900062561035,29.195199966430664,29.46980094909668,29.742799758911133,30.014400482177734,30.284400939941406,30.552799224853516,30.819700241088867,31.085100173950195,31.349000930786133,31.611299514770508,31.872100830078125,32.13130187988281,32.388999938964844,32.645198822021484,32.89979934692383,33.15290069580078,33.40439987182617,33.65449905395508,33.90299987792969,34.149898529052734,34.395301818847656,34.639198303222656,34.881500244140625,35.12229919433594,35.36159896850586,35.599300384521484,35.83549880981445,36.0702018737793,36.30329895019531],