{"params":{"v0":25,"theta_deg":70},"models":{"level1":{"x":[0.0,0.21480000019073486,0.42969998717308044,0.6445000171661377,0.8593000173568726,1.0742000341415405,1.2890000343322754,1.5039000511169434,1.7187000513076782,1.933500051498413,2.148400068283081,2.3631999492645264,2.578000068664551,2.7929000854492188,3.007699966430664,3.222599983215332,3.4374001026153564,3.6521999835968018,3.8671000003814697,4.081900119781494,4.2967000007629395,4.511600017547607,4.726399898529053,4.941199779510498,5.156099796295166,5.3709001541137695,5.5858001708984375,5.800600051879883,6.015399932861328,6.230299949645996,6.445099830627441,6.659900188446045,6.874800205230713,7.089600086212158,7.3043999671936035,7.5192999839782715,7.734099864959717,7.948999881744385,8.163800239562988,8.378600120544434,8.593500137329102,8.808300018310547,9.023099899291992,9.23799991607666,9.452799797058105,9.667699813842773,9.882499694824219,10.097299575805664,10.312199592590332,10.527000427246094,10.741800308227539,10.956700325012207,11.171500205993652,11.386300086975098,11.601200103759766,11.815999984741211,12.030900001525879,12.245699882507324,12.46049976348877,12.675399780273438,12.890199661254883,13.104999542236328,13.319899559020996,13.534700393676758,13.749600410461426,13.964400291442871,14.179200172424316,14.394100189208984,14.60890007019043,14.823699951171875,15.038599967956543,15.253399848937988,15.468199729919434,15.683099746704102,15.897899627685547,16.11280059814453,16.327600479125977,16.542400360107422,16.757299423217773,16.97209930419922,17.186899185180664,17.40180015563965,17.616600036621094,17.831499099731445,18.046300888061523,18.26110076904297,18.47599983215332,18.690799713134766,18.90559959411621,19.120500564575195,19.33530044555664,19.550199508666992,19.764999389648438,19.979799270629883,20.194700241088867,20.409500122070312,20.624300003051758,20.83919906616211,21.054000854492188,21.268800735473633,21.483699798583984,21.69849967956543,21.913400650024414,22.12820053100586,22.343000411987305,22.557899475097656,22.7726993560791,22.987499237060547,23.20240020751953,23.417200088500977,23.631999969482422,23.846900939941406,24.06170082092285,24.276599884033203,24.49139976501465,24.706199645996094,24.921100616455078,25.135900497436523,25.35070037841797,25.56559944152832,25.780399322509766,25.99519920349121,26.210100173950195,26.42490005493164,26.639799118041992,26.85460090637207,27.069400787353516,27.284299850463867,27.499099731445312,27.713899612426758,27.928800582885742,28.143600463867188,28.35849952697754,28.573299407958984,28.78809928894043,29.003000259399414,29.21780014038086,29.432600021362305,29.647499084472656,29.862300872802734,30.077199935913086,30.29199981689453,30.506799697875977,30.72170066833496,30.936500549316406,31.15130043029785,31.366199493408203,31.58099937438965,31.795799255371094,32.01070022583008,32.22549819946289,32.440399169921875,32.65520095825195,32.869998931884766,33.08489990234375,33.29970169067383,33.51449966430664,33.729400634765625,33.94419860839844,34.159000396728516,34.3739013671875,34.58869934082031,34.8036003112793,35.01839828491211,35.23320007324219,35.44810104370117,35.662899017333984,35.87770080566406,36.09260177612305,36.30739974975586,36.52220153808594,36.737098693847656,36.951900482177734,37.16680145263672,37.38159942626953,37.59640121459961,37.81129837036133,38.026100158691406,38.24089813232422,38.4557991027832,38.67060089111328,38.885501861572266,39.10029983520508,39.315101623535156,39.529998779296875,39.74480056762695,39.959598541259766,40.17449951171875,40.38930130004883,40.60419845581055,40.819000244140625],"y":[0.0,0.5871999859809875,1.1680999994277954,1.742900013923645,2.311500072479248,2.8738999366760254,3.4300999641418457,3.98009991645813,4.523900032043457,5.061500072479248,5.592899799346924,6.118199825286865,6.637199878692627,7.150100231170654,7.656700134277344,8.15719985961914,8.651399612426758,9.13949966430664,9.621399879455566,10.097100257873535,10.56659984588623,11.029899597167969,11.487000465393066,11.937899589538574,12.382599830627441,12.821200370788574,13.253499984741211,13.67959976196289,14.099599838256836,14.513299942016602,14.920900344848633,15.32229995727539,15.717499732971191,16.106399536132812,16.489200592041016,16.865800857543945,17.2362003326416,17.600500106811523,17.958499908447266,18.310300827026367,18.655899047851562,18.995399475097656,19.32859992980957,19.65570068359375,19.976499557495117,20.291200637817383,20.599700927734375,20.902000427246094,21.19809913635254,21.488000869750977,21.771699905395508,22.0492000579834,22.320499420166016,22.585599899291992,22.844600677490234,23.097299575805664,23.343799591064453,23.584199905395508,23.81839942932129,24.046300888061523,24.26810073852539,24.483699798583984,24.693099975585938,24.896299362182617,25.093299865722656,25.284099578857422,25.468700408935547,25.6471004486084,25.819400787353516,25.98539924621582,26.145200729370117,26.298900604248047,26.446399688720703,26.587600708007812,26.722700119018555,26.851600646972656,26.974300384521484,27.09079933166504,27.201099395751953,27.305200576782227,27.403099060058594,27.494800567626953,27.580299377441406,27.659700393676758,27.732799530029297,27.799800872802734,27.86050033569336,27.91510009765625,27.963499069213867,28.005599975585938,28.04159927368164,28.071399688720703,28.094999313354492,28.11240005493164,28.123600006103516,28.128599166870117,28.127500534057617,28.120100021362305,28.10650062561035,28.08679962158203,28.060800552368164,28.02869987487793,27.990299224853516,27.94580078125,27.895099639892578,27.838199615478516,27.774999618530273,27.705699920654297,27.630199432373047,27.548599243164062,27.4606990814209,27.366600036621094,27.266300201416016,27.159900665283203,27.047199249267578,26.92840003967285,26.803300857543945,26.672100067138672,26.534700393676758,26.391000747680664,26.241199493408203,26.0851993560791,25.92300033569336,25.754600524902344,25.58009910583496,25.39929962158203,25.212299346923828,25.01919937133789,24.819799423217773,24.614299774169922,24.40250015258789,24.184600830078125,23.960500717163086,23.730199813842773,23.493600845336914,23.250999450683594,23.002099990844727,22.746999740600586,22.485700607299805,22.21820068359375,21.944499969482422,21.66469955444336,21.378599166870117,21.08639907836914,20.787900924682617,20.483299255371094,20.172500610351562,19.855499267578125,19.53219985961914,19.202800750732422,18.86720085144043,18.525400161743164,18.177499771118164,17.823299407958984,17.462900161743164,17.096399307250977,16.723600387573242,16.34469985961914,15.959500312805176,15.56820011138916,15.170599937438965,14.766900062561035,14.357000350952148,13.940899848937988,13.518600463867188,13.090100288391113,12.655400276184082,12.214500427246094,11.767499923706055,11.314200401306152,10.854700088500977,10.389100074768066,9.917200088500977,9.439200401306152,8.954999923706055,8.464500427246094,7.967899799346924,7.465099811553955,6.956099987030029,6.440899848937988,5.91949987411499,5.392000198364258,4.8582000732421875,4.31820011138916,3.7720999717712402,3.2197000980377197,2.661099910736084,2.096400022506714,1.5255000591278076,0.9484000205993652,0.36500000953674316]},