{"params":{"v0":30,"theta_deg":45},"models":{"level1":{"x":[0.0,0.5329999923706055,1.065999984741211,1.5989999771118164,2.131999969482422,2.6649999618530273,3.197999954223633,3.7309999465942383,4.263999938964844,4.796999931335449,5.329999923706055,5.8628997802734375,6.395899772644043,6.928899765014648,7.461900234222412,7.994900226593018,8.527899742126465,9.06089973449707,9.593899726867676,10.126899719238281,10.659899711608887,11.192899703979492,11.725899696350098,12.258899688720703,12.791899681091309,13.324899673461914,13.85789966583252,14.390899658203125,14.92389965057373,15.456899642944336,15.989800453186035,16.52280044555664,17.05579948425293,17.58880043029785,18.12179946899414,18.654800415039062,19.18779945373535,19.720800399780273,20.253799438476562,20.786800384521484,21.319799423217773,21.852800369262695,22.385799407958984,22.918800354003906,23.451799392700195,23.984800338745117,24.517799377441406,25.050800323486328,25.583799362182617,26.11680030822754,26.649799346923828,27.18269920349121,27.715700149536133,28.248699188232422,28.781700134277344,29.314699172973633,29.847700119018555,30.380699157714844,30.913700103759766,31.446699142456055,31.979700088500977,32.512699127197266,33.04570007324219,33.57870101928711,34.111698150634766,34.64469909667969,35.17770004272461,35.71070098876953,36.24369812011719,36.77669906616211,37.309600830078125,37.84260177612305,38.3755989074707,38.908599853515625,39.44160079956055,39.97460174560547,40.507598876953125,41.04059982299805,41.57360076904297,42.10660171508789,42.63959884643555,43.17259979248047,43.70560073852539,44.23860168457031,44.77159881591797,45.30459976196289,45.83760070800781,46.370601654052734,46.90359878540039,47.43659973144531,47.969600677490234,48.502498626708984,49.035499572753906,49.56850051879883,50.10150146484375,50.634498596191406,51.16749954223633,51.70050048828125,52.23350143432617,52.76649856567383,53.29949951171875,53.83250045776367,54.365501403808594,54.89849853515625,55.43149948120117,55.964500427246094,56.497501373291016,57.03049850463867,57.563499450683594,58.096500396728516,58.62950134277344,59.162498474121094,59.69540023803711,60.22840118408203,60.76139831542969,61.29439926147461,61.82740020751953,62.36040115356445,62.89339828491211,63.42639923095703,63.95940017700195,64.49240112304688,65.02539825439453,65.55840301513672,66.09140014648438,66.62439727783203,67.15740203857422,67.69039916992188,68.22339630126953,68.75640106201172,69.28939819335938,69.82240295410156,70.35530090332031,70.88829803466797,71.42130279541016,71.95429992675781,72.48729705810547,73.02030181884766,73.55329895019531,74.0863037109375,74.61930084228516,75.15229797363281,75.685302734375,76.21829986572266,76.75129699707031,77.2843017578125,77.81729888916016,78.35030364990234,78.88330078125,79.41629791259766,79.94920349121094,80.4822006225586,81.01519775390625,81.54820251464844,82.0811996459961,82.61419677734375,83.14720153808594,83.6801986694336,84.21320343017578,84.74620056152344,85.2791976928711,85.81220245361328,86.34519958496094,86.8781967163086,87.41120147705078,87.94419860839844,88.47720336914062,89.01020050048828,89.54319763183594,90.07620239257812,90.60910034179688,91.14219665527344,91.67510223388672],"y":[0.0,0.5299000144004822,1.0535999536514282,1.5710999965667725,2.08240008354187,2.587599992752075,3.0864999294281006,3.579200029373169,4.065800189971924,4.54610013961792,5.020299911499023,5.48829984664917,5.949999809265137,6.405600070953369,6.855000019073486,7.2982001304626465,7.735199928283691,8.166000366210938,8.59060001373291,9.009099960327148,9.421299934387207,9.827300071716309,10.22719955444336,10.620800018310547,11.008299827575684,11.389599800109863,11.764599800109863,12.133500099182129,12.496199607849121,12.852700233459473,13.20300006866455,13.547100067138672,13.885000228881836,14.216699600219727,14.5423002243042,14.861599922180176,15.174699783325195,15.48169994354248,15.782400131225586,16.07699966430664,16.365400314331055,16.647600173950195,16.923500061035156,17.193300247192383,17.456899642944336,17.71430015563965,17.965499877929688,18.210599899291992,18.449399948120117,18.68199920654297,18.90850067138672,19.128700256347656,19.34280014038086,19.550600051879883,19.752300262451172,19.947799682617188,20.137100219726562,20.320100784301758,20.496999740600586,20.667800903320312,20.832300186157227,20.9906005859375,21.1427001953125,21.28860092163086,21.42840003967285,21.561899185180664,21.689300537109375,21.810400009155273,21.925399780273438,22.03420066833496,22.13680076599121,22.23310089111328,22.323299407958984,22.40730094909668,22.48509979248047,22.556800842285156,22.62220001220703,22.681400299072266,22.734399795532227,22.781299591064453,22.8218994140625,22.856399536132812,22.884700775146484,22.906700134277344,22.92259979248047,22.932300567626953,22.935800552368164,22.9330997467041,22.9242000579834,22.909099578857422,22.887800216674805,22.860300064086914,22.82670021057129,22.786800384521484,22.740800857543945,22.688499450683594,22.63010025024414,22.565399169921875,22.494600296020508,22.417600631713867,22.334400177001953,22.2450008392334,22.14940071105957,22.04759979248047,21.939599990844727,21.82539939880371,21.70509910583496,21.578500747680664,21.44580078125,21.306800842285156,21.161699295043945,21.010299682617188,20.852800369262695,20.68910026550293,20.51919937133789,20.34309959411621,20.16080093383789,19.972299575805664,19.777599334716797,19.57670021057129,19.369600296020508,19.156400680541992,18.936899185180664,18.711299896240234,18.479400634765625,18.24139976501465,17.99720001220703,17.74679946899414,17.490100860595703,17.2273006439209,16.95829963684082,16.6830997467041,16.40169906616211,16.114200592041016,15.82040023803711,15.520400047302246,15.214300155639648,14.901900291442871,14.583399772644043,14.258600234985352,13.92770004272461,13.59060001373291,13.247300148010254,12.897700309753418,12.541999816894531,12.180100440979004,11.812100410461426,11.437800407409668,11.057299613952637,10.670599937438965,10.277799606323242,9.878700256347656,9.47350025177002,9.062000274658203,8.644399642944336,8.220600128173828,7.790500164031982,7.354300022125244,6.911900043487549,6.4633002281188965,6.008500099182129,5.547500133514404,5.080399990081787,4.60699987411499,4.127399921417236,3.641700029373169,3.1496999263763428,2.651599884033203,2.147200107574463,1.6367000341415405,1.1200000047683716,0.597100019454956,0.06800000369548798]},