{"params":{"v0":40,"theta_deg":15},"models":{"level1":{"x":[0.0,0.97079998254776,1.94159996509552,2.9123001098632812,3.8831000328063965,4.853899955749512,5.824699878692627,6.795499801635742,7.766200065612793,8.737000465393066,9.707799911499023,10.678600311279297,11.649399757385254,12.620100021362305,13.590900421142578,14.561699867248535,15.532500267028809,16.503299713134766,17.474000930786133,18.444799423217773,19.415599822998047,20.38640022277832,21.357200622558594,22.327899932861328,23.2987003326416,24.269500732421875,25.240299224853516,26.21109962463379,27.181800842285156,28.152599334716797,29.12339973449707,30.094200134277344,31.065000534057617,32.035701751708984,33.006500244140625,33.977298736572266,34.94810104370117,35.918800354003906,36.88959884643555,37.86040115356445,38.831199645996094,39.801998138427734,40.772701263427734,41.743499755859375,42.714298248291016,43.68510055541992,44.65589904785156,45.6265983581543,46.5974006652832,47.568199157714844,48.53900146484375,49.50979995727539,50.480499267578125,51.45130157470703,52.42210006713867,53.39289855957031,54.36370086669922,55.33440017700195,56.305198669433594,57.2760009765625,58.24679946899414,59.21760177612305,60.18830108642578,61.15909957885742,62.12990188598633,63.10070037841797,64.07150268554688,65.04219818115234,66.01300048828125,66.98380279541016,67.95459747314453,68.92539978027344,69.89610290527344,70.86689758300781,71.83769989013672,72.80850219726562,73.7791976928711,74.75,75.7208023071289,76.69159698486328,77.66239929199219,78.6332015991211,79.60389709472656,80.57469940185547,81.54550170898438],"y":[0.0,0.25699999928474426,0.5078999996185303,0.7524999976158142,0.9908999800682068,1.2231999635696411,1.4492000341415405,1.669100046157837,1.8827999830245972,2.0903000831604004,2.2915000915527344,2.486599922180176,2.67549991607666,2.8582000732421875,3.0348000526428223,3.2051000595092773,3.3691999912261963,3.527100086212158,3.6789000034332275,3.824399948120117,3.9637999534606934,4.0970001220703125,4.223899841308594,4.344699859619141,4.4593000411987305,4.567699909210205,4.669899940490723,4.765900135040283,4.8557000160217285,4.939300060272217,5.01669979095459,5.0879998207092285,5.1529998779296875,5.2118000984191895,5.264500141143799,5.310999870300293,5.351200103759766,5.385300159454346,5.4131999015808105,5.434899806976318,5.450399875640869,5.459700107574463,5.462800025939941,5.459700107574463,5.450399875640869,5.434999942779541,5.413300037384033,5.38539981842041,5.351399898529053,5.311100006103516,5.264699935913086,5.212100028991699,5.153299808502197,5.088200092315674,5.017000198364258,4.939599990844727,4.855999946594238,4.766300201416016,4.670300006866455,4.5680999755859375,4.459700107574463,4.345200061798096,4.224400043487549,4.097499847412109,3.9642999172210693,3.825000047683716,3.679500102996826,3.5278000831604004,3.3698999881744385,3.205699920654297,3.0355000495910645,2.8589999675750732,2.676300048828125,2.4874000549316406,2.29229998588562,2.091099977493286,1.8835999965667725,1.6699999570846558,1.4500999450683594,1.2240999937057495,0.9919000267982483,0.7534999847412109,0.508899986743927,0.257999986410141,0.0010000000474974513]},"level2":{"x":[0.0,0.9624999761581421,1.9085999727249146,2.839099884033203,3.7544000148773193,4.655099868774414,5.541600227355957,6.414400100708008,7.273900032043457,8.120599746704102,8.95479965209961,9.776900291442871,10.587300300598145,11.386300086975098,12.174300193786621,12.951499938964844,13.718299865722656,14.475000381469727,15.221799850463867,15.958999633789062,16.686899185180664,17.40559959411621,18.11549949645996,18.81679916381836,19.509599685668945,20.19420051574707,20.870800018310547,21.539499282836914,22.200599670410156,22.85420036315918,23.500499725341797,24.13960075378418,24.771799087524414,25.397199630737305,26.01580047607422,26.628000259399414,27.233699798583984,27.833099365234375,28.42639923095703,29.013599395751953,29.594999313354492,30.170499801635742,30.740400314331055,31.30470085144043,31.863500595092773,32.416900634765625,32.96500015258789,33.507999420166016,34.045799255371094,34.5786018371582,35.10649871826172,35.62950134277344,36.14780044555664,36.661399841308594,37.1702995300293,37.67470169067383,38.174598693847656,38.66999816894531,39.16109848022461,39.64799880981445,40.13050079345703,40.6088981628418,41.08319854736328,41.55339813232422,42.01959991455078,42.48189926147461,42.94020080566406,43.39469909667969,43.845401763916016,44.292198181152344,44.73540115356445],"y":[0.0,0.2547999918460846,0.4991999864578247,0.733299970626831,0.9574999809265137,1.1720000505447388,1.3769999742507935,1.57260000705719,1.7590999603271484,1.9366999864578247,2.1054999828338623,2.2657999992370605,2.41759991645813,2.5611000061035156,2.6963999271392822,2.8238000869750977,2.9433999061584473,3.0550999641418457,3.1593000888824463,3.25600004196167,3.3452999591827393,3.4274001121520996,3.50219988822937,3.569999933242798,3.6308999061584473,3.684799909591675,3.7320001125335693,3.77239990234375,3.806299924850464,3.8336000442504883,3.8543999195098877,3.8689000606536865,3.877000093460083,3.8789000511169434,3.8745999336242676,3.8642001152038574,3.8477001190185547,3.8252999782562256,3.7969000339508057,3.7625999450683594,3.7225000858306885,3.6767001152038574,3.6250998973846436,3.5678999423980713,3.5051000118255615,3.436800003051758,3.3629000186920166,3.2834999561309814,3.1988000869750977,3.108599901199341,3.013200044631958,2.912400007247925,2.8064000606536865,2.695199966430664,2.5787999629974365,2.4572999477386475,2.3308000564575195,2.199199914932251,2.0625,1.9208999872207642,1.774399995803833,1.6230000257492065,1.4666999578475952,1.3055000305175781,1.1396000385284424,0.968999981880188,0.7936000227928162,0.6134999990463257,0.4287000000476837,0.2393999993801117,0.04540000110864639]},"level3":{"x":[0.0,0.9624000191688538,1.9083000421524048,2.838399887084961,3.753200054168701,4.653200149536133,5.539000034332275,6.410900115966797,7.269400119781494,8.114999771118164,8.947999954223633,9.768799781799316,10.577799797058105,11.375399589538574,12.16189956665039,12.937600135803223,13.702799797058105,14.457799911499023,15.202899932861328,15.938300132751465,16.664400100708008,17.381399154663086,18.089399337768555,18.788799285888672,19.479700088500977,20.162500381469727,20.837099075317383,21.503999710083008,22.16320037841797,22.814899444580078,23.459400177001953,24.09670066833496,24.726999282836914,25.35059928894043,25.967500686645508,26.577899932861328,27.181900024414062,27.779699325561523,28.371299743652344,28.957000732421875,29.53689956665039,30.111000061035156,30.679399490356445,31.242399215698242,31.79990005493164,32.35219955444336,32.899200439453125,33.44110107421875,33.97800064086914,34.5098991394043,35.0369987487793,35.55939865112305,36.07699966430664,36.5900993347168,37.09859848022461,37.602699279785156,38.102298736572266,38.59769821166992,39.08890151977539,39.575801849365234,40.05860137939453,40.53739929199219,41.01219940185547,41.483001708984375,41.95000076293945,42.41310119628906,42.872501373291016,43.32809829711914,43.779998779296875,44.22829818725586,44.67300033569336,45.114200592041016,45.55189895629883,45.98609924316406,46.41699981689453],