{"params":{"v0":10,"theta_deg":15},"models":{"level1":{"x":[0.0,0.24269999563694,0.48539999127388,0.7281000018119812,0.97079998254776,1.2135000228881836,1.4562000036239624,1.6988999843597412,1.94159996509552,2.184299945831299,2.4268999099731445,2.669600009918213,2.9123001098632812,3.1549999713897705,3.397700071334839,3.640399932861328,3.8831000328063965,4.125800132751465,4.368500232696533,4.611199855804443,4.853899955749512,5.09660005569458],"y":[0.0,0.061900001019239426,0.1177000030875206,0.1671999990940094,0.21060000360012054,0.24770000576972961,0.27869999408721924,0.3034999966621399,0.3221000134944916,0.3345000147819519,0.34060001373291016,0.3407000005245209,0.3345000147819519,0.3221000134944916,0.3034999966621399,0.27869999408721924,0.24779999256134033,0.21060000360012054,0.1673000007867813,0.1177000030875206,0.06199999898672104,9.999999747378752e-05]},"level2":{"x":[0.0,0.24220000207424164,0.48330000042915344,0.7233999967575073,0.9624999761581421,1.200600028038025,1.4377000331878662,1.6739000082015991,1.90910005569458,2.1433000564575195,2.3766000270843506,2.6089000701904297,2.8403000831604004,3.0708000659942627,3.3004000186920166,3.529099941253662,3.7567999362945557,3.9837000370025635,4.20959997177124,4.434700012207031,4.65880012512207],"y":[0.0,0.061799999326467514,0.11720000207424164,0.16609999537467957,0.2085999995470047,0.24480000138282776,0.27469998598098755,0.29829999804496765,0.3154999911785126,0.32659998536109924,0.3314000070095062,0.33000001311302185,0.3224000036716461,0.30869999527931213,0.2888999879360199,0.2628999948501587,0.23090000450611115,0.19280000030994415,0.14869999885559082,0.09860000014305115,0.042500000447034836]},"level3":{"x":[0.0,0.24220000207424164,0.4832000136375427,0.7232000231742859,0.9621999859809875,1.2001999616622925,1.4371000528335571,1.6730999946594238,1.9081000089645386,2.1421000957489014,2.375200033187866,2.607300043106079,2.8385000228881836,3.0687999725341797,3.2981998920440674,3.526700019836426,3.754300117492676,3.981100082397461,4.206900119781494,4.4319000244140625,4.656000137329102,4.879300117492676],"y":[0.0,0.061900001019239426,0.11749999970197678,0.16680000722408295,0.20990000665187836,0.2467000037431717,0.2773999869823456,0.3018999993801117,0.32030001282691956,0.3325999975204468,0.33880001306533813,0.33899998664855957,0.33309999108314514,0.32120001316070557,0.30329999327659607,0.27950000762939453,0.24969999492168427,0.21400000154972076,0.17239999771118164,0.12489999830722809,0.07150000333786011,0.012400000356137753]}}}