{"params":{"v0":20,"theta_deg":30},"models":{"level1":{"x":[0.0,0.4352000057697296,0.8704000115394592,1.3056000471115112,1.7408000230789185,2.1758999824523926,2.6110999584198,3.046299934387207,3.4814999103546143,3.9166998863220215,4.351900100708008,4.787099838256836,5.222300052642822,5.65749979019165,6.092599868774414,6.5278000831604,6.9629998207092285,7.398200035095215,7.833399772644043,8.268600463867188,8.703800201416016,9.138999938964844,9.57409954071045,10.009300231933594,10.444499969482422,10.87969970703125,11.314900398254395,11.750100135803223,12.18529987335205,12.620499610900879,13.055700302124023,13.490799903869629,13.925999641418457,14.361200332641602,14.79640007019043,15.231599807739258,15.666799545288086,16.101999282836914,16.537200927734375,16.972400665283203,17.407499313354492,17.84269905090332,18.27790069580078,18.71310043334961,19.148300170898438,19.583499908447266,20.018699645996094,20.453899383544922,20.88909912109375,21.324199676513672,21.7593994140625,22.194599151611328,22.62980079650879,23.065000534057617,23.500200271606445,23.935400009155273,24.3705997467041,24.80579948425293,25.24090003967285,25.67609977722168,26.111299514770508,26.546499252319336,26.981700897216797,27.416900634765625,27.852100372314453,28.28730010986328,28.722400665283203,29.15760040283203,29.59280014038086,30.027999877929688,30.463199615478516,30.898399353027344,31.333599090576172,31.768800735473633,32.20399856567383,32.639198303222656,33.07429885864258,33.509498596191406,33.944698333740234,34.37990188598633,34.815101623535156,35.250301361083984],"y":[0.0,0.24819999933242798,0.4900999963283539,0.7258999943733215,0.9555000066757202,1.1789000034332275,1.3961000442504883,1.607100009918213,1.811900019645691,2.010499954223633,2.202899932861328,2.3891000747680664,2.569200038909912,2.743000030517578,2.9107000827789307,3.0720999240875244,3.227400064468384,3.376499891281128,3.5192999839782715,3.6559998989105225,3.7864999771118164,3.910799980163574,4.028900146484375,4.1407999992370605,4.246600151062012,4.346099853515625,4.4394001960754395,4.526599884033203,4.607500076293945,4.682300090789795,4.750800132751465,4.813199996948242,4.8694000244140625,4.919400215148926,4.963099956512451,5.000699996948242,5.032100200653076,5.057400226593018,5.076399803161621,5.089200019836426,5.095799922943115,5.09630012512207,5.0904998779296875,5.07859992980957,5.060400009155273,5.036099910736084,5.0055999755859375,4.968800067901611,4.925899982452393,4.876800060272217,4.821499824523926,4.760000228881836,4.692399978637695,4.618500232696533,4.538400173187256,4.452099800109863,4.3597002029418945,4.261000156402588,4.156199932098389,4.045199871063232,3.9279000759124756,3.804500102996826,3.6749000549316406,3.539099931716919,3.3970999717712402,3.2488999366760254,3.0945000648498535,2.9339001178741455,2.767199993133545,2.5941998958587646,2.4149999618530273,2.2297000885009766,2.038100004196167,1.840399980545044,1.6365000009536743,1.426300048828125,1.2100000381469727,0.987500011920929,0.7588000297546387,0.5238999724388123,0.28279998898506165,0.03550000116229057]},"level2":{"x":[0.0,0.4332999885082245,0.8629000186920166,1.2890000343322754,1.711400032043457,2.130500078201294,2.5462000370025635,2.9584999084472656,3.3677000999450684,3.773699998855591,4.176599979400635,4.576399803161621,4.973299980163574,5.367300033569336,5.758399963378906,6.1468000411987305,6.532400131225586,6.915299892425537,7.295599937438965,7.673299789428711,8.048399925231934,8.420999526977539,8.791199684143066,9.159000396728516,9.524299621582031,9.887399673461914,10.248100280761719,10.606599807739258,10.962800025939941,11.316900253295898,11.668800354003906,12.018500328063965,12.366100311279297,12.711700439453125,13.05519962310791,13.396699905395508,13.736100196838379,14.073599815368652,14.409199714660645,14.742799758911133,15.07450008392334,15.404199600219727,15.732099533081055,16.05820083618164,16.382400512695312,16.70479965209961,17.025299072265625,17.344100952148438,17.661100387573242,17.976299285888672,18.28969955444336,18.60140037536621,18.911300659179688,19.219499588012695,19.525999069213867,19.830799102783203,20.133899688720703,20.435199737548828,20.734899520874023,21.032899856567383,21.329200744628906,21.623899459838867,21.916799545288086,22.208099365234375,22.497800827026367,22.78580093383789,23.072099685668945,23.356800079345703,23.63990020751953,23.921300888061523,24.201000213623047,24.47920036315918,24.755699157714844,25.030500411987305],"y":[0.0,0.24709999561309814,0.48590001463890076,0.7164999842643738,0.9391000270843506,1.1536999940872192,1.3603999614715576,1.5592999458312988,1.7503999471664429,1.933899998664856,2.1098999977111816,2.2783000469207764,2.439300060272217,2.5929999351501465,2.7393999099731445,2.8785998821258545,3.0106000900268555,3.1356000900268555,3.2534000873565674,3.3643999099731445,3.468400001525879,3.565500020980835,3.6558001041412354,3.7393999099731445,3.8162999153137207,3.886399984359741,3.950000047683716,4.006999969482422,4.057499885559082,4.101399898529053,4.138999938964844,4.170100212097168,4.194900035858154,4.2133002281188965,4.225500106811523,4.231400012969971,4.231100082397461,4.224599838256836,4.211999893188477,4.193299770355225,4.168600082397461,4.137800216674805,4.10099983215332,4.058199882507324,4.009500026702881,3.954900026321411,3.894399881362915,3.8280999660491943,3.75600004196167,3.678100109100342,3.594399929046631,3.5051000118255615,3.410099983215332,3.3094000816345215,3.203200101852417,3.0913000106811523,2.973900079727173,2.8510000705718994,2.722599983215332,2.58870005607605,2.449399948120117,2.304800033569336,2.1547000408172607,1.999400019645691,1.8387999534606934,1.6728999614715576,1.5017000436782837,1.3253999948501587,1.1440000534057617,0.9574000239372253,0.7656999826431274,0.5690000057220459,0.36719998717308044,0.16050000488758087]},"level3":{"x":[0.0,0.43320000171661377,0.8626000285148621,1.2883000373840332,1.7101999521255493,2.1285998821258545,2.5434999465942383,2.9549999237060547,3.363100051879883,3.7679998874664307,4.169600009918213,4.56820011138916,4.963699817657471,5.356100082397461,5.745699882507324,6.132299900054932,6.516200065612793,6.897299766540527,7.275700092315674,7.651400089263916,8.0246000289917,8.395099639892578,8.763199806213379,9.128899574279785,9.49209976196289,9.852899551391602,10.21150016784668,10.567700386047363,10.921699523925781,11.273500442504883,11.623100280761719,11.970600128173828,12.315899848937988,12.659199714660645,13.000499725341797,13.339699745178223,13.676899909973145,14.012200355529785,14.345600128173828,14.67710018157959,15.006600379943848,15.334400177001953,15.660200119018555,15.984299659729004,16.30660057067871,16.627099990844727,16.945899963378906,17.26289939880371,17.57819938659668,17.891700744628906,18.203699111938477,18.513900756835938,18.822399139404297,19.1294002532959,19.43470001220703,19.738300323486328,20.0403995513916,20.34079933166504,20.639699935913086,20.937000274658203,21.23270034790039,21.526899337768555,21.819499969482422,22.11050033569336,22.400100708007812,22.687999725341797,22.97450065612793,23.2593994140625,23.54290008544922,23.824800491333008,24.105199813842773,24.38409996032715,24.66160011291504,24.9375,25.211999893188477,25.484899520874023,25.756399154663086],