{"params":{"v0":40,"theta_deg":35},"models":{"level1":{"x":[0.0,0.8233000040054321,1.6464999914169312,2.4697999954223633,3.293100118637085,4.116300106048584,4.939599990844727,5.762899875640869,6.586100101470947,7.40939998626709,8.23270034790039,9.055999755859375,9.879199981689453,10.702500343322754,11.525799751281738,12.348999977111816,13.172300338745117,13.995599746704102,14.81879997253418,15.64210033416748,16.46540069580078,17.28860092163086,18.111900329589844,18.935199737548828,19.758399963378906,20.58169937133789,21.405000686645508,22.228200912475586,23.05150032043457,23.874799728393555,24.69809913635254,25.521299362182617,26.344600677490234,27.16790008544922,27.991100311279297,28.81439971923828,29.637699127197266,30.460899353027344,31.28420066833496,32.10749816894531,32.93069839477539,33.75400161743164,34.577301025390625,35.4005012512207,36.22380065917969,37.04710006713867,37.870399475097656,38.693599700927734,39.51689910888672,40.3401985168457,41.16339874267578,41.986698150634766,42.810001373291016,43.633201599121094,44.45650100708008,45.27980041503906,46.10300064086914,46.926300048828125,47.74959945678711,48.57279968261719,49.39609909057617,50.219398498535156,51.042598724365234,51.86589813232422,52.68920135498047,53.51240158081055,54.33570098876953,55.159000396728516,55.9822998046875,56.80550003051758,57.62879943847656,58.45209884643555,59.275299072265625,60.09859848022461,60.92190170288086,61.74509811401367,62.56840133666992,63.391700744628906,64.21499633789062,65.03820037841797,65.86150360107422,66.68470001220703,67.50800323486328,68.331298828125,69.15460205078125,69.97779846191406,70.80110168457031,71.62439727783203,72.44760131835938,73.2708969116211,74.09420013427734,74.91739654541016,75.7406997680664,76.56400299072266,77.38719940185547,78.21050262451172,79.03379821777344,79.85700225830078,80.6802978515625,81.50360107421875,82.32679748535156,83.15010070800781,83.97339630126953,84.79660034179688,85.61990356445312,86.44319915771484,87.26640319824219,88.0896987915039,88.91300201416016,89.73619842529297,90.55950164794922,91.38279724121094,92.20610046386719,93.029296875,93.85260009765625,94.6759033203125,95.49909973144531,96.32240295410156,97.14569854736328,97.96890258789062,98.79219818115234,99.6155014038086,100.4386978149414,101.26200103759766,102.08529663085938,102.90850067138672,103.73179626464844,104.55509948730469,105.37830352783203,106.20159912109375,107.02490234375,107.84819793701172,108.67140197753906,109.49469757080078,110.31800079345703,111.14119720458984,111.9645004272461,112.78780364990234,113.61100006103516,114.4343032836914,115.25759887695312,116.08080291748047,116.90409851074219,117.72740173339844,118.55059814453125,119.3739013671875,120.19719696044922,121.02040100097656,121.84369659423828,122.66699981689453,123.49030303955078,124.3134994506836,125.13680267333984,125.96009826660156,126.7833023071289,127.60659790039062,128.42990112304688,129.2530975341797,130.07640075683594,130.8997039794922,131.72300720214844,132.54620361328125,133.3695068359375,134.1927947998047,135.01600646972656,135.83929443359375,136.66250610351562,137.4857940673828,138.30909729003906,139.1324005126953,139.95559692382812,140.77890014648438,141.60220336914062,142.42539978027344,143.2487030029297,144.07200622558594,144.89529418945312,145.718505859375,146.5417938232422,147.36509704589844,148.18829345703125,149.0115966796875,149.8347930908203,150.65809631347656,151.4813995361328,152.30459594726562,153.12789916992188],"y":[0.0,0.5734000205993652,1.1404999494552612,1.7015000581741333,2.2562999725341797,2.8048999309539795,3.3473000526428223,3.883500099182129,4.41349983215332,4.937300205230713,5.454899787902832,5.966400146484375,6.47160005569458,6.970699787139893,7.463500022888184,7.950200080871582,8.4306001663208,8.904899597167969,9.373000144958496,9.83489990234375,10.290599822998047,10.740099906921387,11.18340015411377,11.620499610900879,12.051400184631348,12.476099967956543,12.894700050354004,13.307000160217285,13.713199615478516,14.113100051879883,14.5068998336792,14.894499778747559,15.275799751281738,15.651000022888184,16.020000457763672,16.38279914855957,16.73940086364746,17.089799880981445,17.434099197387695,17.7721004486084,18.103900909423828,18.42959976196289,18.749000549316406,19.062299728393555,19.369300842285156,19.67020034790039,19.96489906311035,20.253400802612305,20.53569984436035,20.811800003051758,21.08169937133789,21.345399856567383,21.6028995513916,21.85420036315918,22.099300384521484,22.338300704956055,22.570999145507812,22.79759979248047,23.017900466918945,23.232099533081055,23.440099716186523,23.64189910888672,23.837499618530273,24.02680015563965,24.209999084472656,24.387100219726562,24.557899475097656,24.72249984741211,24.88089942932129,25.033199310302734,25.17919921875,25.319000244140625,25.452699661254883,25.5802001953125,25.701400756835938,25.816499710083008,25.925399780273438,26.028099060058594,26.12459945678711,26.21489906311035,26.298999786376953,26.37689971923828,26.448699951171875,26.51420021057129,26.57349967956543,26.626699447631836,26.673599243164062,26.714399337768555,26.749000549316406,26.777299880981445,26.79949951171875,26.815500259399414,26.825300216674805,26.828899383544922,26.8262996673584,26.8174991607666,26.802600860595703,26.781400680541992,26.753999710083008,26.720500946044922,26.680700302124023,26.63479995727539,26.582700729370117,26.52429962158203,26.459800720214844,26.38909912109375,26.31220054626465,26.22909927368164,26.139799118041992,26.044300079345703,25.94260025024414,25.834800720214844,25.720699310302734,25.600400924682617,25.474000930786133,25.341299057006836,25.202499389648438,25.0575008392334,24.906299591064453,24.74880027770996,24.5851993560791,24.4153995513916,24.23940086364746,24.057300567626953,23.868900299072266,23.674299240112305,23.473499298095703,23.266599655151367,23.05340003967285,22.8341007232666,22.60849952697754,22.376800537109375,22.138900756835938,21.894800186157227,21.644500732421875,21.38800048828125,21.12529945373535,20.856399536132812,20.581300735473633,20.299999237060547,20.012500762939453,19.718900680541992,19.41900062561035,19.113000869750977,18.80069923400879,18.4822998046875,18.157699584960938,17.826900482177734,17.48979949951172,17.1466007232666,16.797199249267578,16.441600799560547,16.07990074157715,15.711899757385254,15.337699890136719,14.95740032196045,14.570799827575684,14.178000450134277,13.77910041809082,13.37399959564209,12.962599754333496,12.545100212097168,12.121399879455566,11.691499710083008,11.255399703979492,10.81309986114502,10.36460018157959,9.909899711608887,9.44909954071045,8.982000350952148,8.508700370788574,8.02929973602295,7.543600082397461,7.051799774169922,6.553800106048584,6.049499988555908,5.539100170135498,5.022500038146973,4.49970006942749,3.9707000255584717,3.435499906539917,2.8940999507904053,2.34660005569458,1.792799949645996,1.2329000234603882,0.666700005531311,0.09430000185966492]},