{"params":{"v0":25,"theta_deg":25},"models":{"level1":{"x":[0.0,0.5692999958992004,1.1385999917984009,1.707900047302246,2.2771999835968018,2.846400022506714,3.4156999588012695,3.984999895095825,4.554299831390381,5.123600006103516,5.69290018081665,6.262199878692627,6.831500053405762,7.4008002281188965,7.96999979019165,8.539299964904785,9.108599662780762,9.677900314331055,10.247200012207031,10.816499710083008,11.3858003616333,11.955100059509277,12.524399757385254,13.093600273132324,13.6628999710083,14.232199668884277,14.80150032043457,15.370800018310547,15.940099716186523,16.5093994140625,17.078699111938477,17.648000717163086,18.217199325561523,18.786500930786133,19.35580062866211,19.925100326538086,20.494400024414062,21.06369972229004,21.632999420166016,22.202299118041992,22.7716007232666,23.34079933166504,23.91010093688965,24.479400634765625,25.0487003326416,25.618000030517578,26.187299728393555,26.75659942626953,27.325899124145508,27.895099639892578,28.464399337768555,29.033700942993164,29.60300064086914,30.172300338745117,30.741600036621094,31.31089973449707,31.880199432373047,32.449501037597656,33.018798828125,33.5880012512207,34.15729904174805,34.726600646972656,35.2958984375,35.86520004272461,36.43450164794922,37.00379943847656,37.57310104370117,38.142398834228516,38.71160125732422,39.28089904785156,39.85020065307617,40.419498443603516,40.988800048828125,41.558101654052734,42.12739944458008,42.69670104980469,43.26599884033203,43.835201263427734,44.40449905395508,44.97380065917969,45.54309844970703,46.11240005493164,46.68170166015625,47.250999450683594,47.8203010559082,48.38959884643555],"y":[0.0,0.2624000012874603,0.5184999704360962,0.7684999704360962,1.0123000144958496,1.249899983406067,1.4812999963760376,1.7065000534057617,1.9255000352859497,2.138400077819824,2.3450000286102295,2.5453999042510986,2.7397000789642334,2.9277000427246094,3.109600067138672,3.2852001190185547,3.454699993133545,3.618000030517578,3.775099992752075,3.9260001182556152,4.070700168609619,4.209199905395508,4.3414998054504395,4.467599868774414,4.587500095367432,4.701300144195557,4.808800220489502,4.910200119018555,5.005300045013428,5.094299793243408,5.177000045776367,5.253600120544434,5.323999881744385,5.388199806213379,5.446199893951416,5.498000144958496,5.543600082397461,5.583000183105469,5.616300106048584,5.6433000564575195,5.664100170135498,5.678800106048584,5.68720006942749,5.689499855041504,5.6855998039245605,5.6753997802734375,5.65910005569458,5.636600017547607,5.607900142669678,5.572999954223633,5.531899929046631,5.484600067138672,5.43120002746582,5.371500015258789,5.305600166320801,5.23360013961792,5.155300140380859,5.070899963378906,4.980199813842773,4.883399963378906,4.780399799346924,4.671199798583984,4.555799961090088,4.434199810028076,4.306399822235107,4.172399997711182,4.032199859619141,3.8857998847961426,3.733299970626831,3.57450008392334,3.409600019454956,3.2383999824523926,3.0611000061035156,2.877500057220459,2.6877999305725098,2.4918999671936035,2.289799928665161,2.0815000534057617,1.8669999837875366,1.646299958229065,1.4193999767303467,1.1863000392913818,0.9470999836921692,0.7016000151634216,0.44999998807907104,0.19210000336170197]},"level2":{"x":[0.0,0.5662000179290771,1.1263999938964844,1.680799961090088,2.2293999195098877,2.77239990234375,3.309999942779541,3.8422000408172607,4.369200229644775,4.891200065612793,5.408199787139893,5.920400142669678,6.427800178527832,6.930600166320801,7.428800106048584,7.922599792480469,8.411999702453613,8.897199630737305,9.378299713134766,9.855199813842773,10.328100204467773,10.797100067138672,11.262200355529785,11.723600387573242,12.181300163269043,12.635299682617188,13.085700035095215,13.532600402832031,13.976099967956543,14.416099548339844,14.852899551391602,15.286299705505371,15.716500282287598,16.14349937438965,16.567399978637695,16.988300323486328,17.4060001373291,17.82080078125,18.23270034790039,18.641599655151367,19.04759979248047,19.450899124145508,19.851299285888672,20.248899459838867,20.64389991760254,21.036100387573242,21.42569923400879,21.812599182128906,22.1968994140625,22.578699111938477,22.95789909362793,23.33449935913086,23.70870018005371,24.080400466918945,24.449600219726562,24.8164005279541,25.18079948425293,25.542800903320312,25.90250015258789,26.25979995727539,26.614700317382812,26.967300415039062,27.31760025024414,27.665700912475586,28.01140022277832,28.354900360107422,28.696199417114258,29.035200119018555,29.371999740600586,29.70669937133789,30.039100646972656,30.369300842285156,30.697399139404297,31.023300170898438,31.34709930419922,31.668699264526367],"y":[0.0,0.26089999079704285,0.5130000114440918,0.7562000155448914,0.9907000064849854,1.2166999578475952,1.4342999458312988,1.6434999704360962,1.844499945640564,2.0374999046325684,2.222399950027466,2.399399995803833,2.568700075149536,2.7302000522613525,2.8840999603271484,3.0304999351501465,3.1693999767303467,3.3008999824523926,3.425100088119507,3.5422000885009766,3.6519999504089355,3.7548000812530518,3.850600004196167,3.9393999576568604,4.021299839019775,4.096499919891357,4.16480016708374,4.226500034332275,4.281499862670898,4.329899787902832,4.371799945831299,4.407199859619141,4.436200141906738,4.458700180053711,4.474999904632568,4.484899997711182,4.488699913024902,4.486199855804443,4.477499961853027,4.462800025939941,4.441999912261963,4.41510009765625,4.382299900054932,4.343500137329102,4.298900127410889,4.248300075531006,4.19189977645874,4.129799842834473,4.0619001388549805,3.9881999492645264,3.908900022506714,3.8239998817443848,3.7334001064300537,3.6373000144958496,3.535599946975708,3.4284000396728516,3.3157999515533447,3.197700023651123,3.074199914932251,2.9453999996185303,2.811199903488159,2.6717000007629395,2.5269999504089355,2.377000093460083,2.22189998626709,2.061500072479248,1.8961000442504883,1.725600004196167,1.5499999523162842,1.3694000244140625,1.1837999820709229,0.9932000041007996,0.7976999878883362,0.5974000096321106,0.3921000063419342,0.18209999799728394]},"level3":{"x":[0.0,0.566100001335144,1.126099944114685,1.6799999475479126,2.228100061416626,2.770400047302246,3.3071999549865723,3.8385000228881836,4.364500045776367,4.885300159454346,5.401000022888184,5.9116997718811035,6.417699813842773,6.918900012969971,7.415500164031982,7.90749979019165,8.395099639892578,8.878499984741211,9.357500076293945,9.832500457763672,10.303299903869629,10.7701997756958,11.233200073242188,11.692399978637695,12.14780044555664,12.599599838256836,13.047699928283691,13.492300033569336,13.933500289916992,14.371199607849121,14.8056001663208,15.236800193786621,15.66469955444336,16.089399337768555,16.51099967956543,16.929500579833984,17.344999313354492,17.757600784301758,18.167200088500977,18.573999404907227,18.9778995513916,19.378999710083008,19.77739906311035,20.17300033569336,20.56599998474121,20.956300735473633,21.344100952148438,21.729299545288086,22.111900329589844,22.492000579833984,22.869699478149414,23.24489974975586,23.617599487304688,23.988000869750977,24.35610008239746,24.721799850463867,25.085100173950195,25.446199417114258,25.80500030517578,26.16160011291504,26.516000747680664,26.868099212646484,27.218000411987305,27.565799713134766,27.911399841308594,28.2549991607666,28.59630012512207,28.93560028076172,29.27280044555664,29.607999801635742,29.94099998474121,30.2721004486084,30.60110092163086,30.9281005859375,31.25309944152832,31.576099395751953,31.8971004486084,32.21620178222656,32.53329849243164,32.8484001159668],