{"params":{"v0":20,"theta_deg":15},"models":{"level1":{"x":[0.0,0.48539999127388,0.97079998254776,1.4562000036239624,1.94159996509552,2.4268999099731445,2.9123001098632812,3.397700071334839,3.8831000328063965,4.368500232696533,4.853899955749512,5.339300155639648,5.824699878692627,6.310100078582764,6.795499801635742,7.280799865722656,7.766200065612793,8.25160026550293,8.737000465393066,9.222399711608887,9.707799911499023,10.19320011138916,10.678600311279297,11.163999557495117,11.649399757385254,12.134699821472168,12.620100021362305,13.105500221252441,13.590900421142578,14.076299667358398,14.561699867248535,15.047100067138672,15.532500267028809,16.017900466918945,16.503299713134766,16.98859977722168,17.474000930786133,17.959400177001953,18.444799423217773,18.930200576782227,19.415599822998047,19.900999069213867,20.38640022277832],"y":[0.0,0.12700000405311584,0.24770000576972961,0.36230000853538513,0.4706999957561493,0.5728999972343445,0.6689000129699707,0.7587000131607056,0.8422999978065491,0.919700026512146,0.9908999800682068,1.055999994277954,1.114799976348877,1.1675000190734863,1.2138999700546265,1.2541999816894531,1.2882000207901,1.316100001335144,1.3378000259399414,1.3532999753952026,1.3625999689102173,1.3657000064849854,1.3625999689102173,1.3532999753952026,1.3378000259399414,1.3162000179290771,1.2883000373840332,1.2542999982833862,1.2139999866485596,1.1676000356674194,1.11489999294281,1.0561000108718872,0.991100013256073,0.9199000000953674,0.8424999713897705,0.758899986743927,0.6690999865531921,0.5730999708175659,0.4708999991416931,0.36250001192092896,0.24799999594688416,0.12720000743865967,0.0003000000142492354]},"level2":{"x":[0.0,0.48330000042915344,0.9624999761581421,1.437600016593933,1.9086999893188477,2.375999927520752,2.839400053024292,3.299099922180176,3.755199909210205,4.207600116729736,4.656400203704834,5.101799964904785,5.543700218200684,5.9822998046875,6.417600154876709,6.849599838256836,7.27839994430542,7.703999996185303,8.12660026550293,8.545999526977539,8.962499618530273,9.37600040435791,9.786499977111816,10.194199562072754,10.598899841308594,11.000900268554688,11.400099754333496,11.796600341796875,12.190299987792969,12.581299781799316,12.96969985961914,13.355500221252441,13.738699913024902,14.11929988861084,14.497300148010254,14.872900009155273,15.24590015411377,15.616499900817871,15.984700202941895,16.350400924682617],"y":[0.0,0.12639999389648438,0.24560000002384186,0.35760000348091125,0.4625000059604645,0.5602999925613403,0.651199996471405,0.7351999878883362,0.8123000264167786,0.8827000260353088,0.9463000297546387,1.0032999515533447,1.0536999702453613,1.097499966621399,1.1347999572753906,1.1656999588012695,1.1901999711990356,1.208299994468689,1.2201000452041626,1.2257000207901,1.225000023841858,1.2181999683380127,1.205299973487854,1.1862000226974487,1.1612000465393066,1.1301000118255615,1.0930999517440796,1.0501999855041504,1.0013999938964844,0.9467999935150146,0.8863000273704529,0.8201000094413757,0.748199999332428,0.6704999804496765,0.5873000025749207,0.4984000027179718,0.40389999747276306,0.30379998683929443,0.19830000400543213,0.08730000257492065]},"level3":{"x":[0.0,0.48330000042915344,0.9623000025749207,1.4371999502182007,1.9081000089645386,2.3750998973846436,2.838099956512451,3.2973999977111816,3.7528998851776123,4.204800128936768,4.65310001373291,5.097899913787842,5.5391998291015625,5.977200031280518,6.411799907684326,6.843100070953369,7.271200180053711,7.696100234985352,8.118000030517578,8.536700248718262,8.952500343322754,9.365300178527832,9.775099754333496,10.182100296020508,10.586299896240234,10.987600326538086,11.386199951171875,11.782099723815918,12.175299644470215,12.565899848937988,12.953900337219238,13.339300155639648,13.722100257873535,14.102399826049805,14.480299949645996,14.85569953918457,15.228699684143066,15.599200248718262,15.967399597167969,16.33329963684082,16.696800231933594,17.058000564575195],"y":[0.0,0.1265999972820282,0.24619999527931213,0.3589000105857849,0.4648999869823456,0.5640000104904175,0.656499981880188,0.7423999905586243,0.8216999769210815,0.8945000171661377,0.9607999920845032,1.020799994468689,1.0743999481201172,1.1216000318527222,1.1627000570297241,1.1974999904632568,1.226199984550476,1.2487000226974487,1.2652000188827515,1.2756999731063843,1.2802000045776367,1.2786999940872192,1.271299958229065,1.2581000328063965,1.2390999794006348,1.2142000198364258,1.1835999488830566,1.1473000049591064,1.1053999662399292,1.057800054550171,1.0045000314712524,0.9458000063896179,0.8813999891281128,0.8116000294685364,0.736299991607666,0.6556000113487244,0.5694000124931335,0.4778999984264374,0.38109999895095825,0.27889999747276306,0.17149999737739563,0.058800000697374344]}}}