{"params":{"v0":15,"theta_deg":65},"models":{"level1":{"x":[0.0,0.15929999947547913,0.31859999895095825,0.47780001163482666,0.6370999813079834,0.7964000105857849,0.9556999802589417,1.11489999294281,1.2741999626159668,1.433500051498413,1.5928000211715698,1.7520999908447266,1.9112999439239502,2.0706000328063965,2.2298998832702637,2.38919997215271,2.5485000610351562,2.70770001411438,2.867000102996826,3.0262999534606934,3.1856000423431396,3.3447999954223633,3.5041000843048096,3.6633999347686768,3.822700023651123,3.9820001125335693,4.141200065612793,4.30049991607666,4.459799766540527,4.619100093841553,4.778299808502197,4.937600135803223,5.09689998626709,5.256199836730957,5.415500164031982,5.574699878692627,5.734000205993652,5.8933000564575195,6.052599906921387,6.211900234222412,6.371099948883057,6.530399799346924,6.689700126647949,6.848999977111816,7.008200168609619,7.167500019073486,7.3267998695373535,7.486100196838379,7.645400047302246,7.804599761962891,7.963900089263916,8.123200416564941,8.282500267028809,8.441699981689453,8.60099983215332,8.760299682617188,8.919599533081055,9.078900337219238,9.238100051879883,9.39739990234375,9.556699752807617,9.715999603271484,9.875300407409668,10.034500122070312,10.19379997253418,10.353099822998047,10.512399673461914,10.671600341796875,10.830900192260742,10.99020004272461,11.149499893188477,11.308799743652344,11.468000411987305,11.627300262451172,11.786600112915039,11.945899963378906,12.10509967803955,12.264399528503418,12.423700332641602,12.583000183105469,12.742300033569336,12.90149974822998,13.060799598693848,13.220100402832031,13.379400253295898,13.538599967956543,13.69789981842041,13.857199668884277,14.016500473022461,14.175800323486328,14.335000038146973,14.49429988861084,14.653599739074707,14.812899589538574,14.972200393676758,15.131400108337402,15.29069995880127,15.449999809265137,15.609299659729004,15.768500328063965,15.927800178527832,16.087099075317383,16.246400833129883,16.40570068359375,16.564899444580078,16.724199295043945,16.883499145507812,17.042800903320312,17.20210075378418,17.361299514770508,17.520599365234375],"y":[0.0,0.3384999930858612,0.670799970626831,0.9969000220298767,1.3166999816894531,1.6304999589920044,1.937999963760376,2.239300012588501,2.53439998626709,2.8232998847961426,3.106100082397461,3.3826000690460205,3.6530001163482666,3.917099952697754,4.175099849700928,4.4268999099731445,4.672500133514404,4.911900043487549,5.144999980926514,5.372099876403809,5.592899799346924,5.807499885559082,6.015900135040283,6.218100070953369,6.4141998291015625,6.604000091552734,6.787700176239014,6.965099811553955,7.13640022277832,7.301499843597412,7.460299968719482,7.61299991607666,7.759500026702881,7.899799823760986,8.033900260925293,8.161800384521484,8.283599853515625,8.399100303649902,8.508399963378906,8.611599922180176,8.708499908447266,8.799300193786621,8.88379955291748,8.962200164794922,9.03439998626709,9.1003999710083,9.160200119018555,9.213800430297852,9.261199951171875,9.302399635314941,9.337400436401367,9.36620044708252,9.388899803161621,9.40530014038086,9.415499687194824,9.419599533081055,9.417499542236328,9.409099578857422,9.394599914550781,9.373900413513184,9.347000122070312,9.313899993896484,9.2746000289917,9.229100227355957,9.177399635314941,9.119500160217285,9.055399894714355,8.985199928283691,8.908699989318848,8.82610034942627,8.737199783325195,8.642200469970703,8.541000366210938,8.433500289916992,8.319899559020996,8.20009994506836,8.07409954071045,7.94189977645874,7.803500175476074,7.658999919891357,7.508200168609619,7.351200103759766,7.1880998611450195,7.018700122833252,6.843200206756592,6.661399841308594,6.473499774932861,6.279399871826172,6.079100131988525,5.872600078582764,5.659800052642822,5.440999984741211,5.21589994430542,4.984600067138672,4.747099876403809,4.503399848937988,4.253600120544434,3.997499942779541,3.735300064086914,3.4667999744415283,3.192199945449829,2.911400079727173,2.6243999004364014,2.331199884414673,2.0318000316619873,1.726199984550476,1.4143999814987183,1.0964000225067139,0.7721999883651733,0.44179999828338623,0.10530000180006027]},"level2":{"x":[0.0,0.15880000591278076,0.3165000081062317,0.4733000099658966,0.6291000247001648,0.7839999794960022,0.9380000233650208,1.0910999774932861,1.243399977684021,1.3947999477386475,1.5454000234603882,1.6952999830245972,1.8444000482559204,1.9926999807357788,2.1403000354766846,2.2871999740600586,2.433500051498413,2.5789999961853027,2.7239999771118164,2.868299961090088,3.01200008392334,3.155100107192993,3.2976999282836914,3.4395999908447266,3.5810999870300293,3.7219998836517334,3.8624000549316406,4.002399921417236,4.1417999267578125,4.280799865722656,4.419300079345703,4.557400226593018,4.695000171661377,4.832300186157227,4.969099998474121,5.105500221252441,5.241600036621094,5.377299785614014,5.512599945068359,5.647500038146973,5.782199859619141,5.916399955749512,6.0503997802734375,6.184000015258789,6.317299842834473,6.450300216674805,6.582900047302246,6.7153000831604,6.847400188446045,6.979100227355957,7.110599994659424,7.241700172424316,7.372600078582764,7.503200054168701,7.633399963378906,7.763400077819824,7.89300012588501,8.02239990234375,8.15149974822998,8.280200004577637,8.408599853515625,8.536700248718262,8.66450023651123,8.791899681091309,8.919099807739258,9.04580020904541,9.172300338745117,9.298299789428711,9.423999786376953,9.549400329589844,9.674300193786621,9.79889965057373,9.923100471496582,10.046899795532227,10.170299530029297,10.293299674987793,10.415900230407715,10.538000106811523,10.659700393676758,10.781000137329102,10.901800155639648,11.022199630737305,11.14210033416748,11.261500358581543,11.380499839782715,11.498900413513184,11.616900444030762,11.734399795532227,11.851400375366211,11.967900276184082,12.083800315856934,12.199199676513672,12.31410026550293,12.428500175476074,12.5423002243042,12.655599594116211,12.76830005645752,12.880399703979492,12.991999626159668,13.102999687194824,13.213500022888184,13.3233003616333],"y":[0.0,0.33739998936653137,0.6664000153541565,0.9872999787330627,1.2999999523162842,1.604699969291687,1.9013999700546265,2.1902999877929688,2.471400022506714,2.7446999549865723,3.010499954223633,3.268699884414673,3.519399881362915,3.7625999450683594,3.998500108718872,4.227099895477295,4.448500156402588,4.662700176239014,4.869800090789795,5.069799900054932,5.262800216674805,5.448800086975098,5.627900123596191,5.800099849700928,5.965400218963623,6.124000072479248,6.2758002281188965,6.420899868011475,6.559299945831299,6.691100120544434,6.816299915313721,6.934899806976318,7.046899795532227,7.152400016784668,7.251399993896484,7.343999862670898,7.430099964141846,7.509699821472168,7.583000183105469,7.649899959564209,7.7104997634887695,7.764699935913086,7.812600135803223,7.8541998863220215,7.889500141143799,7.918499946594238,7.941299915313721,7.957799911499023,7.968100070953369,7.9721999168396,7.970099925994873,7.961900234222412,7.947400093078613,7.926799774169922,7.900100231170654,7.867199897766113,7.8282999992370605,7.783199787139893,7.732100009918213,7.674900054931641,7.611599922180176,7.542399883270264,7.467100143432617,7.385799884796143,7.298600196838379,7.205399990081787,7.106299877166748,7.001200199127197,6.8902997970581055,6.773600101470947,6.650899887084961,6.522500038146973,6.388299942016602,6.2484002113342285,6.102700233459473,5.951300144195557,5.794300079345703,5.6315999031066895,5.4633002281188965,5.289400100708008,5.110000133514404,4.925099849700928,4.734799861907959,4.539000034332275,4.337699890136719,4.131199836730957,3.919300079345703,3.7021000385284424,3.4797000885009766,3.252000093460083,3.019200086593628,2.7813000679016113,2.538300037384033,2.290299892425537,2.0371999740600586,1.7791999578475952,1.5161999464035034,1.2483999729156494,0.9757999777793884,0.6984000205993652,0.4162999987602234,0.12939999997615814]},