{"params":{"v0":35,"theta_deg":20},"models":{"level1":{"x":[0.0,0.8263999819755554,1.6526999473571777,2.479099988937378,3.305500030517578,4.131800174713135,4.958199977874756,5.7845001220703125,6.610899925231934,7.437300205230713,8.26360034942627,9.09000015258789,9.916399955749512,10.74269962310791,11.569100379943848,12.395400047302246,13.221799850463867,14.048199653625488,14.874500274658203,15.700900077819824,16.527299880981445,17.353599548339844,18.18000030517578,19.00629997253418,19.832700729370117,20.659099578857422,21.48539924621582,22.311800003051758,23.138200759887695,23.964500427246094,24.7908992767334,25.61720085144043,26.443599700927734,27.270000457763672,28.09630012512207,28.922700881958008,29.749099731445312,30.57539939880371,31.40180015563965,32.22819900512695,33.054500579833984,33.88090133666992,34.70719909667969,35.533599853515625,36.36000061035156,37.18629837036133,38.012699127197266,38.8390007019043,39.665401458740234,40.491798400878906,41.31809997558594,42.144500732421875,42.97090148925781,43.79719924926758,44.623600006103516,45.45000076293945,46.27629852294922,47.102699279785156,47.92900085449219,48.755401611328125,49.5817985534668,50.40810012817383,51.234500885009766,52.0609016418457,52.88719940185547,53.713600158691406,54.540000915527344,55.36629867553711,56.19269943237305,57.01900100708008,57.845401763916016,58.67179870605469,59.49810028076172,60.324501037597656,61.15079879760742,61.97719955444336,62.8036003112793,63.62990188598633,64.456298828125,65.28269958496094,66.10900115966797,66.9354019165039,67.76180267333984,68.58809661865234,69.41449737548828,70.24079895019531,71.06719970703125,71.89360046386719,72.71990203857422,73.54630279541016,74.3727035522461,75.1989974975586,76.02539825439453,76.85169982910156,77.6781005859375,78.50450134277344,79.33080291748047,80.1572036743164],"y":[0.0,0.2976999878883362,0.5892000198364258,0.8744000196456909,1.153499960899353,1.4263999462127686,1.6931999921798706,1.9536999464035034,2.2079999446868896,2.4560999870300293,2.6981000900268555,2.933799982070923,3.1633999347686768,3.386699914932251,3.6038999557495117,3.8148999214172363,4.019599914550781,4.218200206756592,4.410600185394287,4.596799850463867,4.776800155639648,4.9506001472473145,5.118299961090088,5.279699802398682,5.434899806976318,5.584000110626221,5.726799964904785,5.863500118255615,5.993899822235107,6.118199825286865,6.236299991607666,6.348199844360352,6.45389986038208,6.553400039672852,6.646699905395508,6.733799934387207,6.814700126647949,6.889400005340576,6.957900047302246,7.020299911499023,7.076399803161621,7.126399993896484,7.170100212097168,7.207699775695801,7.239099979400635,7.2642998695373535,7.283299922943115,7.29610013961792,7.302700042724609,7.303100109100342,7.297299861907959,7.285299777984619,7.267099857330322,7.242800235748291,7.212200164794922,7.17549991607666,7.132500171661377,7.083399772644043,7.02810001373291,6.966599941253662,6.898799896240234,6.824900150299072,6.744800090789795,6.6585001945495605,6.566100120544434,6.467400074005127,6.362500190734863,6.251399993896484,6.134200096130371,6.010700225830078,5.881100177764893,5.745299816131592,5.6031999588012695,5.454999923706055,5.300600051879883,5.139999866485596,4.973199844360352,4.80019998550415,4.620999813079834,4.4355998039245605,4.24399995803833,4.046299934387207,3.8422999382019043,3.6321001052856445,3.415800094604492,3.1933000087738037,2.9644999504089355,2.729599952697754,2.4885001182556152,2.2411999702453613,1.9876999855041504,1.7280000448226929,1.4621000289916992,1.190000057220459,0.9117000102996826,0.6273000240325928,0.33660000562667847,0.03970000147819519]},"level2":{"x":[0.0,0.8202000260353088,1.628100037574768,2.4244000911712646,3.209199905395508,3.9828999042510986,4.745999813079834,5.498600006103516,6.241099834442139,6.973800182342529,7.697000026702881,8.410900115966797,9.115699768066406,9.811800003051758,10.49940013885498,11.178600311279297,11.849800109863281,12.512999534606934,13.168600082397461,13.816699981689453,14.45740032196045,15.090999603271484,15.717599868774414,16.337499618530273,16.950599670410156,17.557300567626953,18.15760040283203,18.751699447631836,19.33970069885254,19.92180061340332,20.49799919128418,21.068500518798828,21.633499145507812,22.19300079345703,22.747100830078125,23.295900344848633,23.839599609375,24.37820053100586,24.91189956665039,25.44070053100586,25.96470069885254,26.483999252319336,26.998699188232422,27.508800506591797,28.01449966430664,28.51569938659668,29.012699127197266,29.505399703979492,29.993900299072266,30.478300094604492,30.95870018005371,31.434999465942383,31.907400131225586,32.375999450683594,32.840599060058594,33.30160140991211,33.7588005065918,34.21229934692383,34.662200927734375,35.10850143432617,35.551300048828125,35.9906005859375,36.42639923095703,36.85879898071289,37.287899017333984,37.713600158691406,38.13600158691406,38.555198669433594,38.971099853515625,39.3838996887207,39.793399810791016,40.19990158081055,40.60319900512695,41.003501892089844,41.40079879760742,41.79499816894531,42.18619918823242,42.574501037597656,42.959800720214844,43.342201232910156,43.7218017578125,44.0984001159668],"y":[0.0,0.2953999936580658,0.580299973487854,0.8549000024795532,1.1195000410079956,1.3740999698638916,1.6190999746322632,1.8545000553131104,2.080699920654297,2.2976999282836914,2.5058000087738037,2.7049999237060547,2.8954999446868896,3.077500104904175,3.251199960708618,3.4165000915527344,3.5738000869750977,3.7230000495910645,3.8643999099731445,3.997999906539917,4.123899936676025,4.242199897766113,4.353099822998047,4.456699848175049,4.5528998374938965,4.642000198364258,4.723999977111816,4.798900127410889,4.867000102996826,4.928199768066406,4.982600212097168,5.030300140380859,5.071400165557861,5.105899810791016,5.133900165557861,5.1554999351501465,5.17080020904541,5.179699897766113,5.182400226593018,5.178899765014648,5.1691999435424805,5.153500080108643,5.131800174713135,5.104100227355957,5.070400238037109,5.030900001525879,4.985499858856201,4.9344000816345215,4.877600193023682,4.815000057220459,4.746799945831299,4.673099994659424,4.593699932098389,4.508900165557861,4.418499946594238,4.322800159454346,4.22160005569458,4.115099906921387,4.003200054168701,3.8861000537872314,3.7637999057769775,3.636199951171875,3.503499984741211,3.3657000064849854,3.2227001190185547,3.074700117111206,2.9217000007629395,2.763700008392334,2.6006999015808105,2.432800054550171,2.259999990463257,2.08240008354187,1.899999976158142,1.7128000259399414,1.520799994468689,1.3242000341415405,1.1227999925613403,0.9168000221252441,0.7062000036239624,0.4909999966621399,0.27129998803138733,0.0471000000834465]},