{"params":{"v0":35,"theta_deg":40},"models":{"level1":{"x":[0.0,0.6736999750137329,1.3473000526428223,2.0209999084472656,2.6946001052856445,3.368299961090088,4.041900157928467,4.71560001373291,5.3892998695373535,6.062900066375732,6.736599922180176,7.410200119018555,8.083900451660156,8.757499694824219,9.43120002746582,10.104900360107422,10.778499603271484,11.452199935913086,12.125800132751465,12.799500465393066,13.473099708557129,14.14680004119873,14.820500373840332,15.494099617004395,16.167800903320312,16.841400146484375,17.515100479125977,18.18869972229004,18.86240005493164,19.536100387573242,20.209699630737305,20.883399963378906,21.55699920654297,22.23069953918457,22.904399871826172,23.577999114990234,24.251699447631836,24.92530059814453,25.599000930786133,26.272600173950195,26.946300506591797,27.61989974975586,28.29360008239746,28.967300415039062,29.640899658203125,30.314599990844727,30.98819923400879,31.66189956665039,32.33549880981445,33.00920104980469,33.682899475097656,34.35649871826172,35.03020095825195,35.703800201416016,36.377498626708984,37.05110168457031,37.72480010986328,38.39849853515625,39.07210159301758,39.74580001831055,40.41939926147461,41.093101501464844,41.766700744628906,42.440399169921875,43.11410140991211,43.78770065307617,44.46139907836914,45.1349983215332,45.80870056152344,46.482398986816406,47.15599822998047,47.8297004699707,48.503299713134766,49.176998138427734,49.85060119628906,50.52429962158203,51.198001861572266,51.87160110473633,52.5452995300293,53.21889877319336,53.892601013183594,54.566200256347656,55.239898681640625,55.91360092163086,56.58720016479492,57.26089859008789,57.93450164794922,58.60820007324219,59.28179931640625,59.955501556396484,60.62919998168945,61.302799224853516,61.97650146484375,62.65010070800781,63.32379913330078,63.997398376464844,64.67109680175781,65.34480285644531,66.01840209960938,66.69210052490234,67.3656997680664,68.03939819335938,68.71299743652344,69.38670349121094,70.0604019165039,70.73400115966797,71.40769958496094,72.081298828125,72.75499725341797,73.42859649658203,74.10230255126953,74.7760009765625,75.44960021972656,76.12329864501953,76.7968978881836,77.47059631347656,78.14420318603516,78.81790161132812,79.4916000366211,80.16519927978516,80.83889770507812,81.51249694824219,82.18620300292969,82.85980224609375,83.53350067138672,84.20719909667969,84.88079833984375,85.55449676513672,86.22810363769531,86.90180206298828,87.57550048828125,88.24909973144531,88.92279815673828,89.59639739990234,90.27010345458984,90.9437026977539,91.61740112304688,92.29100036621094,92.9646987915039,93.63829803466797,94.31199645996094,94.98570251464844,95.6594009399414,96.33300018310547,97.00659942626953,97.6802978515625,98.35399627685547,99.02760314941406,99.70130157470703,100.375,101.04859924316406,101.72219848632812,102.3958969116211,103.0696029663086,103.74320220947266,104.41690063476562,105.09049987792969,105.76419830322266,106.43779754638672,107.11150360107422,107.78520202636719,108.45880126953125,109.13240051269531,109.80609893798828,110.47979736328125,111.15339660644531,111.82710266113281,112.50080108642578,113.17440032958984,113.84809875488281,114.52169799804688,115.19539642333984,115.86900329589844,116.5427017211914,117.21640014648438,117.88999938964844,118.5636978149414,119.23729705810547,119.91100311279297,120.58460235595703,121.25830078125,121.93199920654297,122.60559844970703],"y":[0.0,0.5622000098228455,1.1181000471115112,1.6678999662399292,2.2114999294281006,2.7488999366760254,3.280100107192993,3.8050999641418457,4.32390022277832,4.836599826812744,5.3429999351501465,5.843200206756592,6.337299823760986,6.825099945068359,7.30679988861084,7.782299995422363,8.251500129699707,8.714599609375,9.171500205993652,9.622200012207031,10.066699981689453,10.505000114440918,10.937100410461426,11.363100051879883,11.78279972076416,12.19629955291748,12.603699684143066,13.004799842834473,13.399800300598145,13.78849983215332,14.171099662780762,14.547499656677246,14.917699813842773,15.281700134277344,15.63949966430664,15.991100311279297,16.33650016784668,16.67569923400879,17.008699417114258,17.335599899291992,17.656200408935547,17.970600128173828,18.278900146484375,18.58099937438965,18.876800537109375,19.166500091552734,19.450000762939453,19.7273006439209,19.99839973449707,20.2632999420166,20.52199935913086,20.774499893188477,21.02079963684082,21.26099967956543,21.49489974975586,21.722700119018555,21.94420051574707,22.15959930419922,22.36870002746582,22.571699142456055,22.76849937438965,22.9591007232666,23.14349937438965,23.321699142456055,23.49370002746582,23.659500122070312,23.81909942626953,23.97249984741211,24.119800567626953,24.260799407958984,24.395700454711914,24.52429962158203,24.646799087524414,24.763099670410156,24.87310028076172,24.976999282836914,25.07469940185547,25.166200637817383,25.25149917602539,25.33060073852539,25.403499603271484,25.470300674438477,25.530799865722656,25.5851993560791,25.63330078125,25.67530059814453,25.711000442504883,25.7406005859375,25.763999938964844,25.781099319458008,25.79210090637207,25.796899795532227,25.795499801635742,25.787900924682617,25.774200439453125,25.754199981689453,25.72800064086914,25.69569969177246,25.657100677490234,25.612300872802734,25.561399459838867,25.50429916381836,25.440900802612305,25.371400833129883,25.295700073242188,25.21380043029785,25.125699996948242,25.031400680541992,24.93090057373047,24.82430076599121,24.71139907836914,24.592300415039062,24.467100143432617,24.335599899291992,24.197999954223633,24.054100036621094,23.90410041809082,23.747900009155273,23.585500717163086,23.416900634765625,23.24209976196289,23.061100006103516,22.873899459838867,22.680500030517578,22.480899810791016,22.27519989013672,22.063199996948242,21.84510040283203,21.62070083618164,21.390199661254883,21.153400421142578,20.910499572753906,20.661399841308594,20.406099319458008,20.14459991455078,19.87689971923828,19.60300064086914,19.322900772094727,19.036699295043945,18.744199752807617,18.445499420166016,18.14069938659668,17.829599380493164,17.512399673461914,17.18899917602539,16.85930061340332,16.523500442504883,16.181499481201172,15.83329963684082,15.478899955749512,15.118300437927246,14.751500129699707,14.378499984741211,13.99940013885498,13.61400032043457,13.222399711608887,12.824700355529785,12.42080020904541,12.010600090026855,11.594300270080566,11.171799659729004,10.743000030517578,10.308099746704102,9.866999626159668,9.419699668884277,8.966300010681152,8.506600379943848,8.04069995880127,7.568600177764893,7.090400218963623,6.605899810791016,6.115300178527832,5.6184000968933105,5.1153998374938965,4.606200218200684,4.090799808502197,3.569200038909912,3.0413999557495117,2.5074000358581543,1.9672000408172607,1.420799970626831,0.8682000041007996,0.3093999922275543]},