{"params":{"v0":30,"theta_deg":50},"models":{"level1":{"x":[0.0,0.484499990940094,0.968999981880188,1.4535000324249268,1.938099980354309,2.422600030899048,2.907099962234497,3.3915998935699463,3.8761000633239746,4.360599994659424,4.845099925994873,5.329599857330322,5.814199924468994,6.298699855804443,6.783199787139893,7.2677001953125,7.752200126647949,8.236700057983398,8.721199989318848,9.20580005645752,9.690299987792969,10.174799919128418,10.659299850463867,11.143799781799316,11.628299713134766,12.112799644470215,12.597299575805664,13.081899642944336,13.566399574279785,14.05090045928955,14.535400390625,15.01990032196045,15.504400253295898,15.988900184631348,16.473400115966797,16.95800018310547,17.4424991607666,17.927000045776367,18.411500930786133,18.895999908447266,19.38050079345703,19.864999771118164,20.349599838256836,20.8341007232666,21.318599700927734,21.8031005859375,22.287599563598633,22.7721004486084,23.25659942626953,23.741199493408203,24.22570037841797,24.7101993560791,25.194700241088867,25.67919921875,26.163700103759766,26.6481990814209,27.132699966430664,27.617300033569336,28.1018009185791,28.586299896240234,29.07080078125,29.555299758911133,30.0398006439209,30.52429962158203,31.008800506591797,31.49340057373047,31.9778995513916,32.462398529052734,32.9468994140625,33.431400299072266,33.91590118408203,34.40039825439453,34.8849983215332,35.36949920654297,35.854000091552734,36.3385009765625,36.823001861572266,37.307498931884766,37.79199981689453,38.2765007019043,38.76110076904297,39.245601654052734,39.730098724365234,40.214599609375,40.699100494384766,41.18360137939453,41.6682014465332,42.1526985168457,42.63719940185547,43.121700286865234,43.606201171875,44.0906982421875,44.575199127197266,45.05970001220703,45.5442008972168,46.02880096435547,46.513301849365234,46.997798919677734,47.4822998046875,47.966800689697266,48.45130157470703,48.93579864501953,49.4202995300293,49.90489959716797,50.389400482177734,50.8739013671875,51.3583984375,51.842899322509766,52.32740020751953,52.8119010925293,53.29650115966797,53.78099822998047,54.265499114990234,54.75,55.234500885009766,55.71900177001953,56.20349884033203,56.6879997253418,57.17259979248047,57.657100677490234,58.1416015625,58.6260986328125,59.110599517822266,59.59510040283203,60.0796012878418,60.56420135498047,61.04869842529297,61.533199310302734,62.0177001953125,62.502201080322266,62.986698150634766,63.47119903564453,63.9557991027832,64.44029998779297,64.92479705810547,65.4093017578125,65.893798828125,66.37830352783203,66.86280059814453,67.34729766845703,67.83190155029297,68.31639862060547,68.8009033203125,69.285400390625,69.7698974609375,70.25440216064453,70.73889923095703,71.22350311279297,71.70800018310547,72.19239807128906,72.677001953125,73.1614990234375,73.64600372314453,74.13050079345703,74.61499786376953,75.09960174560547,75.58409881591797,76.068603515625,76.5531005859375,77.03759765625,77.52210235595703,78.00659942626953,78.49109649658203,78.97570037841797,79.46019744873047,79.9447021484375,80.42919921875,80.9136962890625,81.39820098876953,81.88269805908203,82.36720275878906,82.85179901123047,83.3363037109375,83.82080078125,84.3052978515625,84.78980255126953,85.27429962158203,85.75879669189453,86.24340057373047,86.72789764404297,87.21240234375,87.6968994140625,88.181396484375,88.66590118408203,89.15039825439453,89.63500213623047,90.11949920654297],"y":[0.0,0.5742999911308289,1.1425000429153442,1.7043999433517456,2.2600998878479004,2.8097000122070312,3.3529999256134033,3.890199899673462,4.421199798583984,4.946000099182129,5.464600086212158,5.976900100708008,6.483099937438965,6.9832000732421875,7.4770002365112305,7.964600086212158,8.446000099182129,8.921299934387207,9.390299797058105,9.85319995880127,10.309800148010254,10.760299682617188,11.204500198364258,11.642600059509277,12.07450008392334,12.500200271606445,12.919699668884277,13.333000183105469,13.740099906921387,14.140999794006348,14.535799980163574,14.924300193786621,15.306599617004395,15.68280029296875,16.05270004272461,16.416500091552734,16.774099349975586,17.12540054321289,17.470600128173828,17.809600830078125,18.14240074157715,18.4689998626709,18.789400100708008,19.103599548339844,19.411699295043945,19.713499069213867,20.00909996032715,20.298599243164062,20.58180046081543,20.85890007019043,21.12969970703125,21.394399642944336,21.65290069580078,21.90519905090332,22.15130043029785,22.391199111938477,22.624900817871094,22.852399826049805,23.073699951171875,23.288799285888672,23.497800827026367,23.70050048828125,23.8971004486084,24.087400436401367,24.2716007232666,24.449600219726562,24.621299743652344,24.78689956665039,24.946300506591797,25.09950065612793,25.24650001525879,25.387300491333008,25.521900177001953,25.650400161743164,25.772600173950195,25.888700485229492,25.99850082397461,26.10219955444336,26.199600219726562,26.2908992767334,26.375999450683594,26.45479965209961,26.52750015258789,26.5939998626709,26.654300689697266,26.708499908447266,26.756399154663086,26.798099517822266,26.833599090576172,26.863000869750977,26.88610076904297,26.903099060058594,26.913799285888672,26.918399810791016,26.916799545288086,26.908899307250977,26.894899368286133,26.87470054626465,26.84830093383789,26.81570053100586,26.776899337768555,26.73200035095215,26.68079948425293,26.62339973449707,26.559900283813477,26.490100860595703,26.414199829101562,26.332000732421875,26.24370002746582,26.149200439453125,26.04840087890625,25.941499710083008,25.828399658203125,25.7091007232666,25.583599090576172,25.45199966430664,25.31410026550293,25.170000076293945,25.019800186157227,24.863300323486328,24.700700759887695,24.53179931640625,24.356800079345703,24.175600051879883,23.98819923400879,23.794599533081055,23.59480094909668,23.3887996673584,23.176599502563477,22.958200454711914,22.733600616455078,22.50279998779297,22.265899658203125,22.0226993560791,21.773399353027344,21.517799377441406,21.256099700927734,20.98819923400879,20.714099884033203,20.433799743652344,20.147300720214844,19.85460090637207,19.555700302124023,19.250600814819336,18.939300537109375,18.62179946899414,18.298200607299805,17.968299865722656,17.632299423217773,17.290000915527344,16.941600799560547,16.586999893188477,16.226200103759766,15.859100341796875,15.485899925231934,15.106499671936035,14.72089958190918,14.32919979095459,13.93120002746582,13.527000427246094,13.116600036621094,12.70009994506836,12.277299880981445,11.848400115966797,11.413299560546875,10.97189998626709,10.524399757385254,10.070699691772461,9.610799789428711,9.144700050354004,8.67240047454834,8.193900108337402,7.709199905395508,7.218299865722656,6.72130012512207,6.2179999351501465,5.708499908447266,5.19290018081665,4.671000003814697,4.14300012588501,3.608799934387207,3.0683000087738037,2.521699905395508,1.9688999652862549,1.4098999500274658,0.8446999788284302,0.2732999920845032]},