{"params":{"v0":10,"theta_deg":35},"models":{"level1":{"x":[0.0,0.20579999685287476,0.4115999937057495,0.6175000071525574,0.8233000040054321,1.029099941253662,1.2348999977111816,1.4407000541687012,1.6464999914169312,1.8523999452590942,2.058199882507324,2.2639999389648438,2.4697999954223633,2.675600051879883,2.8814001083374023,3.0873000621795654,3.293100118637085,3.4988999366760254,3.704699993133545,3.9105000495910645,4.116300106048584,4.322199821472168,4.5279998779296875,4.733799934387207,4.939599990844727,5.145400047302246,5.351200103759766,5.55709981918335,5.762899875640869,5.968699932098389,6.174499988555908,6.380300045013428,6.586100101470947,6.791999816894531,6.997799873352051,7.20359992980957,7.40939998626709,7.615200042724609,7.821100234985352,8.026900291442871,8.23270034790039,8.43850040435791,8.64430046081543,8.850099563598633,9.055999755859375,9.261799812316895,9.467599868774414],"y":[0.0,0.14100000262260437,0.2757999897003174,0.40450000762939453,0.5268999934196472,0.6431999802589417,0.7531999945640564,0.8571000099182129,0.9546999931335449,1.0462000370025635,1.131500005722046,1.2106000185012817,1.2834999561309814,1.3502000570297241,1.4106999635696411,1.465000033378601,1.513100028038025,1.5550999641418457,1.5908000469207764,1.620300054550171,1.6437000036239624,1.6607999801635742,1.6718000173568726,1.6765999794006348,1.6751999855041504,1.6675000190734863,1.6536999940872192,1.6337000131607056,1.6074999570846558,1.5751999616622925,1.5365999937057495,1.4917999505996704,1.4407999515533447,1.3837000131607056,1.3202999830245972,1.2508000135421753,1.1750999689102173,1.0930999517440796,1.0049999952316284,0.9107000231742859,0.8101999759674072,0.703499972820282,0.5906000137329102,0.4715000092983246,0.34619998931884766,0.21469999849796295,0.0771000012755394]},"level2":{"x":[0.0,0.2054000049829483,0.4099000096321106,0.6134999990463257,0.8162999749183655,1.0183000564575195,1.219499945640564,1.4198999404907227,1.6196000576019287,1.8184000253677368,2.0165998935699463,2.2139999866485596,2.4107000827789307,2.6066999435424805,2.802000045776367,2.9967000484466553,3.1905999183654785,3.3838999271392822,3.5766000747680664,3.7685999870300293,3.95989990234375,4.150700092315674,4.340799808502197,4.530300140380859,4.719099998474121,4.907400131225586,5.09499979019165,5.2820000648498535,5.468500137329102,5.654300212860107,5.8394999504089355,6.02400016784668,6.208000183105469,6.39139986038208,6.574100017547607,6.75629997253418,6.93779993057251,7.11870002746582,7.298900127410889,7.478600025177002,7.65749979019165,7.835899829864502,8.01360034942627,8.190600395202637,8.366999626159668,8.542799949645996],"y":[0.0,0.14069999754428864,0.27459999918937683,0.4018000066280365,0.5223000049591064,0.6362000107765198,0.7433000206947327,0.8439000248908997,0.9380000233650208,1.0255000591278076,1.1064000129699707,1.180899977684021,1.2489999532699585,1.3106000423431396,1.3659000396728516,1.4147000312805176,1.457200050354004,1.493399977684021,1.523300051689148,1.5469000339508057,1.5642000436782837,1.5752999782562256,1.5801000595092773,1.5787999629974365,1.5713000297546387,1.5576000213623047,1.5377999544143677,1.5118999481201172,1.4799000024795532,1.4417999982833862,1.3976000547409058,1.3473999500274658,1.291200041770935,1.2289999723434448,1.1607999801635742,1.0866999626159668,1.006600022315979,0.9207000136375427,0.8288000226020813,0.7311000227928162,0.6274999976158142,0.5181999802589417,0.40299999713897705,0.28209999203681946,0.15549999475479126,0.02319999970495701]},"level3":{"x":[0.0,0.2053000032901764,0.4097000062465668,0.613099992275238,0.8155999779701233,1.017300009727478,1.218000054359436,1.4178999662399292,1.6169999837875366,1.8152999877929688,2.0127999782562256,2.2095000743865967,2.405400037765503,2.6006999015808105,2.795099973678589,2.9888999462127686,3.181999921798706,3.3743999004364014,3.5660998821258545,3.757200002670288,3.9475998878479004,4.137400150299072,4.326600074768066,4.515100002288818,4.703100204467773,4.890399932861328,5.077099800109863,5.263199806213379,5.448800086975098,5.633800029754639,5.8180999755859375,6.001999855041504,6.185200214385986,6.3678998947143555,6.550000190734863,6.731500148773193,6.912499904632568,7.092899799346924,7.272799968719482,7.452000141143799,7.63070011138916,7.808899879455566,7.986400127410889,8.163399696350098,8.339900016784668,8.515700340270996,8.690999984741211],"y":[0.0,0.14079999923706055,0.27489998936653137,0.4023999869823456,0.5234000086784363,0.6377999782562256,0.7457000017166138,0.847100019454956,0.9419999718666077,1.0305999517440796,1.1128000020980835,1.188599944114685,1.2581000328063965,1.3212000131607056,1.378100037574768,1.4287999868392944,1.4731999635696411,1.5113999843597412,1.5434000492095947,1.569200038909912,1.5888999700546265,1.6023999452590942,1.6098999977111816,1.611199975013733,1.6065000295639038,1.5958000421524048,1.5789999961853027,1.5562000274658203,1.527400016784668,1.4925999641418457,1.4519000053405762,1.4053000211715698,1.3526999950408936,1.2941999435424805,1.2299000024795532,1.1597000360488892,1.0836999416351318,1.0018999576568604,0.9143000245094299,0.820900022983551,0.7218000292778015,0.6169000267982483,0.5063999891281128,0.3901999890804291,0.26829999685287476,0.14090000092983246,0.007799999788403511]}}}