{"params":{"v0":30,"theta_deg":35},"models":{"level1":{"x":[0.0,0.6175000071525574,1.2348999977111816,1.8523999452590942,2.4697999954223633,3.0873000621795654,3.704699993133545,4.322199821472168,4.939599990844727,5.55709981918335,6.174499988555908,6.791999816894531,7.40939998626709,8.026900291442871,8.64430046081543,9.261799812316895,9.879199981689453,10.496700286865234,11.114100456237793,11.731599807739258,12.348999977111816,12.966500282287598,13.583900451660156,14.201399803161621,14.81879997253418,15.436300277709961,16.053699493408203,16.671199798583984,17.28860092163086,17.906099319458008,18.523500442504883,19.141000747680664,19.758399963378906,20.375900268554688,20.99329948425293,21.61079978942871,22.228200912475586,22.845699310302734,23.463199615478516,24.08060073852539,24.69809913635254,25.315500259399414,25.933000564575195,26.550399780273438,27.16790008544922,27.78529930114746,28.402799606323242,29.020200729370117,29.637699127197266,30.25510025024414,30.872600555419922,31.489999771118164,32.10749816894531,32.72489929199219,33.34239959716797,33.959800720214844,34.577301025390625,35.194698333740234,35.812198638916016,36.42959976196289,37.04710006713867,37.66450119018555,38.28200149536133,38.89939880371094,39.51689910888672,40.134300231933594,40.751800537109375,41.36920166015625,41.986698150634766,42.60409927368164,43.22159957885742,43.8390007019043,44.45650100708008,45.07389831542969,45.69139862060547,46.308799743652344,46.926300048828125,47.543701171875,48.16120147705078,48.77870178222656,49.39609909057617,50.01359939575195,50.63100051879883,51.2484016418457,51.86589813232422,52.4833984375,53.100799560546875,53.718299865722656,54.33570098876953,54.95320129394531,55.57059860229492,56.1880989074707,56.80550003051758,57.42300033569336,58.040401458740234,58.657901763916016,59.275299072265625,59.892799377441406,60.51020050048828,61.12770080566406,61.74509811401367,62.36259841918945,62.97999954223633,63.59749984741211,64.21489715576172,64.8323974609375,65.44979858398438,66.06729888916016,66.68470001220703,67.30220031738281,67.91960144042969,68.53710174560547,69.15460205078125,69.77200317382812,70.3895034790039,71.00689697265625,71.62439727783203,72.2417984008789,72.85919952392578,73.47669982910156,74.09420013427734,74.71160125732422,75.3291015625,75.94650268554688,76.56400299072266,77.181396484375,77.79889678955078,78.41629791259766,79.03379821777344,79.65119934082031,80.2686996459961,80.88610076904297,81.50360107421875,82.12100219726562,82.7385025024414,83.35590362548828,83.97339630126953,84.5907974243164,85.20829772949219,85.82569885253906],"y":[0.0,0.4291999936103821,0.8522999882698059,1.2691999673843384,1.679800033569336,2.0843000411987305,2.482599973678589,2.8747000694274902,3.2606000900268555,3.6403000354766846,4.013800144195557,4.381100177764893,4.742199897766113,5.0971999168396,5.445899963378906,5.788400173187256,6.124800205230713,6.454999923706055,6.778900146484375,7.096700191497803,7.408299922943115,7.713699817657471,8.012900352478027,8.305899620056152,8.592700004577637,8.873299598693848,9.147700309753418,9.415900230407715,9.678000450134277,9.933799743652344,10.183500289916992,10.426899909973145,10.664199829101562,10.8951997756958,11.120100021362305,11.338800430297852,11.551300048828125,11.757599830627441,11.9576997756958,12.151599884033203,12.339300155639648,12.520899772644043,12.696200370788574,12.865300178527832,13.028300285339355,13.1850004196167,13.335599899291992,13.479999542236328,13.6181001663208,13.750100135803223,13.875900268554688,13.995499610900879,14.10890007019043,14.216099739074707,14.317099571228027,14.411999702453613,14.50059986114502,14.583000183105469,14.659299850463867,14.729299545288086,14.79319953918457,14.850899696350098,14.902299880981445,14.947600364685059,14.986700057983398,15.019599914550781,15.046299934387207,15.066800117492676,15.081100463867188,15.089200019836426,15.09119987487793,15.086899757385254,15.076399803161621,15.059800148010254,15.03689956665039,15.00790023803711,14.972700119018555,14.931300163269043,14.883600234985352,14.82979965209961,14.769800186157227,14.70359992980957,14.63129997253418,14.55270004272461,14.467900276184082,14.376899719238281,14.279800415039062,14.176400184631348,14.066900253295898,13.95110034942627,13.82919979095459,13.70110034942627,13.566800117492676,13.426300048828125,13.279600143432617,13.126700401306152,12.967599868774414,12.802300453186035,12.630800247192383,12.453200340270996,12.26930046081543,12.07919979095459,11.883000373840332,11.680500030517578,11.47189998626709,11.257100105285645,11.036100387573242,10.808899879455566,10.575400352478027,10.335800170898438,10.090100288391113,9.83810043334961,9.579899787902832,9.315500259399414,9.045000076293945,8.768199920654297,8.485199928283691,8.196100234985352,7.9008002281188965,7.5991997718811035,7.291500091552734,6.97760009765625,6.65749979019165,6.331200122833252,5.998700141906738,5.659999847412109,5.315100193023682,4.964099884033203,4.606800079345703,4.243299961090088,3.873699903488159,3.49780011177063,3.115799903869629,2.72760009765625,2.3331000804901123,1.9325000047683716,1.5256999731063843,1.1126999855041504,0.6934999823570251,0.26809999346733093]},"level2":{"x":[0.0,0.6134999990463257,1.219099998474121,1.817199945449829,2.4079999923706055,2.9916000366210938,3.5683000087738037,4.138299942016602,4.701700210571289,5.258699893951416,5.809500217437744,6.354400157928467,6.8933000564575195,7.426499843597412,7.95419979095459,8.476400375366211,8.993300437927246,9.50510025024414,10.011799812316895,10.513699531555176,11.010700225830078,11.503100395202637,11.990900039672852,12.474200248718262,12.953100204467773,13.427800178527832,13.898300170898438,14.364800453186035,14.827199935913086,15.285799980163574,15.740500450134277,16.191499710083008,16.6387996673584,17.082500457763672,17.522600173950195,17.959400177001953,18.3927001953125,18.82270050048828,19.249399185180664,19.67300033569336,20.093399047851562,20.510700225830078,20.92490005493164,21.336200714111328,21.74449920654297,22.149999618530273,22.552600860595703,22.95240020751953,23.34939956665039,23.743799209594727,24.135400772094727,24.524499893188477,24.910900115966797,25.2947998046875,25.67609977722168,26.054899215698242,26.431299209594727,26.805200576782227,27.176799774169922,27.545900344848633,27.912700653076172,28.27720069885254,28.639400482177734,28.999300003051758,29.35689926147461,29.712299346923828,30.065500259399414,30.416500091552734,30.765399932861328,31.11199951171875,31.456600189208984,31.798999786376953,32.13930130004883,32.477500915527344,32.8135986328125,33.147701263427734,33.479698181152344,33.80970001220703,34.13759994506836,34.463600158691406,34.787498474121094,35.10940170288086,35.42940139770508,35.74729919433594,36.06330108642578,36.37739944458008,36.68939971923828,36.99959945678711,37.30780029296875,37.61399841308594,37.918399810791016,38.22079849243164,38.52130126953125,38.81990051269531,39.116600036621094,39.411399841308594,39.70429992675781,39.99530029296875,40.28450012207031,40.571800231933594,40.857200622558594,41.14070129394531,41.422298431396484,41.70220184326172,41.980098724365234,42.25619888305664,42.530399322509766,42.80289840698242,43.07339859008789,43.342201232910156,43.609100341796875,43.87409973144531,44.13740158081055,44.398799896240234,44.65840148925781],