{"params":{"v0":20,"theta_deg":20},"models":{"level1":{"x":[0.0,0.4722000062465668,0.9444000124931335,1.416599988937378,1.888800024986267,2.3610000610351562,2.833199977874756,3.305500030517578,3.7776999473571777,4.249899864196777,4.722099781036377,5.194300174713135,5.666500091552734,6.138700008392334,6.610899925231934,7.083099842071533,7.555300235748291,8.02750015258789,8.499699592590332,8.97189998626709,9.444100379943848,9.916399955749512,10.38860034942627,10.860799789428711,11.333000183105469,11.80519962310791,12.277400016784668,12.749600410461426,13.221799850463867,13.694000244140625,14.166199684143066,14.638400077819824,15.110600471496582,15.582799911499023,16.05500030517578,16.527299880981445,16.999500274658203,17.47170066833496,17.943899154663086,18.416099548339844,18.8882999420166,19.36050033569336,19.832700729370117,20.304899215698242,20.777099609375,21.249300003051758,21.721500396728516,22.193700790405273,22.666000366210938,23.138200759887695,23.61039924621582,24.082599639892578,24.554800033569336,25.027000427246094,25.49920082092285,25.971399307250977],"y":[0.0,0.1687999963760376,0.3314000070095062,0.4876999855041504,0.6378999948501587,0.7818999886512756,0.919700026512146,1.0513999462127686,1.176800012588501,1.2960000038146973,1.409000039100647,1.5159000158309937,1.6165000200271606,1.7109999656677246,1.799299955368042,1.8812999725341797,1.957200050354004,2.026900053024292,2.090399980545044,2.147700071334839,2.1988000869750977,2.2437000274658203,2.282399892807007,2.3148999214172363,2.3413000106811523,2.3613998889923096,2.3754000663757324,2.3831000328063965,2.384700059890747,2.380000114440918,2.3691999912261963,2.3522000312805176,2.3289999961853027,2.2995998859405518,2.2639999389648438,2.2221999168395996,2.1742000579833984,2.119999885559082,2.0597000122070312,1.9931000471115112,1.9204000234603882,1.8414000272750854,1.7562999725341797,1.6648999452590942,1.5673999786376953,1.4637000560760498,1.3538000583648682,1.2376999855041504,1.115399956703186,0.9868999719619751,0.8521999716758728,0.7113000154495239,0.5641999840736389,0.41100001335144043,0.2515000104904175,0.08590000122785568]},"level2":{"x":[0.0,0.4702000021934509,0.9362999796867371,1.3985999822616577,1.8568999767303467,2.3115999698638916,2.762500047683716,3.2098000049591064,3.6535000801086426,4.093800067901611,4.530600070953369,4.964099884033203,5.3942999839782715,5.821199893951416,6.244999885559082,6.665599822998047,7.083199977874756,7.497799873352051,7.90939998626709,8.317999839782715,8.723799705505371,9.126799583435059,9.526900291442871,9.924300193786621,10.319000244140625,10.711099624633789,11.100500106811523,11.487199783325195,11.871399879455566,12.253100395202637,12.63230037689209,13.008999824523926,13.383199691772461,13.75510025024414,14.124500274658203,14.491600036621094,14.856300354003906,15.218700408935547,15.578800201416016,15.936599731445312,16.292200088500977,16.645599365234375,16.996700286865234,17.345600128173828,17.69230079650879,18.03689956665039,18.37929916381836,18.719600677490234,19.05769920349121,19.393800735473633,19.727699279785156,20.059600830078125],"y":[0.0,0.1679999977350235,0.32850000262260437,0.4814000129699707,0.6269000172615051,0.7649999856948853,0.895799994468689,1.0194000005722046,1.1359000205993652,1.245300054550171,1.347599983215332,1.4429999589920044,1.531499981880188,1.6131999492645264,1.688099980354309,1.7561999559402466,1.8177000284194946,1.8725999593734741,1.9210000038146973,1.9628000259399414,1.9981000423431396,2.0269999504089355,2.0495998859405518,2.0657999515533447,2.075700044631958,2.079400062561035,2.076900005340576,2.0683000087738037,2.053499937057495,2.0327000617980957,2.0058000087738037,1.9729000329971313,1.9341000318527222,1.889299988746643,1.8387000560760498,1.7821999788284302,1.7199000120162964,1.6518000364303589,1.5779999494552612,1.4984999895095825,1.4133000373840332,1.3223999738693237,1.2259999513626099,1.1239999532699585,1.0164999961853027,0.9034000039100647,0.7849000096321106,0.6608999967575073,0.5315999984741211,0.3968999981880188,0.25679999589920044,0.11150000244379044]},"level3":{"x":[0.0,0.4700999855995178,0.9361000061035156,1.3981000185012817,1.8560999631881714,2.31030011177063,2.760699987411499,3.20740008354187,3.6505000591278076,4.090000152587891,4.526100158691406,4.958700180053711,5.388000011444092,5.814000129699707,6.236800193786621,6.656400203704834,7.07289981842041,7.486400127410889,7.896900177001953,8.304400444030762,8.709099769592285,9.110899925231934,9.509900093078613,9.906100273132324,10.299599647521973,10.690500259399414,11.078700065612793,11.464400291442871,11.84749984741211,12.228099822998047,12.606200218200684,12.981900215148926,13.35509967803955,13.72599983215332,14.094499588012695,14.460700035095215,14.824600219726562,15.186300277709961,15.545700073242188,15.902899742126465,16.25790023803711,16.610700607299805,16.96139907836914,17.309999465942383,17.656400680541992,18.00079917907715,18.34309959411621,18.683399200439453,19.0216007232666,19.357799530029297,19.692100524902344,20.02429962158203,20.35460090637207,20.682899475097656],"y":[0.0,0.16820000112056732,0.32910001277923584,0.482699990272522,0.6291999816894531,0.7685999870300293,0.9010000228881836,1.0264999866485596,1.1449999809265137,1.2568000555038452,1.3617000579833984,1.4600000381469727,1.5515999794006348,1.6367000341415405,1.7151999473571777,1.7871999740600586,1.8528000116348267,1.9119999408721924,1.964900016784668,2.011399984359741,2.051800012588501,2.085900068283081,2.1138999462127686,2.1357998847961426,2.151599884033203,2.16129994392395,2.16510009765625,2.162899971008301,2.1547999382019043,2.140899896621704,2.121000051498413,2.095400094985962,2.063999891281128,2.026900053024292,1.9840999841690063,1.9356000423431396,1.8813999891281128,1.8216999769210815,1.7563999891281128,1.6855000257492065,1.6092000007629395,1.527400016784668,1.4400999546051025,1.3473999500274658,1.2493000030517578,1.145900011062622,1.0371999740600586,0.9232000112533569,0.8039000034332275,0.6794000267982483,0.5497999787330627,0.414900004863739,0.27489998936653137,0.1298000067472458]}}}