{"params":{"v0":10,"theta_deg":65},"models":{"level1":{"x":[0.0,0.10620000213384628,0.21240000426769257,0.31859999895095825,0.424699991941452,0.5309000015258789,0.6370999813079834,0.7433000206947327,0.8495000004768372,0.9556999802589417,1.061900019645691,1.1679999828338623,1.2741999626159668,1.3803999423980713,1.4866000413894653,1.5928000211715698,1.6990000009536743,1.8051999807357788,1.9112999439239502,2.0174999237060547,2.123699903488159,2.2298998832702637,2.3361001014709473,2.4423000812530518,2.5485000610351562,2.654599905014038,2.7607998847961426,2.867000102996826,2.9732000827789307,3.079400062561035,3.1856000423431396,3.291800022125244,3.397900104522705,3.5041000843048096,3.610300064086914,3.7165000438690186,3.822700023651123,3.9289000034332275,4.034999847412109,4.141200065612793,4.247399806976318,4.353600025177002,4.459799766540527,4.565999984741211,4.6722002029418945,4.778299808502197,4.884500026702881,4.990699768066406,5.09689998626709,5.203100204467773,5.309299945831299,5.415500164031982,5.521599769592285,5.627799987792969,5.734000205993652,5.840199947357178,5.946400165557861,6.052599906921387,6.15880012512207,6.264900207519531,6.371099948883057,6.47730016708374,6.583499908447266,6.689700126647949,6.795899868011475,6.902100086212158,7.008200168609619,7.1143999099731445,7.220600128173828,7.3267998695373535,7.433000087738037,7.5391998291015625,7.645400047302246,7.751500129699707],"y":[0.0,0.22460000216960907,0.4429999887943268,0.6553000211715698,0.861299991607666,1.0612000226974487,1.2547999620437622,1.4422999620437622,1.6234999895095825,1.7985999584197998,1.9674999713897705,2.130199909210205,2.2867000102996826,2.437000036239624,2.5810999870300293,2.7190001010894775,2.8506999015808105,2.976300001144409,3.095599889755249,3.2088000774383545,3.315700054168701,3.4165000915527344,3.510999917984009,3.599400043487549,3.6816000938415527,3.7576000690460205,3.827399969100952,3.8910000324249268,3.9484000205993652,3.9995999336242676,4.044600009918213,4.083399772644043,4.116099834442139,4.142499923706055,4.162799835205078,4.176799774169922,4.184700012207031,4.186399936676025,4.18179988861084,4.17110013961792,4.154200077056885,4.131100177764893,4.101799964904785,4.066299915313721,4.024600028991699,3.976799964904785,3.9226999282836914,3.8624000549316406,3.7960000038146973,3.723299980163574,3.6445000171661377,3.559499979019165,3.4681999683380127,3.370800018310547,3.267199993133545,3.157399892807007,3.0413999557495117,2.9191999435424805,2.790800094604492,2.6563000679016113,2.515500068664551,2.368499994277954,2.215399980545044,2.055999994277954,1.8904999494552612,1.7187000513076782,1.5407999753952026,1.3566999435424805,1.1663999557495117,0.9699000120162964,0.7671999931335449,0.5583000183105469,0.3431999981403351,0.12189999967813492]},"level2":{"x":[0.0,0.10599999874830246,0.21150000393390656,0.3165000081062317,0.4212000072002411,0.5254999995231628,0.6292999982833862,0.7328000068664551,0.8359000086784363,0.9387000203132629,1.041100025177002,1.1431000232696533,1.2448999881744385,1.3463000059127808,1.4474999904632568,1.54830002784729,1.648900032043457,1.7491999864578247,1.8492000102996826,1.9490000009536743,2.0485999584198,2.147900104522705,2.246999979019165,2.345900058746338,2.444499969482422,2.5429999828338623,2.641200065612793,2.739300012588501,2.8371999263763428,2.9349000453948975,3.032399892807007,3.1298000812530518,3.2269999980926514,3.3239998817443848,3.420799970626831,3.5174999237060547,3.6140999794006348,3.710400104522705,3.8066999912261963,3.9026999473571777,3.9986000061035156,4.094299793243408,4.189899921417236,4.285200119018555,4.38040018081665,4.475399971008301,4.570300102233887,4.664899826049805,4.759300231933594,4.853600025177002,4.9475998878479,5.041399955749512,5.135000228881836,5.228400230407715,5.321499824523926,5.414400100708008,5.5071001052856445,5.5995001792907715,5.6915998458862305,5.7835001945495605,5.875100135803223,5.966400146484375,6.057400226593018,6.148099899291992,6.23859977722168,6.328700065612793,6.418499946594238,6.507999897003174,6.5971999168396,6.685999870300293,6.774499893188477],"y":[0.0,0.2240999937057495,0.44110000133514404,0.6510999798774719,0.8539999723434448,1.0499000549316406,1.2389999628067017,1.4211000204086304,1.596500039100647,1.7649999856948853,1.926800012588501,2.081899881362915,2.230299949645996,2.371999979019165,2.507200002670288,2.6357998847961426,2.7578001022338867,2.8733999729156494,2.9823999404907227,3.0850000381469727,3.1812000274658203,3.270900011062622,3.354300022125244,3.431299924850464,3.5018999576568604,3.566200017929077,3.6242001056671143,3.6758999824523926,3.721299886703491,3.760499954223633,3.793299913406372,3.819999933242798,3.840399980545044,3.8545000553131104,3.862499952316284,3.864300012588501,3.859800100326538,3.8492000102996826,3.83240008354187,3.809499979019165,3.780400037765503,3.7451999187469482,3.703900098800659,3.656399965286255,3.602799892425537,3.5432000160217285,3.4774999618530273,3.4056999683380127,3.327899932861328,3.2441000938415527,3.1542999744415283,3.058500051498413,2.956700086593628,2.8489999771118164,2.7353999614715576,2.615799903869629,2.490499973297119,2.3592000007629395,2.2221999168395996,2.079400062561035,1.930799961090088,1.7764999866485596,1.6165000200271606,1.4507999420166016,1.2793999910354614,1.1024999618530273,0.9200000166893005,0.7319999933242798,0.5385000109672546,0.3395000100135803,0.13510000705718994]},"level3":{"x":[0.0,0.10589999705553055,0.21119999885559082,0.3158999979496002,0.42010000348091125,0.5238000154495239,0.6269000172615051,0.7294999957084656,0.8317000269889832,0.9333999752998352,1.0347000360488892,1.1354999542236328,1.2359000444412231,1.3359999656677246,1.4356000423431396,1.5348999500274658,1.6338000297546387,1.732300043106079,1.8306000232696533,1.9285000562667847,2.026099920272827,2.123500108718872,2.2204999923706055,2.3173000812530518,2.4138998985290527,2.510200023651123,2.606300115585327,2.7021000385284424,2.797800064086914,2.893199920654297,2.9885001182556152,3.0836000442504883,3.178499937057495,3.273200035095215,3.3677000999450684,3.462100028991699,3.5564000606536865,3.6505000591278076,3.7444000244140625,3.838200092315674,3.9319000244140625,4.025400161743164,4.118800163269043,4.211999893188477,4.305099964141846,4.398099899291992,4.490900039672852,4.583600044250488,4.67609977722168,4.768499851226807,4.860799789428711,4.952899932861328,5.0447998046875,5.136600017547607,5.228300094604492,5.319799900054932,5.411099910736084,5.502299785614014,5.593200206756592,5.684100151062012,5.774700164794922,5.865200042724609,5.95550012588501,6.045599937438965,6.135499954223633,6.225200176239014,6.314700126647949,6.4039998054504395,6.493199825286865,6.582099914550781,6.67080020904541,6.759300231933594],