{"params":{"v0":10,"theta_deg":55},"models":{"level1":{"x":[0.0,0.14409999549388885,0.2881999909877777,0.43230000138282776,0.5764999985694885,0.7206000089645386,0.8647000193595886,1.0088000297546387,1.152899980545044,1.2970000505447388,1.441100001335144,1.5852999687194824,1.7294000387191772,1.8734999895095825,2.0176000595092773,2.1617000102996826,2.305799961090088,2.449899911880493,2.594099998474121,2.7381999492645264,2.8822999000549316,3.026400089263916,3.1705000400543213,3.3145999908447266,3.4588000774383545,3.6029000282287598,3.746999979019165,3.8910999298095703,4.035200119018555,4.179299831390381,4.323400020599365,4.467599868774414,4.611700057983398,4.755799770355225,4.899899959564209,5.044000148773193,5.1880998611450195,5.332200050354004,5.476399898529053,5.620500087738037,5.764599800109863,5.908699989318848,6.052800178527832,6.196899890899658,6.341000080108643,6.485199928283691,6.629300117492676,6.773399829864502,6.917500019073486,7.061600208282471,7.205699920654297,7.349800109863281,7.49399995803833,7.6381001472473145,7.782199859619141,7.926300048828125,8.07040023803711,8.214500427246094,8.358699798583984,8.502799987792969,8.646900177001953,8.791000366210938,8.935099601745605,9.07919979095459,9.223299980163574,9.367500305175781,9.51159954071045],"y":[0.0,0.20270000398159027,0.3991999924182892,0.5896000266075134,0.7736999988555908,0.95169997215271,1.1233999729156494,1.2890000343322754,1.4484000205993652,1.6015000343322754,1.7484999895095825,1.889299988746643,2.023900032043457,2.1522998809814453,2.2744998931884766,2.390500068664551,2.5004000663757324,2.6040000915527344,2.7014000415802,2.7927000522613525,2.877700090408325,2.9565999507904053,3.0292999744415283,3.0957000255584717,3.1559998989105225,3.210099935531616,3.257999897003174,3.2997000217437744,3.335200071334839,3.364500045776367,3.3875999450683594,3.404599905014038,3.415299892425537,3.4198999404907227,3.4182000160217285,3.410399913787842,3.3963000774383545,3.3761000633239746,3.3496999740600586,3.3171000480651855,3.2783000469207764,3.233299970626831,3.1821000576019287,3.1247000694274902,3.0611000061035156,2.991300106048584,2.9154000282287598,2.833199977874756,2.7448999881744385,2.6503000259399414,2.5495998859405518,2.4426000118255615,2.3294999599456787,2.210200071334839,2.084700107574463,1.9529999494552612,1.8150999546051025,1.6710000038146973,1.5206999778747559,1.3641999959945679,1.2015999555587769,1.0326999425888062,0.857699990272522,0.6764000058174133,0.48899999260902405,0.2953000068664551,0.09549999982118607]},"level2":{"x":[0.0,0.14380000531673431,0.28700000047683716,0.4296000003814697,0.5716000199317932,0.713100016117096,0.8540999889373779,0.9944999814033508,1.1344000101089478,1.273800015449524,1.4127000570297241,1.5511000156402588,1.6891000270843506,1.82669997215271,1.9637999534606934,2.1005001068115234,2.236799955368042,2.37280011177063,2.5083000659942627,2.643399953842163,2.7781999111175537,2.9126999378204346,3.046799898147583,3.180500030517578,3.3138999938964844,3.447000026702881,3.5797998905181885,3.7123000621795654,3.844399929046631,3.976300001144409,4.107800006866455,4.238999843597412,4.369999885559082,4.5005998611450195,4.63100004196167,4.761099815368652,4.8907999992370605,5.020299911499023,5.149499893188477,5.278299808502197,5.406899929046631,5.535200119018555,5.663099765777588,5.7906999588012695,5.918000221252441,6.045000076293945,6.1717000007629395,6.297999858856201,6.423999786376953,6.549600124359131,6.674900054931641,6.799799919128418,6.924300193786621,7.048399925231934,7.1722002029418945,7.295599937438965,7.418600082397461,7.541200160980225,7.663300037384033,7.785099983215332,7.906400203704834,8.027299880981445,8.147700309753418,8.2677001953125],"y":[0.0,0.20229999721050262,0.39750000834465027,0.5857999920845032,0.7670999765396118,0.9415000081062317,1.1090999841690063,1.2698999643325806,1.4239000082015991,1.5712000131607056,1.7117999792099,1.8457000255584717,1.9730000495910645,2.0938000679016113,2.207900047302246,2.3155999183654785,2.4166998863220215,2.5113000869750977,2.5994999408721924,2.681299924850464,2.756700038909912,2.825700044631958,2.8882999420166016,2.9446001052856445,2.994499921798706,3.0381999015808105,3.075500011444092,3.106600046157837,3.1314001083374023,3.1500000953674316,3.162400007247925,3.1684999465942383,3.1684000492095947,3.1621999740600586,3.1498000621795654,3.131200075149536,3.1064999103546143,3.0755999088287354,3.0387001037597656,2.9955999851226807,2.9463999271392822,2.891200065612793,2.829900026321411,2.7625999450683594,2.689300060272217,2.609999895095825,2.5246999263763428,2.433500051498413,2.3362998962402344,2.2332000732421875,2.1242001056671143,2.0092999935150146,1.8885999917984009,1.7620999813079834,1.6297999620437622,1.4917000532150269,1.3479000329971313,1.1983000040054321,1.0430999994277954,0.8823000192642212,0.7157999873161316,0.5436999797821045,0.366100013256073,0.18299999833106995]},"level3":{"x":[0.0,0.1437000036239624,0.2867000102996826,0.42899999022483826,0.5706999897956848,0.7116000056266785,0.8518999814987183,0.991599977016449,1.1305999755859375,1.2690999507904053,1.406999945640564,1.5442999601364136,1.6812000274658203,1.8174999952316284,1.9532999992370605,2.088599920272827,2.223400115966797,2.357800006866455,2.49180006980896,2.6252999305725098,2.758500099182129,2.891200065612793,3.0234999656677246,3.1554999351501465,3.287100076675415,3.4184000492095947,3.549299955368042,3.680000066757202,3.8101999759674072,3.940200090408325,4.069900035858154,4.19920015335083,4.3282999992370605,4.457099914550781,4.585599899291992,4.713799953460693,4.841800212860107,4.969399929046631,5.096799850463867,5.223999977111816,5.350900173187256,5.477499961853027,5.603799819946289,5.729899883270264,5.8557000160217285,5.981200218200684,6.106500148773193,6.231500148773193,6.356200218200684,6.480599880218506,6.604800224304199,6.728700160980225,6.852200031280518,6.975500106811523,7.098499774932861,7.221199989318848,7.343599796295166,7.465700149536133,7.587500095367432,7.709000110626221,7.830100059509277,7.950900077819824,8.071399688720703,8.19159984588623,8.311400413513184],"y":[0.0,0.20229999721050262,0.3977000117301941,0.5861999988555908,0.767799973487854,0.9427000284194946,1.110700011253357,1.2720999717712402,1.426800012588501,1.5748000144958496,1.7161999940872192,1.851099967956543,1.9794000387191772,2.1012001037597656,2.2165000438690186,2.3254001140594482,2.4279000759124756,2.523900032043457,2.613600015640259,2.697000026702881,2.7739999294281006,2.8447000980377197,2.9091999530792236,2.9672999382019043,3.0192999839782715,3.065000057220459,3.1045000553131104,3.137700080871582,3.164900064468384,3.185800075531006,3.2005999088287354,3.2093000411987305,3.2118000984191895,3.208199977874756,3.198499917984009,3.182800054550171,3.1610000133514404,3.1331000328063965,3.099100112915039,3.0592000484466553,3.013200044631958,2.9612998962402344,2.9033000469207764,2.839400053024292,2.7695000171661377,2.6937999725341797,2.6120998859405518,2.5244998931884766,2.430999994277954,2.331700086593628,2.2265000343322754,2.115600109100342,1.9988000392913818,1.8762999773025513,1.7481000423431396,1.6140999794006348,1.4744999408721924,1.329200029373169,1.1783000230789185,1.0218000411987305,0.8597000241279602,0.6920999884605408,0.5189999938011169,0.34049999713897705,0.15649999678134918]}}}