{"params":{"v0":10,"theta_deg":40},"models":{"level1":{"x":[0.0,0.19249999523162842,0.3849000036716461,0.5774000287055969,0.7699000239372253,0.9624000191688538,1.1548000574111938,1.3473000526428223,1.5398000478744507,1.732300043106079,1.9247000217437744,2.1171998977661133,2.3097000122070312,2.50219988822937,2.6946001052856445,2.8870999813079834,3.0796000957489014,3.2720000743865967,3.4644999504089355,3.6570000648498535,3.8494999408721924,4.041900157928467,4.234399795532227,4.4268999099731445,4.6194000244140625,4.811800003051758,5.004300117492676,5.196800231933594,5.3892998695373535,5.581699848175049,5.774199962615967,5.966700077056885,6.159200191497803,6.351600170135498,6.544099807739258,6.736599922180176,6.928999900817871,7.121500015258789,7.314000129699707,7.506499767303467,7.69890022277832,7.89139986038208,8.083900451660156,8.276399612426758,8.468799591064453,8.661299705505371,8.853799819946289,9.046299934387207,9.238699913024902,9.43120002746582,9.623700141906738,9.816100120544434,10.008600234985352],"y":[0.0,0.15839999914169312,0.31060001254081726,0.45660001039505005,0.5964999794960022,0.7300999760627747,0.8575999736785889,0.9787999987602234,1.0938999652862549,1.2027000188827515,1.305400013923645,1.401900053024292,1.4922000169754028,1.576200008392334,1.654099941253662,1.7259000539779663,1.7913999557495117,1.8507000207901,1.9038000106811523,1.950700044631958,1.9915000200271606,2.0260000228881836,2.0543999671936035,2.0764999389648438,2.0924999713897705,2.102299928665161,2.1059000492095947,2.103300094604492,2.0945000648498535,2.0794999599456787,2.058300018310547,2.030900001525879,1.9973000288009644,1.9574999809265137,1.9115999937057495,1.8594000339508057,1.8011000156402588,1.7365000247955322,1.6657999753952026,1.5888999700546265,1.5058000087738037,1.4163999557495117,1.3208999633789062,1.2192000150680542,1.111299991607666,0.9973000288009644,0.8769999742507935,0.7505000233650208,0.6177999973297119,0.4790000021457672,0.33390000462532043,0.1826999932527542,0.025299999862909317]},"level2":{"x":[0.0,0.19210000336170197,0.3833000063896179,0.5738000273704529,0.7634000182151794,0.9523000121116638,1.1404999494552612,1.3279000520706177,1.5147000551223755,1.700700044631958,1.8861000537872314,2.0708000659942627,2.2548000812530518,2.4382998943328857,2.621000051498413,2.8032000064849854,2.984800100326538,3.1656999588012695,3.346100091934204,3.525899887084961,3.705199956893921,3.8838999271392822,4.061999797821045,4.23960018157959,4.416600227355957,4.593100070953369,4.769100189208984,4.944499969482422,5.1194000244140625,5.293700218200684,5.467599868774414,5.640900135040283,5.813600063323975,5.985899925231934,6.157599925994873,6.328800201416016,6.4994001388549805,6.66949987411499,6.839099884033203,7.0081000328063965,7.176499843597412,7.344399929046631,7.5117998123168945,7.678500175476074,7.844699859619141,8.01039981842041,8.175399780273438,8.339900016784668,8.503700256347656,8.666899681091309,8.82960033416748],"y":[0.0,0.15809999406337738,0.3093000054359436,0.4537000060081482,0.5913000106811523,0.7221999764442444,0.8464000225067139,0.9639999866485596,1.0749000310897827,1.1792000532150269,1.2769999504089355,1.3681999444961548,1.4529999494552612,1.5312000513076782,1.6030000448226929,1.6684000492095947,1.7273999452590942,1.7799999713897705,1.826200008392334,1.8661999702453613,1.8997999429702759,1.9270999431610107,1.948099970817566,1.9630000591278076,1.971500039100647,1.9738999605178833,1.9701000452041626,1.9601000547409058,1.9438999891281128,1.9217000007629395,1.8933000564575195,1.8588000535964966,1.8181999921798706,1.7716000080108643,1.7188999652862549,1.6601999998092651,1.5954999923706055,1.5247999429702759,1.448199987411499,1.3655999898910522,1.2771999835968018,1.182800054550171,1.0825999975204468,0.9764999747276306,0.8646000027656555,0.7469000220298767,0.6233999729156494,0.4941999912261963,0.35929998755455017,0.21870000660419464,0.07249999791383743]},"level3":{"x":[0.0,0.19200000166893005,0.3831000030040741,0.5733000040054321,0.7627000212669373,0.951200008392334,1.138800024986267,1.325700044631958,1.5118000507354736,1.6971999406814575,1.8818000555038452,2.0655999183654785,2.248800039291382,2.431299924850464,2.613100051879883,2.794300079345703,2.9748001098632812,3.1547000408172607,3.3340001106262207,3.512700080871582,3.6907999515533447,3.868299961090088,4.045300006866455,4.221700191497803,4.397500038146973,4.572800159454346,4.747600078582764,4.921899795532227,5.095600128173828,5.268899917602539,5.4415998458862305,5.613800048828125,5.7855000495910645,5.9567999839782715,6.127500057220459,6.297699928283691,6.46750020980835,6.6367998123168945,6.805500030517578,6.973800182342529,7.141600131988525,7.308899879455566,7.4756999015808105,7.642000198364258,7.807799816131592,7.973100185394287,8.137900352478027,8.302200317382812,8.465999603271484,8.629300117492676,8.792099952697754,8.954299926757812],"y":[0.0,0.15809999406337738,0.3095000088214874,0.45419999957084656,0.5922999978065491,0.7236999869346619,0.8485999703407288,0.9668999910354614,1.0786999464035034,1.184000015258789,1.2828999757766724,1.3753999471664429,1.461400032043457,1.541100025177002,1.6145000457763672,1.68149995803833,1.742300033569336,1.7968000173568726,1.8450000286102295,1.8870999813079834,1.9228999614715576,1.9524999856948853,1.9759999513626099,1.993299961090088,2.004499912261963,2.0095999240875244,2.0085999965667725,2.001499891281128,1.9883999824523926,1.9693000316619873,1.944100022315979,1.9128999710083008,1.8758000135421753,1.8327000141143799,1.7835999727249146,1.728600025177002,1.667799949645996,1.6009999513626099,1.52839994430542,1.4499000310897827,1.3655999898910522,1.2754000425338745,1.1796000003814697,1.0779000520706177,0.9704999923706055,0.8574000000953674,0.7386999726295471,0.6141999959945679,0.48420000076293945,0.34850001335144043,0.20720000565052032,0.06040000170469284]}}}