{"params":{"v0":25,"theta_deg":75},"models":{"level1":{"x":[0.0,0.16259999573230743,0.32510000467300415,0.4876999855041504,0.6503000259399414,0.8129000067710876,0.9753999710083008,1.1380000114440918,1.3006000518798828,1.4631999731063843,1.6256999969482422,1.7883000373840332,1.9508999586105347,2.1135001182556152,2.2760000228881836,2.4386000633239746,2.6012001037597656,2.7637999057769775,2.926300048828125,3.088900089263916,3.251499891281128,3.414099931716919,3.5766000747680664,3.7392001152038574,3.9017999172210693,4.0644001960754395,4.226900100708008,4.389500141143799,4.55210018157959,4.714700222015381,4.877200126647949,5.03980016708374,5.202400207519531,5.364999771118164,5.527500152587891,5.690100193023682,5.852700233459473,6.0152997970581055,6.177800178527832,6.340400218963623,6.502999782562256,6.665599822998047,6.828100204467773,6.990699768066406,7.153299808502197,7.315899848937988,7.478400230407715,7.640999794006348,7.803599834442139,7.96619987487793,8.128700256347656,8.291299819946289,8.453900337219238,8.616499900817871,8.779000282287598,8.94159984588623,9.10420036315918,9.266799926757812,9.429300308227539,9.591899871826172,9.754500389099121,9.917099952697754,10.07960033416748,10.242199897766113,10.404800415039062,10.567399978637695,10.729900360107422,10.892499923706055,11.055100440979004,11.217700004577637,11.380200386047363,11.542799949645996,11.705400466918945,11.868000030517578,12.030500411987305,12.193099975585938,12.35569953918457,12.51830005645752,12.680800437927246,12.843400001525879,13.005999565124512,13.168600082397461,13.331100463867188,13.49370002746582,13.656299591064453,13.818900108337402,13.981399536132812,14.144000053405762,14.306599617004395,14.469200134277344,14.631699562072754,14.794300079345703,14.956899642944336,15.119500160217285,15.281999588012695,15.444600105285645,15.607199668884277,15.769800186157227,15.932299613952637,16.094900131225586,16.25749969482422,16.42009925842285,16.582599639892578,16.74519920349121,16.907800674438477,17.07040023803711,17.232900619506836,17.39550018310547,17.5580997467041,17.720699310302734,17.88319969177246,18.045799255371094,18.20840072631836,18.371000289916992,18.53350067138672,18.69610023498535,18.858699798583984,19.021299362182617,19.183799743652344,19.346399307250977,19.509000778198242,19.671600341796875,19.8341007232666,19.996700286865234,20.159299850463867,20.321800231933594,20.484399795532227,20.64699935913086,20.809600830078125,20.97209930419922,21.134700775146484,21.297300338745117,21.45989990234375,21.622400283813477,21.78499984741211,21.947599411010742,22.110200881958008,22.2726993560791,22.435300827026367,22.597900390625,22.760499954223633,22.92300033569336,23.085599899291992,23.248199462890625,23.41080093383789,23.573299407958984,23.73590087890625,23.898500442504883,24.061100006103516,24.223600387573242,24.386199951171875,24.548799514770508,24.71139907836914,24.873899459838867,25.036500930786133,25.199100494384766,25.3617000579834,25.524200439453125,25.686800003051758,25.84939956665039,26.011999130249023,26.17449951171875,26.337099075317383,26.49970054626465,26.66230010986328,26.824800491333008,26.98740005493164,27.149999618530273,27.312599182128906,27.475099563598633,27.637699127197266,27.80030059814453,27.962900161743164,28.12540054321289,28.288000106811523,28.450599670410156,28.61319923400879,28.775699615478516,28.93829917907715,29.100900650024414,29.263500213623047,29.426000595092773,29.588600158691406,29.75119972229004,29.913799285888672,30.0762996673584,30.23889923095703,30.401500701904297,30.56410026550293,30.726600646972656,30.88920021057129,31.051799774169922,31.214399337768555,31.37689971923828,31.539499282836914,31.70210075378418],"y":[0.0,0.603600025177002,1.2010999917984009,1.7922999858856201,2.3773999214172363,2.9563000202178955,3.528899908065796,4.095399856567383,4.655700206756592,5.209799766540527,5.757699966430664,6.2993998527526855,6.83489990234375,7.364299774169922,7.887400150299072,8.40429973602295,8.91510009765625,9.419599533081055,9.918000221252441,10.410200119018555,10.896100044250488,11.375900268554688,11.849499702453613,12.316900253295898,12.77810001373291,13.233099937438965,13.681900024414062,14.124500274658203,14.560999870300293,14.99120044708252,15.415300369262695,15.833100318908691,16.244800567626953,16.65019989013672,17.04949951171875,17.44260025024414,17.829500198364258,18.2101993560791,18.5846004486084,18.952999114990234,19.315099716186523,19.67099952697754,20.020700454711914,20.364200592041016,20.70159912109375,21.032699584960938,21.35770034790039,21.67650032043457,21.98900032043457,22.295400619506836,22.595600128173828,22.88960075378418,23.177400588989258,23.458999633789062,23.734399795532227,24.003599166870117,24.266599655151367,24.523500442504883,24.774099349975586,25.01849937438965,25.256799697875977,25.48889923095703,25.71470069885254,25.93440055847168,26.147899627685547,26.355199813842773,26.556299209594727,26.75119972229004,26.939899444580078,27.122400283813477,27.2987003326416,27.468799591064453,27.63279914855957,27.79050064086914,27.942100524902344,28.087400436401367,28.226600646972656,28.359600067138672,28.486400604248047,28.60689926147461,28.72130012512207,28.829500198364258,28.931499481201172,29.02739906311035,29.117000579833984,29.20039939880371,29.277599334716797,29.34869956970215,29.41349983215332,29.472200393676758,29.524599075317383,29.570899963378906,29.611000061035156,29.644899368286133,29.672500610351562,29.694000244140625,29.709299087524414,29.718399047851562,29.721399307250977,29.71809959411621,29.708599090576172,29.692899703979492,29.671100616455078,29.64299964904785,29.608800888061523,29.56839942932129,29.521699905395508,29.468900680541992,29.409900665283203,29.34469985961914,29.273300170898438,29.19569969177246,29.111900329589844,29.021900177001953,28.92569923400879,28.823400497436523,28.714799880981445,28.600000381469727,28.47909927368164,28.351999282836914,28.218599319458008,28.079099655151367,27.933399200439453,27.7814998626709,27.62339973449707,27.4591007232666,27.28860092163086,27.111900329589844,26.929000854492188,26.739999771118164,26.544700622558594,26.343299865722656,26.13559913635254,25.92180061340332,25.70170021057129,25.475500106811523,25.243099212646484,25.004499435424805,24.759700775146484,24.508699417114258,24.25149917602539,23.988100051879883,23.7185001373291,23.442800521850586,23.16080093383789,22.872600555419922,22.57830047607422,22.277799606323242,21.97100067138672,21.658100128173828,21.339000701904297,21.013700485229492,20.682100296020508,20.344499588012695,20.000600814819336,19.65049934387207,19.294200897216797,18.931699752807617,18.563100814819336,18.188199996948242,17.807199478149414,17.41990089416504,17.026500701904297,16.626800537109375,16.22100067138672,15.809000015258789,15.390800476074219,14.966400146484375,14.535799980163574,14.098999977111816,13.656000137329102,13.206899642944336,12.751500129699707,12.289999961853027,11.822199821472168,11.348299980163574,10.8681001663208,10.381799697875977,9.889300346374512,9.390600204467773,8.885600090026855,8.374500274658203,7.8572001457214355,7.333799839019775,6.804100036621094,6.268199920654297,5.726099967956543,5.1778998374938965,4.6234002113342285,4.06279993057251,3.4958999156951904,2.9228999614715576,2.3436999320983887,1.7582999467849731,1.166599988937378,0.5687999725341797]},