{"params":{"v0":25,"theta_deg":50},"models":{"level1":{"x":[0.0,0.40380001068115234,0.8075000047683716,1.211300015449524,1.6150000095367432,2.0188000202178955,2.422600030899048,2.8262999057769775,3.23009991645813,3.6338000297546387,4.037600040435791,4.441400051116943,4.845099925994873,5.248899936676025,5.652699947357178,6.056399822235107,6.46019983291626,6.863900184631348,7.2677001953125,7.671500205993652,8.075200080871582,8.479000091552734,8.882699966430664,9.286499977111816,9.690299987792969,10.093999862670898,10.49779987335205,10.90149974822998,11.305299758911133,11.709099769592285,12.112799644470215,12.516599655151367,12.92039966583252,13.32409954071045,13.727899551391602,14.131600379943848,14.535400390625,14.939200401306152,15.342900276184082,15.746700286865234,16.150400161743164,16.55419921875,16.95800018310547,17.3617000579834,17.765499114990234,18.169200897216797,18.572999954223633,18.9768009185791,19.38050079345703,19.784299850463867,20.187999725341797,20.591800689697266,20.9955997467041,21.39929962158203,21.8031005859375,22.206899642944336,22.610599517822266,23.014400482177734,23.418100357055664,23.8218994140625,24.22570037841797,24.6294002532959,25.033199310302734,25.436899185180664,25.840700149536133,26.24449920654297,26.6481990814209,27.052000045776367,27.455799102783203,27.859500885009766,28.2632999420166,28.66699981689453,29.07080078125,29.474599838256836,29.878299713134766,30.282100677490234,30.685800552368164,31.089599609375,31.49340057373047,31.8971004486084,32.300899505615234,32.7046012878418,33.1083984375,33.51219940185547,33.91590118408203,34.319698333740234,34.7234001159668,35.127201080322266,35.53099822998047,35.93470001220703,36.3385009765625,36.7422981262207,37.145999908447266,37.549800872802734,37.95349884033203,38.3572998046875,38.76110076904297,39.164798736572266,39.568599700927734,39.9723014831543,40.3760986328125,40.77989959716797,41.18360137939453,41.587398529052734,41.9911994934082,42.394901275634766,42.79869842529297,43.20240020751953,43.606201171875,44.0099983215332,44.413700103759766,44.817501068115234,45.22119903564453,45.625,46.02880096435547,46.432498931884766,46.836299896240234,47.2400016784668,47.643798828125,48.04759979248047,48.45130157470703,48.855098724365234,49.2588005065918,49.662601470947266,50.06639862060547,50.47010040283203,50.8739013671875,51.2776985168457,51.681400299072266,52.085201263427734,52.48889923095703,52.8927001953125,53.29650115966797,53.700199127197266,54.104000091552734,54.5077018737793,54.9114990234375,55.31529998779297,55.71900177001953,56.122798919677734,56.5265007019043,56.930301666259766,57.33409881591797,57.73780059814453,58.1416015625,58.5453987121582,58.949100494384766,59.352901458740234,59.75659942626953,60.160400390625,60.56420135498047,60.967899322509766,61.371700286865234,61.77539825439453,62.17919921875,62.58300018310547],"y":[0.0,0.4781000018119812,0.949999988079071,1.4156999588012695,1.8752000331878662,2.3285000324249268,2.775599956512451,3.216599941253662,3.6512999534606934,4.079800128936768,4.502200126647949,4.918300151824951,5.3282999992370605,5.732100009918213,6.129700183868408,6.520999908447266,6.906199932098389,7.285200119018555,7.6579999923706055,8.0246000289917,8.385100364685059,8.739299774169922,9.087300300598145,9.429200172424316,9.764800071716309,10.094300270080566,10.417499542236328,10.734600067138672,11.045499801635742,11.350199699401855,11.648599624633789,11.940899848937988,12.22700023651123,12.506999969482422,12.780699729919434,13.048199653625488,13.309499740600586,13.56470012664795,13.813599586486816,14.056400299072266,14.292900085449219,14.523300170898438,14.7475004196167,14.965399742126465,15.177200317382812,15.382800102233887,15.582200050354004,15.775400161743164,15.962499618530273,16.143299102783203,16.317899703979492,16.486299514770508,16.64859962463379,16.80459976196289,16.954500198364258,17.09819984436035,17.235599517822266,17.366899490356445,17.492000579833984,17.61090087890625,17.723600387573242,17.83009910583496,17.930400848388672,18.024499893188477,18.11240005493164,18.19420051574707,18.269699096679688,18.339099884033203,18.40220069885254,18.459199905395508,18.510000228881836,18.554500579833984,18.592899322509766,18.625099182128906,18.651100158691406,18.670900344848633,18.684499740600586,18.6919002532959,18.693199157714844,18.688199996948242,18.677000045776367,18.659700393676758,18.63610076904297,18.606399536132812,18.57040023803711,18.52829933166504,18.479999542236328,18.425500869750977,18.36479949951172,18.29789924621582,18.22480010986328,18.14550018310547,18.059999465942383,17.968299865722656,17.870500564575195,17.766399383544922,17.656200408935547,17.53969955444336,17.41710090637207,17.288299560546875,17.153200149536133,17.011999130249023,16.864599227905273,16.711000442504883,16.55120086669922,16.38520050048828,16.21310043334961,16.034700393676758,15.850099563598633,15.65939998626709,15.462400436401367,15.259300231933594,15.04990005493164,14.834400177001953,14.612700462341309,14.38479995727539,14.150699615478516,13.910300254821777,13.663900375366211,13.411199569702148,13.152299880981445,12.887200355529785,12.615900039672852,12.338500022888184,12.054800033569336,11.765000343322754,11.468899726867676,11.16670036315918,10.85830020904541,10.543700218200684,10.222800254821777,9.89579963684082,9.562600135803223,9.223299980163574,8.877699851989746,8.525899887084961,8.167900085449219,7.803800106048584,7.4334001541137695,7.05679988861084,6.674099922180176,6.285200119018555,5.889999866485596,5.488699913024902,5.081200122833252,4.667500019073486,4.247600078582764,3.821500062942505,3.38919997215271,2.950700044631958,2.50600004196167,2.0552000999450684,1.598099946975708,1.1348999738693237,0.6654000282287598,0.18979999423027039]},