{"params":{"v0":30,"theta_deg":15},"models":{"level1":{"x":[0.0,0.7281000018119812,1.4562000036239624,2.184299945831299,2.9123001098632812,3.640399932861328,4.368500232696533,5.09660005569458,5.824699878692627,6.552800178527832,7.280799865722656,8.008899688720703,8.737000465393066,9.465100288391113,10.19320011138916,10.921299934387207,11.649399757385254,12.377400398254395,13.105500221252441,13.833600044250488,14.561699867248535,15.289799690246582,16.017900466918945,16.745899200439453,17.474000930786133,18.20210075378418,18.930200576782227,19.658300399780273,20.38640022277832,21.114500045776367,21.842500686645508,22.570600509643555,23.2987003326416,24.02680015563965,24.754899978637695,25.482999801635742,26.21109962463379,26.93910026550293,27.667200088500977,28.395299911499023,29.12339973449707,29.851499557495117,30.579599380493164,31.307600021362305,32.035701751708984,32.76380157470703,33.49190139770508,34.220001220703125,34.94810104370117,35.67620086669922,36.40420150756836,37.132301330566406,37.86040115356445,38.5885009765625,39.31660079956055,40.044700622558594,40.77280044555664,41.50080108642578,42.22890090942383,42.957000732421875,43.68510055541992,44.41320037841797,45.141300201416016,45.869300842285156],"y":[0.0,0.19200000166893005,0.37779998779296875,0.5573999881744385,0.7307999730110168,0.8980000019073486,1.0591000318527222,1.2138999700546265,1.3624999523162842,1.5049999952316284,1.6411999464035034,1.771299958229065,1.8952000141143799,2.0129001140594482,2.124300003051758,2.229599952697754,2.328700065612793,2.421600103378296,2.5083000659942627,2.588900089263916,2.6631999015808105,2.731300115585327,2.793299913406372,2.8489999771118164,2.8986001014709473,2.9419000148773193,2.979099988937378,3.0100998878479004,3.0348000526428223,3.0534000396728516,3.0657999515533447,3.072000026702881,3.072000026702881,3.0659000873565674,3.053499937057495,3.034899950027466,3.010200023651123,2.9791998863220215,2.941999912261963,2.898699998855591,2.8492000102996826,2.7934000492095947,2.7314999103546143,2.6633999347686768,2.589099884033203,2.5085999965667725,2.4219000339508057,2.3289999961853027,2.2298998832702637,2.1247000694274902,2.013200044631958,1.8954999446868896,1.7717000246047974,1.641700029373169,1.5053999423980713,1.3630000352859497,1.214400053024292,1.0595999956130981,0.8985000252723694,0.7312999963760376,0.5580000281333923,0.3783999979496002,0.19259999692440033,0.0006000000284984708]},"level2":{"x":[0.0,0.7233999967575073,1.437600016593933,2.142699956893921,2.839200019836426,3.5271999835968018,4.206900119781494,4.878499984741211,5.542200088500977,6.198299884796143,6.84689998626709,7.4882001876831055,8.122400283813477,8.749600410461426,9.369999885559082,9.983799934387207,10.591099739074707,11.192000389099121,11.786800384521484,12.375399589538574,12.958100318908691,13.53499984741211,14.106200218200684,14.671699523925781,15.231800079345703,15.786600112915039,16.336000442504883,16.880300521850586,17.41950035095215,17.953800201416016,18.48310089111328,19.007699966430664,19.52750015258789,20.042699813842773,20.55340003967285,21.059499740600586,21.56130027770996,22.058700561523438,22.55190086364746,23.040800094604492,23.52560043334961,24.00629997253418,24.482999801635742,24.955799102783203,25.42460060119629,25.88960075378418,26.350799560546875,26.808300018310547,27.261999130249023,27.712099075317383,28.158599853515625,28.601499557495117,29.041000366210938,29.476900100708008,29.909400939941406,30.338499069213867,30.764299392700195],"y":[0.0,0.1906999945640564,0.37290000915527344,0.5465999841690063,0.7120000123977661,0.8693000078201294,1.0184999704360962,1.1597000360488892,1.2932000160217285,1.4189000129699707,1.5370999574661255,1.6477999687194824,1.751099944114685,1.847100019454956,1.9358999729156494,2.0174999237060547,2.0922000408172607,2.159899950027466,2.2207999229431152,2.2748000621795654,2.322200059890747,2.3629000186920166,2.3970999717712402,2.424799919128418,2.446000099182129,2.460900068283081,2.469399929046631,2.4718000888824463,2.467900037765503,2.457900047302246,2.441800117492676,2.4196999073028564,2.391700029373169,2.3577001094818115,2.3178999423980713,2.272200107574463,2.2207999229431152,2.1637001037597656,2.1008999347686768,2.032399892807007,1.958400011062622,1.8788000345230103,1.7936999797821045,1.7031999826431274,1.607200026512146,1.5059000253677368,1.3991999626159668,1.2871999740600586,1.1699999570846558,1.0475000143051147,0.9197999835014343,0.7870000004768372,0.6491000056266785,0.5060999989509583,0.3580999970436096,0.20499999821186066,0.04699999839067459]},"level3":{"x":[0.0,0.7232999801635742,1.4372999668121338,2.142199993133545,2.8382999897003174,3.5257999897003174,4.204899787902832,4.875800132751465,5.53879976272583,6.1940999031066895,6.841800212860107,7.4822001457214355,8.115300178527832,8.741499900817871,9.360799789428711,9.97350025177002,10.57960033416748,11.179300308227539,11.77280044555664,12.360199928283691,12.94159984588623,13.517200469970703,14.086999893188477,14.651300430297852,15.210100173950195,15.763500213623047,16.31170082092285,16.854700088500977,17.3927001953125,17.92569923400879,18.453800201416016,18.97719955444336,19.495899200439453,20.010000228881836,20.51959991455078,21.024700164794922,21.52549934387207,22.02199935913086,22.514299392700195,23.002399444580078,23.486499786376953,23.96649932861328,24.442699432373047,24.914899826049805,25.38330078125,25.847900390625,26.308799743652344,26.76609992980957,27.21969985961914,27.6697998046875,28.11639976501465,28.559499740600586,28.99920082092285,29.43549919128418,29.868600845336914,30.29829978942871,30.72480010986328,31.148000717163086,31.568099975585938,31.98509979248047],"y":[0.0,0.19099999964237213,0.37380000948905945,0.5486000180244446,0.7156000137329102,0.8748000264167786,1.0263999700546265,1.1704000234603882,1.3070000410079956,1.4362000226974487,1.5583000183105469,1.673200011253357,1.7811000347137451,1.882099986076355,1.976199984550476,2.063499927520752,2.1440999507904053,2.218100070953369,2.2855000495910645,2.346400022506714,2.4010000228881836,2.449199914932251,2.4911000728607178,2.5267999172210693,2.5564000606536865,2.5797998905181885,2.5971999168395996,2.6087000370025635,2.6142001152038574,2.613800048828125,2.607599973678589,2.595599889755249,2.577899932861328,2.554500102996826,2.525399923324585,2.490799903869629,2.4505999088287354,2.404900074005127,2.353800058364868,2.2971999645233154,2.235300064086914,2.1679999828338623,2.095400094985962,2.0174999237060547,1.934399962425232,1.8460999727249146,1.7525999546051025,1.6540000438690186,1.5503000020980835,1.44159996509552,1.3278000354766846,1.2091000080108643,1.0853999853134155,0.9567999839782715,0.823199987411499,0.6848999857902527,0.541700005531311,0.3937000036239624,0.24089999496936798,0.08340000361204147]}}}