{"params":{"v0":20,"theta_deg":55},"models":{"level1":{"x":[0.0,0.2881999909877777,0.5764999985694885,0.8647000193595886,1.152899980545044,1.441100001335144,1.7294000387191772,2.0176000595092773,2.305799961090088,2.594099998474121,2.8822999000549316,3.1705000400543213,3.4588000774383545,3.746999979019165,4.035200119018555,4.323400020599365,4.611700057983398,4.899899959564209,5.1880998611450195,5.476399898529053,5.764599800109863,6.052800178527832,6.341000080108643,6.629300117492676,6.917500019073486,7.205699920654297,7.49399995803833,7.782199859619141,8.07040023803711,8.358699798583984,8.646900177001953,8.935099601745605,9.223299980163574,9.51159954071045,9.799799919128418,10.088000297546387,10.376299858093262,10.66450023651123,10.952699661254883,11.240900039672852,11.529199600219727,11.817399978637695,12.105600357055664,12.393899917602539,12.682100296020508,12.97029972076416,13.258600234985352,13.546799659729004,13.835000038146973,14.123200416564941,14.411499977111816,14.699700355529785,14.987899780273438,15.276200294494629,15.564399719238281,15.85260009765625,16.14080047607422,16.429100036621094,16.717300415039062,17.00550079345703,17.293800354003906,17.582000732421875,17.87019920349121,18.15839958190918,18.446699142456055,18.734899520874023,19.023099899291992,19.311399459838867,19.599599838256836,19.887800216674805,20.17609977722168,20.46430015563965,20.752500534057617,21.040700912475586,21.32900047302246,21.61720085144043,21.905399322509766,22.193700790405273,22.48189926147461,22.770099639892578,23.058300018310547,23.346599578857422,23.63479995727539,23.92300033569336,24.211299896240234,24.499500274658203,24.787700653076172,25.076000213623047,25.364200592041016,25.65239906311035,25.94059944152832,26.228900909423828,26.517099380493164,26.805299758911133,27.093599319458008,27.381799697875977,27.670000076293945,27.958200454711914,28.24650001525879,28.534700393676758,28.822900772094727,29.1112003326416,29.39940071105957,29.687599182128906,29.975900650024414,30.26409912109375,30.55229949951172,30.840499877929688,31.128799438476562,31.41699981689453,31.7052001953125,31.993499755859375,32.281700134277344,32.56990051269531,32.85810089111328,33.146400451660156,33.434600830078125,33.722801208496094,34.01110076904297,34.29930114746094,34.587501525878906,34.87580108642578,35.16400146484375,35.45220184326172,35.74039840698242,36.02870178222656,36.316898345947266,36.605098724365234,36.89339828491211,37.18159866333008,37.46979904174805,37.757999420166016,38.04629898071289],"y":[0.0,0.40849998593330383,0.8108999729156494,1.2070000171661377,1.597000002861023,1.9808000326156616,2.358299970626831,2.7297000885009766,3.094899892807007,3.453900098800659,3.8066999912261963,4.153299808502197,4.49370002746582,4.827899932861328,5.156000137329102,5.477799892425537,5.793399810791016,6.10290002822876,6.406099796295166,6.703199863433838,6.994100093841553,7.278800010681152,7.557199954986572,7.829500198364258,8.095600128173828,8.355500221252441,8.609199523925781,8.856800079345703,9.098099708557129,9.333200454711914,9.562199592590332,9.784899711608887,10.001500129699707,10.211799621582031,10.416000366210938,10.61400032043457,10.805800437927246,10.991299629211426,11.170700073242188,11.343899726867676,11.51099967956543,11.671799659729004,11.826399803161621,11.974800109863281,12.11709976196289,12.253100395202637,12.383000373840332,12.506600379943848,12.624099731445312,12.735400199890137,12.840399742126465,12.939299583435059,13.031999588012695,13.118499755859375,13.198800086975098,13.272899627685547,13.340900421142578,13.402600288391113,13.458100318908691,13.507499694824219,13.550600051879883,13.587599754333496,13.618300437927246,13.642900466918945,13.661299705505371,13.673500061035156,13.679499626159668,13.679300308227539,13.672900199890137,13.660300254821777,13.641500473022461,13.616499900817871,13.585399627685547,13.54800033569336,13.504400253295898,13.454700469970703,13.398799896240234,13.336600303649902,13.26830005645752,13.19379997253418,13.113100051879883,13.026200294494629,12.933099746704102,12.833800315856934,12.728300094604492,12.616600036621094,12.498700141906738,12.374699592590332,12.244400024414062,12.107999801635742,11.965299606323242,11.816499710083008,11.661499977111816,11.500200271606445,11.332799911499023,11.159199714660645,10.979399681091309,10.793399810791016,10.601200103759766,10.402899742126465,10.1983003616333,9.987500190734863,9.770600318908691,9.54740047454834,9.318099975585938,9.082500457763672,8.840800285339355,8.592900276184082,8.338800430297852,8.078499794006348,7.811999797821045,7.539299964904785,7.26039981842041,6.975299835205078,6.684000015258789,6.386499881744385,6.082900047302246,5.7729997634887695,5.456999778747559,5.134699821472168,4.806300163269043,4.471700191497803,4.130899906158447,3.783900022506714,3.4305999279022217,3.071199893951416,2.7056000232696533,2.333899974822998,1.955899953842163,1.5716999769210815,1.1813000440597534,0.7847999930381775,0.38199999928474426]},"level2":{"x":[0.0,0.28700000047683716,0.5715000033378601,0.8536999821662903,1.1335999965667725,1.4112000465393066,1.6866999864578247,1.9600000381469727,2.2311999797821045,2.500499963760376,2.767699956893921,3.033099889755249,3.2964999675750732,3.558199882507324,3.818000078201294,4.076200008392334,4.332600116729736,4.587399959564209,4.84060001373291,5.092199802398682,5.342299938201904,5.59089994430542,5.838099956512451,6.083799839019775,6.328199863433838,6.571199893951416,6.81279993057251,7.053199768066406,7.292300224304199,7.530200004577637,7.7667999267578125,8.002300262451172,8.236700057983398,8.469900131225586,8.70199966430664,8.932999610900879,9.1628999710083,9.391799926757812,9.61970043182373,9.846699714660645,10.072600364685059,10.297599792480469,10.521599769592285,10.74470043182373,10.966899871826172,11.188199996948242,11.408599853515625,11.628100395202637,11.846799850463867,12.06470012664795,12.281700134277344,12.497900009155273,12.713299751281738,12.927900314331055,13.14169979095459,13.354700088500977,13.566900253295898,13.778400421142578,13.989100456237793,14.199000358581543,14.408100128173828,14.616499900817871,14.82409954071045,15.031000137329102,15.237099647521973,15.442500114440918,15.647100448608398,15.85099983215332,16.054100036621094,16.256399154663086,16.45800018310547,16.65880012512207,16.85890007019043,17.05820083618164,17.25670051574707,17.45439910888672,17.651399612426758,17.84760093688965,18.04290008544922,18.237499237060547,18.431299209594727,18.624300003051758,18.8164005279541,19.00779914855957,19.198299407958984,19.38800048828125,19.576799392700195,19.764799118041992,19.95199966430664,20.1382999420166,20.32379913330078,20.50830078125,20.691999435424805,20.874799728393555,21.056800842285156,21.23780059814453,21.41790008544922,21.597200393676758,21.77549934387207,21.952899932861328,22.1294002532959,22.304899215698242,22.47949981689453,22.653200149536133,22.825899124145508,22.997699737548828,23.168500900268555,23.33839988708496,23.507299423217773,23.675199508666992,23.842199325561523,24.008100509643555,24.173099517822266,24.337200164794922,24.500200271606445,24.662200927734375,24.823200225830078],