{"params":{"v0":20,"theta_deg":25},"models":{"level1":{"x":[0.0,0.4553999900817871,0.9108999967575073,1.3662999868392944,1.8216999769210815,2.2771999835968018,2.732599973678589,3.187999963760376,3.643399953842163,4.098899841308594,4.554299831390381,5.009699821472168,5.465199947357178,5.920599937438965,6.375999927520752,6.831500053405762,7.286900043487549,7.742300033569336,8.197799682617188,8.653200149536133,9.108599662780762,9.564000129699707,10.019499778747559,10.474900245666504,10.930299758911133,11.3858003616333,11.84119987487793,12.296600341796875,12.752099990844727,13.207500457763672,13.6628999710083,14.118399620056152,14.573800086975098,15.029199600219727,15.484700202941895,15.940099716186523,16.39550018310547,16.850900650024414,17.306400299072266,17.76180076599121,18.217199325561523,18.672700881958008,19.12809944152832,19.583499908447266,20.038999557495117,20.494400024414062,20.949800491333008,21.40530014038086,21.860700607299805,22.316099166870117,22.7716007232666,23.226999282836914,23.68239974975586,24.137800216674805,24.593299865722656,25.0487003326416,25.504100799560547,25.9596004486084,26.415000915527344,26.870399475097656,27.325899124145508,27.781299591064453,28.2367000579834,28.69219970703125,29.147600173950195,29.60300064086914,30.058399200439453,30.513900756835938,30.96929931640625],"y":[0.0,0.2092999964952469,0.4124000072479248,0.6092000007629395,0.7998999953269958,0.9843999743461609,1.1627999544143677,1.3349000215530396,1.5008000135421753,1.6605000495910645,1.8141000270843506,1.961400032043457,2.10260009765625,2.237499952316284,2.366300106048584,2.488800048828125,2.6052000522613525,2.715399980545044,2.8194000720977783,2.9172000885009766,3.0088000297546387,3.0941998958587646,3.1735000610351562,3.246500015258789,3.3132998943328857,3.374000072479248,3.4284000396728516,3.4767000675201416,3.518699884414673,3.5546000003814697,3.5843000411987305,3.607800006866455,3.625,3.6361000537872314,3.6410000324249268,3.6398000717163086,3.6322999000549316,3.6185998916625977,3.5987000465393066,3.572700023651123,3.5404000282287598,3.502000093460083,3.4572999477386475,3.4065001010894775,3.3494999408721924,3.2862000465393066,3.2167999744415283,3.141200065612793,3.0594000816345215,2.971400022506714,2.8773000240325928,2.776900053024292,2.670300006866455,2.5576000213623047,2.4386000633239746,2.3134000301361084,2.1821000576019287,2.044600009918213,1.9007999897003174,1.7509000301361084,1.5947999954223633,1.4325000047683716,1.2640000581741333,1.0893000364303589,0.9083999991416931,0.7214000225067139,0.5281000137329102,0.3285999894142151,0.12300000339746475]},"level2":{"x":[0.0,0.45350000262260437,0.9031000137329102,1.3488999605178833,1.7910000085830688,2.2295000553131104,2.6644999980926514,3.095900058746338,3.5239999294281006,3.9488000869750977,4.370200157165527,4.78849983215332,5.203700065612793,5.615699768066406,6.024700164794922,6.430799961090088,6.833899974822998,7.2342000007629395,7.631700038909912,8.026399612426758,8.418399810791016,8.807700157165527,9.1943998336792,9.578499794006348,9.960000038146973,10.33899974822998,10.71560001373291,11.089699745178223,11.461400032043457,11.830699920654297,12.197699546813965,12.562299728393555,12.924699783325195,13.284799575805664,13.6427001953125,13.99839973449707,14.351900100708008,14.703300476074219,15.052499771118164,15.3996000289917,15.74470043182373,16.087600708007812,16.428499221801758,16.76740074157715,17.10420036315918,17.43899917602539,17.771900177001953,18.102699279785156,18.431699752807617,18.75860023498535,19.083599090576172,19.406700134277344,19.7278995513916,20.047199249267578,20.364599227905273,20.680099487304688,20.99370002746582,21.305500030517578,21.615400314331055,21.923500061035156,22.229700088500977,22.534099578857422,22.836599349975586,23.137300491333008],"y":[0.0,0.20839999616146088,0.40880000591278076,0.6014000177383423,0.7861999869346619,0.9632999897003174,1.1327999830245972,1.294800043106079,1.4493999481201172,1.59660005569458,1.7364000082015991,1.8690999746322632,1.9946000576019287,2.11299991607666,2.224299907684326,2.328700065612793,2.426100015640259,2.516700029373169,2.6005001068115234,2.677500009536743,2.74780011177063,2.811500072479248,2.868499994277954,2.9189999103546143,2.9630000591278076,3.0006000995635986,3.0316998958587646,3.0564000606536865,3.074899911880493,3.0869998931884766,3.092900037765503,3.0924999713897705,3.0859999656677246,3.0734000205993652,3.0546000003814697,3.0297999382019043,2.999000072479248,2.9621999263763428,2.9193999767303467,2.870800018310547,2.816200017929077,2.7558000087738037,2.6895999908447266,2.6175999641418457,2.539900064468384,2.456399917602539,2.367300033569336,2.2725000381469727,2.172100067138672,2.066200017929077,1.9545999765396118,1.8375999927520752,1.7151000499725342,1.5871000289916992,1.4537999629974365,1.315000057220459,1.1708999872207642,1.0214999914169312,0.8668000102043152,0.7067999839782715,0.5415999889373779,0.37130001187324524,0.19580000638961792,0.01510000042617321]},"level3":{"x":[0.0,0.45339998602867126,0.9028000235557556,1.3482999801635742,1.7899999618530273,2.2279999256134033,2.6623001098632812,3.0929999351501465,3.52020001411438,3.944000005722046,4.364500045776367,4.781700134277344,5.1956000328063965,5.606500148773193,6.014200210571289,6.418900012969971,6.8206000328063965,7.2195000648498535,7.6153998374938965,8.008600234985352,8.39900016784668,8.786700248718262,9.171699523925781,9.554200172424316,9.934000015258789,10.311400413513184,10.686200141906738,11.058600425720215,11.428600311279297,11.796299934387207,12.161600112915039,12.5246000289917,12.885299682617188,13.243800163269043,13.600199699401855,13.954299926757812,14.306300163269043,14.656100273132324,15.003899574279785,15.349599838256836,15.693300247192383,16.03499984741211,16.37459945678711,16.712299346923828,17.04800033569336,17.381799697875977,17.713699340820312,18.043699264526367,18.37179946899414,18.697999954223633,19.02239990234375,19.344999313354492,19.665700912475586,19.984600067138672,20.301799774169922,20.61709976196289,20.930700302124023,21.24250030517578,21.552600860595703,21.861000061035156,22.167600631713867,22.47249984741211,22.775699615478516,23.077199935913086,23.377099990844727,23.675199508666992],"y":[0.0,0.2084999978542328,0.40939998626708984,0.6025999784469604,0.7883999943733215,0.9667999744415283,1.1377999782562256,1.3015999794006348,1.4581999778747559,1.6075999736785889,1.750100016593933,1.8854999542236328,2.0139999389648438,2.1356000900268555,2.250499963760376,2.3585000038146973,2.45989990234375,2.5546998977661133,2.6428000926971436,2.7244999408721924,2.7995998859405518,2.868299961090088,2.9305999279022217,2.986599922180176,3.03629994392395,3.079699993133545,3.1168999671936035,3.147900104522705,3.1726999282836914,3.191499948501587,3.204200029373169,3.210900068283081,3.2116000652313232,3.2063000202178955,3.195199966430664,3.178100109100342,3.1552000045776367,3.126499891281128,3.0920000076293945,3.0517001152038574,3.0058000087738037,2.9540998935699463,2.8968000411987305,2.833899974822998,2.765399932861328,2.6912999153137207,2.6117000579833984,2.526599884033203,2.436000108718872,2.3399999141693115,2.238600015640259,2.1317999362945557,2.019700050354004,1.9021999835968018,1.7795000076293945,1.6514999866485596,1.5183000564575195,1.3798999786376953,1.236299991607666,1.0875999927520752,0.9337000250816345,0.7748000025749207,0.6108999848365784,0.44200000166893005,0.2680000066757202,0.08919999748468399]}}}