{"params":{"v0":35,"theta_deg":30},"models":{"level1":{"x":[0.0,0.7616000175476074,1.5232000350952148,2.2846999168395996,3.046299934387207,3.8078999519348145,4.569499969482422,5.331099987030029,6.092599868774414,6.8541998863220215,7.615799903869629,8.377400398254395,9.138999938964844,9.900500297546387,10.662099838256836,11.423700332641602,12.18529987335205,12.946900367736816,13.708399772644043,14.470000267028809,15.231599807739258,15.993200302124023,16.75480079650879,17.516300201416016,18.27790069580078,19.039499282836914,19.80109977722168,20.562700271606445,21.324199676513672,22.085800170898438,22.847400665283203,23.608999252319336,24.3705997467041,25.132099151611328,25.893699645996094,26.65530014038086,27.416900634765625,28.178499221801758,28.940000534057617,29.70159912109375,30.463199615478516,31.22480010986328,31.986400604248047,32.74789810180664,33.509498596191406,34.27109909057617,35.03269958496094,35.7943000793457,36.55580139160156,37.31740188598633,38.07899856567383,38.840599060058594,39.60219955444336,40.36370086669922,41.125301361083984,41.88690185546875,42.64849853515625,43.410099029541016,44.17169952392578,44.93320083618164,45.694801330566406,46.45640182495117,47.21799850463867,47.97959899902344,48.7411003112793,49.50270080566406,50.26430130004883,51.025901794433594,51.787498474121094,52.54899978637695,53.31060028076172,54.072200775146484,54.83380126953125,55.595401763916016,56.35689926147461,57.118499755859375,57.88010025024414,58.641700744628906,59.4031982421875,60.164798736572266,60.92639923095703,61.6879997253418,62.44960021972656,63.21120071411133,63.97269821166992,64.73429870605469,65.49590301513672,66.25749969482422,67.01899719238281,67.78060150146484,68.54219818115234,69.30380249023438,70.06539916992188,70.8270034790039,71.5885009765625,72.35009765625,73.11170196533203,73.87329864501953,74.63480377197266,75.39640045166016,76.15799713134766,76.91960144042969,77.68119812011719,78.44280242919922,79.20429992675781,79.96589660644531,80.72750091552734,81.48909759521484,82.25070190429688,83.01219940185547,83.7738037109375,84.535400390625,85.2969970703125,86.05860137939453,86.82009887695312,87.58170318603516,88.34329986572266,89.10489654541016,89.86650085449219,90.62799835205078,91.38960266113281,92.15119934082031,92.91280364990234,93.67440032958984,94.43589782714844,95.19750213623047,95.95909881591797,96.720703125,97.4822998046875,98.2437973022461,99.00540161132812,99.76699829101562,100.52860260009766,101.29019927978516,102.05180358886719,102.81330108642578,103.57489776611328,104.33650207519531,105.09809875488281,105.8595962524414,106.62120056152344,107.38279724121094],"y":[0.0,0.436599999666214,0.8669999837875366,1.291200041770935,1.7092000246047974,2.1210999488830566,2.526700019836426,2.9261999130249023,3.3194000720977783,3.7065000534057617,4.087299823760986,4.461999893188477,4.83050012588501,5.192800045013428,5.548900127410889,5.898799896240234,6.242499828338623,6.579999923706055,6.911300182342529,7.236400127410889,7.5553998947143555,7.868100166320801,8.174699783325195,8.475000381469727,8.769200325012207,9.057100296020508,9.338899612426758,9.614500045776367,9.883899688720703,10.147100448608398,10.40410041809082,10.654899597167969,10.899499893188477,11.137900352478027,11.370200157165527,11.596199989318848,11.816100120544434,12.02970027923584,12.237199783325195,12.43850040435791,12.633500099182129,12.822400093078613,13.00510025024414,13.181599617004395,13.351900100708008,13.515999794006348,13.67389965057373,13.825599670410156,13.971199989318848,14.11050033569336,14.24370002746582,14.370599746704102,14.491399765014648,14.605899810791016,14.714300155639648,14.816499710083008,14.912500381469727,15.002300262451172,15.08590030670166,15.163299560546875,15.23449993133545,15.299500465393066,15.35830020904541,15.41100025177002,15.45740032196045,15.497599601745605,15.531700134277344,15.559599876403809,15.581199645996094,15.596699714660645,15.605999946594238,15.609100341796875,15.605999946594238,15.596699714660645,15.581199645996094,15.559499740600586,15.531599998474121,15.497599601745605,15.457300186157227,15.410799980163574,15.358200073242188,15.299400329589844,15.234299659729004,15.163100242614746,15.085700035095215,15.002099990844727,14.912300109863281,14.816300392150879,14.714099884033203,14.60569953918457,14.491100311279297,14.37030029296875,14.243399620056152,14.110199928283691,13.97089958190918,13.825300216674805,13.673600196838379,13.515700340270996,13.351499557495117,13.18120002746582,13.00469970703125,12.821999549865723,12.633099555969238,12.437999725341797,12.236800193786621,12.02929973602295,11.815600395202637,11.595800399780273,11.36970043182373,11.137499809265137,10.89900016784668,10.654399871826172,10.403599739074707,10.146599769592285,9.883299827575684,9.613900184631348,9.338299751281738,9.056599617004395,8.768600463867188,8.47439956665039,8.173999786376953,7.867499828338623,7.554699897766113,7.235799789428711,6.910600185394287,6.5792999267578125,6.241799831390381,5.898099899291992,5.548099994659424,5.191999912261963,4.829699993133545,4.46120023727417,4.086599826812744,3.705699920654297,3.3185999393463135,2.925299882888794,2.525899887084961,2.1201999187469482,1.708400011062622,1.2904000282287598,0.866100013256073,0.435699999332428]},"level2":{"x":[0.0,0.7559000253677368,1.500499963760376,2.2344000339508057,2.95770001411438,3.6709001064300537,4.374300003051758,5.06820011138916,5.752799987792969,6.428400039672852,7.095399856567383,7.753900051116943,8.404199600219727,9.046500205993652,9.680999755859375,10.307999610900879,10.92770004272461,11.540200233459473,12.14579963684082,12.744600296020508,13.336799621582031,13.922599792480469,14.501999855041504,15.075400352478027,15.642800331115723,16.20439910888672,16.76020050048828,17.31049919128418,17.85540008544922,18.395000457763672,18.929399490356445,19.45870018005371,19.98310089111328,20.502500534057617,21.01729965209961,21.527299880981445,22.032899856567383,22.533899307250977,23.03059959411621,23.522899627685547,24.01110076904297,24.495100021362305,24.975099563598633,25.451000213623047,25.923099517822266,26.391300201416016,26.85580062866211,27.316499710083008,27.77359962463379,28.22719955444336,28.677099227905273,29.123699188232422,29.56679916381836,30.006500244140625,30.442899703979492,30.875999450683594,31.305999755859375,31.73270034790039,32.15629959106445,32.57680130004883,32.994300842285156,33.40879821777344,33.8203010559082,34.22880172729492,34.634498596191406,35.037200927734375,35.437198638916016,35.83430099487305,36.22869873046875,36.62030029296875,37.00920104980469,37.39550018310547,37.77899932861328,38.1599006652832,38.53820037841797,38.91389846801758,39.28710174560547,39.65769958496094,40.025699615478516,40.391300201416016,40.75429916381836,41.114898681640625,41.47309875488281,41.828800201416016,42.182098388671875,42.53300094604492,42.881500244140625,43.22760009765625,43.5713996887207,43.91279983520508,44.25189971923828,44.58869934082031,44.92319869995117,45.25529861450195,45.585201263427734,45.912899017333984,46.23830032348633,46.5614013671875,46.882301330566406,47.20100021362305,47.517398834228516,47.83169937133789,48.143699645996094,48.4536018371582,48.76129913330078,49.06679916381836,49.37009811401367,49.67129898071289,49.970401763916016,50.26729965209961,50.562198638916016,50.854801177978516,51.14540100097656],