{"params":{"v0":35,"theta_deg":45},"models":{"level1":{"x":[0.0,0.6218000054359436,1.2437000274658203,1.8654999732971191,2.487299919128418,3.109100103378296,3.7309999465942383,4.352799892425537,4.974599838256836,5.596399784088135,6.218299865722656,6.840099811553955,7.461900234222412,8.083800315856934,8.705599784851074,9.327400207519531,9.949199676513672,10.571100234985352,11.192899703979492,11.81470012664795,12.436599731445312,13.05840015411377,13.68019962310791,14.302000045776367,14.92389965057373,15.545700073242188,16.167499542236328,16.7893009185791,17.41119956970215,18.033000946044922,18.654800415039062,19.27669906616211,19.898500442504883,20.520299911499023,21.142099380493164,21.763999938964844,22.385799407958984,23.007600784301758,23.6294002532959,24.251300811767578,24.87310028076172,25.49489974975586,26.11680030822754,26.73859977722168,27.36039924621582,27.982200622558594,28.60409927368164,29.225900650024414,29.847700119018555,30.469600677490234,31.091400146484375,31.713199615478516,32.334999084472656,32.95690155029297,33.57870101928711,34.20050048828125,34.82229995727539,35.44419860839844,36.066001892089844,36.687801361083984,37.30970001220703,37.93149948120117,38.55329895019531,39.17509841918945,39.797000885009766,40.418800354003906,41.04059982299805,41.66239929199219,42.2843017578125,42.90610122680664,43.52790069580078,44.14979934692383,44.77159881591797,45.39339828491211,46.015201568603516,46.63710021972656,47.2588996887207,47.880699157714844,48.502601623535156,49.1244010925293,49.74620056152344,50.36800003051758,50.989898681640625,51.611698150634766,52.23350143432617,52.85540008544922,53.47719955444336,54.0989990234375,54.72079849243164,55.34270095825195,55.964500427246094,56.586299896240234,57.208099365234375,57.83000183105469,58.45180130004883,59.07360076904297,59.69540023803711,60.317298889160156,60.9390983581543,61.5609016418457,62.18280029296875,62.80459976196289,63.42639923095703,64.04820251464844,64.67009735107422,65.29190063476562,65.9136962890625,66.53559875488281,67.15740203857422,67.7791976928711,68.4010009765625,69.02290344238281,69.64469909667969,70.2665023803711,70.88839721679688,71.51020050048828,72.13200378417969,72.75379943847656,73.37560272216797,73.99749755859375,74.61930084228516,75.24109649658203,75.86299896240234,76.48480224609375,77.10659790039062,77.72840118408203,78.35030364990234,78.97209930419922,79.59390258789062,80.2157974243164,80.83760070800781,81.45939636230469,82.0811996459961,82.7031021118164,83.32489776611328,83.94670104980469,84.568603515625,85.19039916992188,85.81220245361328,86.43399810791016,87.05590057373047,87.67769622802734,88.29949951171875,88.92130279541016,89.54319763183594,90.16500091552734,90.78679656982422,91.40869903564453,92.03050231933594,92.65229797363281,93.27410125732422,93.89600372314453,94.5177993774414,95.13960266113281,95.76139831542969,96.38330078125,97.00509643554688,97.62699890136719,98.2488021850586,98.87059783935547,99.49240112304688,100.11419677734375,100.73609924316406,101.35790252685547,101.97969818115234,102.60160064697266,103.22339630126953,103.84519958496094,104.46700286865234,105.08889770507812,105.71070098876953,106.3324966430664,106.95439910888672,107.57620239257812,108.197998046875,108.8198013305664,109.44170379638672,110.0634994506836,110.685302734375,111.30709838867188,111.92900085449219,112.55079650878906,113.17259979248047,113.79440307617188,114.41629791259766,115.03810119628906,115.65989685058594,116.28179931640625,116.90360260009766,117.52539825439453,118.14720153808594,118.76909637451172,119.39089965820312,120.01270294189453,120.63459777832031,121.25640106201172,121.8781967163086,122.5,123.12190246582031,123.74369812011719],"y":[0.0,0.6187000274658203,1.2312999963760376,1.8375999927520752,2.4377999305725098,3.0316998958587646,3.619499921798706,4.201099872589111,4.776400089263916,5.345600128173828,5.908599853515625,6.465400218963623,7.015999794006348,7.560400009155273,8.098699569702148,8.63070011138916,9.156499862670898,9.676199913024902,10.189599990844727,10.696900367736816,11.19789981842041,11.69279956817627,12.181500434875488,12.663999557495117,13.140299797058105,13.610400199890137,14.074299812316895,14.531999588012695,14.983499526977539,15.428799629211426,15.868000030517578,16.300899505615234,16.727699279785156,17.1481990814209,17.562599182128906,17.970699310302734,18.372699737548828,18.76849937438965,19.158100128173828,19.541500091552734,19.918699264526367,20.28969955444336,20.654499053955078,21.013099670410156,21.3656005859375,21.71179962158203,22.051799774169922,22.385700225830078,22.71339988708496,23.034799575805664,23.350099563598633,23.65920066833496,23.962099075317383,24.258699417114258,24.5492000579834,24.833599090576172,25.1117000579834,25.38360023498535,25.64929962158203,25.908899307250977,26.162200927734375,26.409400939941406,26.650299072265625,26.885099411010742,27.11359977722168,27.336000442504883,27.552200317382812,27.76219940185547,27.965999603271484,28.16360092163086,28.354999542236328,28.540199279785156,28.71929931640625,28.892099380493164,29.058700561523438,29.219200134277344,29.37339973449707,29.521499633789062,29.663400650024414,29.799100875854492,29.928499221801758,30.051799774169922,30.168899536132812,30.279800415039062,30.384599685668945,30.48310089111328,30.57539939880371,30.661500930786133,30.741500854492188,30.815200805664062,30.88279914855957,30.94409942626953,30.999300003051758,31.04829978942871,31.090999603271484,31.127599716186523,31.158000946044922,31.182199478149414,31.200199127197266,31.211999893188477,31.217599868774414,31.217100143432617,31.21030044555664,31.19729995727539,31.178199768066406,31.152799606323242,31.121299743652344,31.083599090576172,31.039600372314453,30.989500045776367,30.93320083618164,30.87070083618164,30.802000045776367,30.727100372314453,30.645999908447266,30.558799743652344,30.465299606323242,30.3656005859375,30.25979995727539,30.1476993560791,30.029499053955078,29.905099868774414,29.77440071105957,29.63759994506836,29.494600296020508,29.345399856567383,29.190000534057617,29.028400421142578,28.860599517822266,28.686599731445312,28.506500244140625,28.320100784301758,28.127599716186523,27.928800582885742,27.723899841308594,27.512800216674805,27.295400619506836,27.0718994140625,26.842199325561523,26.606300354003906,26.364200592041016,26.11590003967285,25.861499786376953,25.600799560546875,25.333900451660156,25.06089973449707,24.781600952148438,24.496200561523438,24.204500198364258,23.906700134277344,23.602699279785156,23.292499542236328,22.97599983215332,22.653400421142578,22.324600219726562,21.989700317382812,21.648500442504883,21.30109977722168,20.947500228881836,20.587799072265625,20.221799850463867,19.849700927734375,19.47130012512207,19.08679962158203,18.69610023498535,18.299100875854492,17.895999908447266,17.4867000579834,17.071199417114258,16.649499893188477,16.221599578857422,15.787500381469727,15.347299575805664,14.900799751281738,14.448100090026855,13.989299774169922,13.524200439453125,13.053000450134277,12.575599670410156,12.091899871826172,11.602100372314453,11.106100082397461,10.603899955749512,10.095499992370605,9.580900192260742,9.060099601745605,8.533100128173828,8.0,7.460599899291992,6.914999961853027,6.36329984664917,5.805300235748291,5.241199970245361,4.670899868011475,4.094399929046631,3.5116000175476074,2.9226999282836914,2.3276000022888184,1.7263000011444092,1.1188000440597534]},