{"params":{"v0":25,"theta_deg":65},"models":{"level1":{"x":[0.0,0.265500009059906,0.5309000015258789,0.7964000105857849,1.061900019645691,1.327299952507019,1.5928000211715698,1.858199954032898,2.123699903488159,2.38919997215271,2.654599905014038,2.920099973678589,3.1856000423431396,3.4509999752044678,3.7165000438690186,3.9820001125335693,4.247399806976318,4.512899875640869,4.778299808502197,5.043799877166748,5.309299945831299,5.574699878692627,5.840199947357178,6.1057000160217285,6.371099948883057,6.636600017547607,6.902100086212158,7.167500019073486,7.433000087738037,7.698400020599365,7.963900089263916,8.229399681091309,8.494799613952637,8.760299682617188,9.025799751281738,9.291199684143066,9.556699752807617,9.822199821472168,10.087599754333496,10.353099822998047,10.618499755859375,10.883999824523926,11.149499893188477,11.414899826049805,11.680399894714355,11.945899963378906,12.211299896240234,12.476799964904785,12.742300033569336,13.007699966430664,13.273200035095215,13.538599967956543,13.804100036621094,14.069600105285645,14.335000038146973,14.600500106811523,14.866000175476074,15.131400108337402,15.396900177001953,15.662400245666504,15.927800178527832,16.193300247192383,16.458799362182617,16.724199295043945,16.989700317382812,17.25510025024414,17.520599365234375,17.786100387573242,18.05150032043457,18.316999435424805,18.582500457763672,18.847900390625,19.113399505615234,19.3789005279541,19.64430046081543,19.909799575805664,20.175199508666992,20.44070053100586,20.706199645996094,20.971599578857422,21.23710060119629,21.502599716186523,21.76799964904785,22.03350067138672,22.298999786376953,22.56439971923828,22.82990074157715,23.095300674438477,23.36079978942871,23.626300811767578,23.891700744628906,24.15719985961914,24.422700881958008,24.688100814819336,24.95359992980957,25.219100952148438,25.484500885009766,25.75,26.015399932861328,26.280899047851562,26.54640007019043,26.811800003051758,27.077299118041992,27.34280014038086,27.608200073242188,27.873699188232422,28.13920021057129,28.404600143432617,28.67009925842285,28.93549919128418,29.201000213623047,29.46649932861328,29.73189926147461,29.997400283813477,30.26289939880371,30.52829933166504,30.793800354003906,31.05929946899414,31.32469940185547,31.590200424194336,31.85569953918457,32.12110137939453,32.386600494384766,32.652000427246094,32.91749954223633,33.18299865722656,33.44839859008789,33.71390151977539,33.979400634765625,34.24480056762695,34.51029968261719,34.77579879760742,35.04119873046875,35.30670166015625,35.57210159301758,35.83760070800781,36.10309982299805,36.368499755859375,36.63399887084961,36.89950180053711,37.16490173339844,37.43040084838867,37.69580078125,37.961299896240234,38.22679901123047,38.4921989440918,38.7577018737793,39.02320098876953,39.28860092163086,39.554100036621094,39.81959915161133,40.084999084472656,40.35049819946289,40.61600112915039,40.88140106201172,41.14690017700195,41.41230010986328,41.677799224853516,41.94329833984375,42.20869827270508,42.47420120239258,42.73970031738281,43.00510025024414,43.270599365234375,43.5359992980957,43.80149841308594,44.06700134277344,44.332401275634766,44.597900390625,44.863399505615234,45.12879943847656,45.3942985534668,45.6598014831543,45.925201416015625,46.19070053100586,46.456199645996094,46.72159957885742,46.987098693847656,47.252498626708984,47.518001556396484,47.78350067138672,48.04890060424805,48.31439971923828,48.579898834228516],"y":[0.0,0.5662000179290771,1.1261999607086182,1.6799999475479126,2.22760009765625,2.7690000534057617,3.30430006980896,3.8333001136779785,4.356100082397461,4.872799873352051,5.383200168609619,5.887499809265137,6.3856000900268555,6.877399921417236,7.363100051879883,7.842599868774414,8.315899848937988,8.782999992370605,9.243900299072266,9.698599815368652,10.147199630737305,10.589500427246094,11.02560043334961,11.455599784851074,11.879300117492676,12.296899795532227,12.70829963684082,13.11340045928955,13.512399673461914,13.905200004577637,14.291799545288086,14.672200202941895,15.04640007019043,15.414400100708008,15.776300430297852,16.131900787353516,16.481300354003906,16.824600219726562,17.16160011291504,17.49250030517578,17.817100524902344,18.13559913635254,18.447900772094727,18.753999710083008,19.05389976501465,19.34760093688965,19.635099411010742,19.916400909423828,20.191499710083008,20.460399627685547,20.72319984436035,20.979700088500977,21.229999542236328,21.474199295043945,21.712200164794922,21.943899154663086,22.16950035095215,22.388900756835938,22.602100372314453,22.809099197387695,23.009899139404297,23.204500198364258,23.392900466918945,23.57509994506836,23.75119972229004,23.92099952697754,24.0846004486084,24.24209976196289,24.393400192260742,24.538400650024414,24.67729949951172,24.809999465942383,24.936500549316406,25.056800842285156,25.170900344848633,25.278799057006836,25.38050079345703,25.47599983215332,25.565399169921875,25.648500442504883,25.725400924682617,25.796199798583984,25.860700607299805,25.919099807739258,25.97130012512207,26.01729965209961,26.05699920654297,26.090599060058594,26.118000030517578,26.13920021057129,26.154300689697266,26.16309928894043,26.165700912475586,26.162099838256836,26.15239906311035,26.13640022277832,26.114299774169922,26.085899353027344,26.05139923095703,26.010700225830078,25.96380043029785,25.910600662231445,25.851299285888672,25.78580093383789,25.714099884033203,25.63629913330078,25.552200317382812,25.46190071105957,25.36549949645996,25.262800216674805,25.15399932861328,25.03890037536621,24.917699813842773,24.790300369262695,24.656600952148438,24.516799926757812,24.370800018310547,24.218599319458008,24.060199737548828,23.895599365234375,23.724899291992188,23.54789924621582,23.364700317382812,23.175399780273438,22.979799270629883,22.778099060058594,22.570199966430664,22.356000900268555,22.135700225830078,21.90920066833496,21.67650032043457,21.437599182128906,21.1924991607666,20.941200256347656,20.683700561523438,20.42009925842285,20.15019989013672,19.87420082092285,19.591899871826172,19.303499221801758,19.008800506591797,18.70800018310547,18.400999069213867,18.087799072265625,17.768400192260742,17.442699432373047,17.111000061035156,16.773000717163086,16.428800582885742,16.078399658203125,15.72189998626709,15.359100341796875,14.990099906921387,14.614999771118164,14.233699798583984,13.846099853515625,13.452400207519531,13.052499771118164,12.646400451660156,12.234100341796875,11.815600395202637,11.390899658203125,10.960000038146973,10.522899627685547,10.07960033416748,9.630200386047363,9.174500465393066,8.712699890136719,8.244600296020508,7.770400047302246,7.289999961853027,6.803299903869629,6.310500144958496,5.811500072479248,5.306300163269043,4.794899940490723,4.277299880981445,3.7535998821258545,3.223599910736084,2.6874001026153564,2.1451001167297363,1.596500039100647,1.0418000221252441,0.48080000281333923]},