{"params":{"v0":35,"theta_deg":25},"models":{"level1":{"x":[0.0,0.796999990940094,1.593999981880188,2.3910000324249268,3.187999963760376,3.984999895095825,4.7820000648498535,5.578999996185303,6.375999927520752,7.172999858856201,7.96999979019165,8.767000198364258,9.56410026550293,10.361100196838379,11.158100128173828,11.955100059509277,12.752099990844727,13.549099922180176,14.346099853515625,15.143099784851074,15.940099716186523,16.73710060119629,17.534099578857422,18.331100463867188,19.12809944152832,19.925100326538086,20.72209930419922,21.519100189208984,22.316099166870117,23.113100051879883,23.91010093688965,24.70709991455078,25.504100799560547,26.30109977722168,27.09819984436035,27.895200729370117,28.69219970703125,29.489200592041016,30.28619956970215,31.083200454711914,31.880199432373047,32.67720031738281,33.47420120239258,34.27119827270508,35.068199157714844,35.86520004272461,36.662200927734375,37.45920181274414,38.25619888305664,39.053199768066406,39.85020065307617,40.64720153808594,41.44419860839844,42.2411994934082,43.03820037841797,43.835201263427734,44.632198333740234,45.42919921875,46.22629928588867,47.02330017089844,47.8203010559082,48.6172981262207,49.41429901123047,50.211299896240234,51.00830078125,51.805301666259766,52.602298736572266,53.39929962158203,54.1963005065918,54.99330139160156,55.79029846191406,56.58729934692383,57.384300231933594,58.18130111694336,58.97829818725586,59.775299072265625,60.57229995727539,61.369300842285156,62.16640090942383,62.963401794433594,63.760398864746094,64.55729675292969,65.35440063476562,66.15139770507812,66.94840240478516,67.74539947509766,68.54239654541016,69.33940124511719,70.13639831542969,70.93340301513672,71.73040008544922,72.52739715576172,73.32440185546875,74.12139892578125,74.91840362548828,75.71540069580078,76.51239776611328,77.30940246582031,78.10639953613281,78.90339660644531,79.70040130615234,80.49739837646484,81.29440307617188,82.09140014648438,82.88849639892578,83.68550109863281,84.48249816894531,85.27950286865234,86.07649993896484,86.87349700927734,87.67050170898438,88.46749877929688,89.2645034790039,90.0615005493164,90.8584976196289,91.65550231933594,92.45249938964844,93.24949645996094,94.04650115966797,94.84349822998047,95.6405029296875],"y":[0.0,0.3686000108718872,0.73089998960495,1.0871000289916992,1.4371000528335571,1.7807999849319458,2.1184000968933105,2.4498000144958496,2.7750000953674316,3.0940001010894775,3.4068000316619873,3.7135000228881836,4.013899803161621,4.30810022354126,4.596199989318848,4.877999782562256,5.15369987487793,5.423099994659424,5.686399936676025,5.94350004196167,6.194399833679199,6.4390997886657715,6.677599906921387,6.909900188446045,7.136000156402588,7.355899810791016,7.5696001052856445,7.777200222015381,7.978499889373779,8.173700332641602,8.362600326538086,8.54539966583252,8.72189998626709,8.89229965209961,9.056500434875488,9.214500427246094,9.366299629211426,9.511899948120117,9.651300430297852,9.784500122070312,9.911600112915039,10.032400131225586,10.147000312805176,10.255499839782715,10.35770034790039,10.453800201416016,10.543600082397461,10.627300262451172,10.70479965209961,10.776100158691406,10.84119987487793,10.900099754333496,10.952799797058105,10.999300003051758,11.039600372314453,11.073800086975098,11.101699829101562,11.12339973449707,11.138999938964844,11.148300170898438,11.15149974822998,11.148500442504883,11.139300346374512,11.123800277709961,11.10219955444336,11.074399948120117,11.040399551391602,11.000300407409668,10.953900337219238,10.901300430297852,10.842499732971191,10.777600288391113,10.706399917602539,10.62909984588623,10.545499801635742,10.45580005645752,10.35990047454834,10.257800102233887,10.149499893188477,10.03499984741211,9.914299964904785,9.787400245666504,9.65429973602295,9.515000343322754,9.369600296020508,9.217900276184082,9.0600004196167,8.895999908447266,8.725799560546875,8.549300193786621,8.366700172424316,8.177900314331055,7.982900142669678,7.781700134277344,7.5742998123168945,7.3607001304626465,7.140900135040283,6.914899826049805,6.682700157165527,6.444399833679199,6.19980001449585,5.949100017547607,5.6921000480651855,5.428999900817871,5.1596999168396,4.884099960327148,4.602399826049805,4.314499855041504,4.020400047302246,3.720099925994873,3.413599967956543,3.1008999347686768,2.782099962234497,2.4570000171661377,2.125699996948242,1.7883000373840332,1.444599986076355,1.0947999954223633,0.7387999892234802,0.3765999972820282,0.008100000210106373]},"level2":{"x":[0.0,0.7910000085830688,1.5702999830245972,2.3382999897003174,3.0952000617980957,3.841599941253662,4.577600002288818,5.303599834442139,6.019899845123291,6.726799964904785,7.424499988555908,8.113300323486328,8.793499946594238,9.465299606323242,10.128899574279785,10.784600257873535,11.432499885559082,12.072799682617188,12.70580005645752,13.331700325012207,13.950599670410156,14.562600135803223,15.168000221252441,15.767000198364258,16.359600067138672,16.945999145507812,17.526399612426758,18.100799560546875,18.66950035095215,19.23259925842285,19.79010009765625,20.342199325561523,20.888999938964844,21.430700302124023,21.967199325561523,22.49880027770996,23.02560043334961,23.547500610351562,24.064699172973633,24.57740020751953,25.085500717163086,25.58919906616211,26.088600158691406,26.58370018005371,27.074499130249023,27.56130027770996,28.04400062561035,28.5226993560791,28.997400283813477,29.468299865722656,29.935400009155273,30.398799896240234,30.858400344848633,31.31439971923828,31.76689910888672,32.21580123901367,32.66120147705078,33.10319900512695,33.54180145263672,33.97700119018555,34.409000396728516,34.83760070800781,35.263099670410156,35.68539810180664,36.10449981689453,36.52050018310547,36.93339920043945,37.343299865722656,37.750099182128906,38.15399932861328,38.55500030517578,38.952999114990234,39.34809875488281,39.740299224853516,40.12969970703125,40.516300201416016,40.90010070800781,41.28120040893555,41.65950012207031,42.03499984741211,42.407901763916016,42.778099060058594,43.145599365234375,43.510501861572266,43.872798919677734,44.23249816894531,44.589500427246094,44.94409942626953,45.29600143432617,45.64550018310547,45.992401123046875,46.33679962158203,46.6786994934082,47.0181999206543,47.355201721191406,47.689701080322266,48.02180099487305,48.351600646972656],