{"params":{"v0":15,"theta_deg":30},"models":{"level1":{"x":[0.0,0.3264000117778778,0.6528000235557556,0.979200005531311,1.3056000471115112,1.6319999694824219,1.958299994468689,2.2846999168395996,2.6110999584198,2.9375,3.2639000415802,3.5903000831604004,3.9166998863220215,4.243100166320801,4.569499969482422,4.895899772644043,5.222300052642822,5.548699855804443,5.875,6.201399803161621,6.5278000831604,6.8541998863220215,7.180600166320801,7.506999969482422,7.833399772644043,8.159799575805664,8.486200332641602,8.812600135803223,9.138999938964844,9.465399742126465,9.79170036315918,10.1181001663208,10.444499969482422,10.770899772644043,11.097299575805664,11.423700332641602,11.750100135803223,12.076499938964844,12.402899742126465,12.729299545288086,13.055700302124023,13.381999969482422,13.708399772644043,14.034799575805664,14.361200332641602,14.687600135803223,15.013999938964844,15.340399742126465,15.666799545288086,15.993200302124023,16.319599151611328,16.645999908447266,16.972400665283203,17.2987003326416,17.625099182128906,17.951499938964844,18.27790069580078,18.604299545288086,18.930700302124023,19.257099151611328,19.583499908447266],"y":[0.0,0.18529999256134033,0.3644999861717224,0.5375000238418579,0.704200029373169,0.864799976348877,1.0191999673843384,1.1674000024795532,1.309399962425232,1.445199966430664,1.5748000144958496,1.698199987411499,1.8154000043869019,1.9263999462127686,2.0313000679016113,2.1298999786376953,2.222399950027466,2.3085999488830566,2.388700008392334,2.462599992752075,2.5302000045776367,2.5917000770568848,2.6470000743865967,2.6960999965667725,2.739000082015991,2.775700092315674,2.806299924850464,2.8306000232696533,2.8487000465393066,2.8606998920440674,2.8664000034332275,2.865999937057495,2.859299898147583,2.8464999198913574,2.827500104904175,2.8022000789642334,2.7708001136779785,2.7332000732421875,2.6893999576568604,2.639400005340576,2.5833001136779785,2.520900011062622,2.4523000717163086,2.3775999546051025,2.296600103378296,2.2095000743865967,2.1161000728607178,2.0165998935699463,1.9108999967575073,1.7989000082015991,1.680799961090088,1.55649995803833,1.4259999990463257,1.2892999649047852,1.146399974822998,0.9973999857902527,0.8421000242233276,0.6805999875068665,0.5130000114440918,0.3391000032424927,0.1590999960899353]},"level2":{"x":[0.0,0.325300008058548,0.6485999822616577,0.9697999954223633,1.2890000343322754,1.6062999963760376,1.9215999841690063,2.235100030899048,2.5467000007629395,2.8564999103546143,3.164599895477295,3.4707999229431152,3.775399923324585,4.0782999992370605,4.379499912261963,4.679100036621094,4.977099895477295,5.273600101470947,5.568399906158447,5.861800193786621,6.153600215911865,6.443999767303467,6.732900142669678,7.020299911499023,7.306300163269043,7.59089994430542,7.874100208282471,8.155900001525879,8.436400413513184,8.715499877929688,8.993200302124023,9.269700050354004,9.5447998046875,9.818599700927734,10.091099739074707,10.362299919128418,10.63230037689209,10.901000022888184,11.168399810791016,11.434499740600586,11.699399948120117,11.963000297546387,12.2253999710083,12.486599922180176,12.746500015258789,13.00510025024414,13.26259994506836,13.518799781799316,13.773699760437012,14.02750015258789,14.279999732971191,14.531200408935547,14.781299591064453,15.030099868774414,15.277700424194336,15.52400016784668,15.769100189208984,16.01300048828125],"y":[0.0,0.18469999730587006,0.3621000051498413,0.5321999788284302,0.6951000094413757,0.8507999777793884,0.9994000196456909,1.1409000158309937,1.2754000425338745,1.402899980545044,1.5235999822616577,1.6374000310897827,1.7443000078201294,1.844499945640564,1.937999963760376,2.0248000621795654,2.1050000190734863,2.178499937057495,2.245500087738037,2.305999994277954,2.359999895095825,2.4075000286102295,2.4486000537872314,2.4834001064300537,2.5118000507354736,2.533799886703491,2.5495998859405518,2.5590999126434326,2.5624001026153564,2.559499979019165,2.55049991607666,2.5353000164031982,2.5139999389648438,2.486599922180176,2.4530999660491943,2.4137001037597656,2.368299961090088,2.3169000148773193,2.259500026702881,2.1963000297546387,2.1270999908447266,2.0522000789642334,1.9714000225067139,1.8847999572753906,1.7924000024795532,1.6943000555038452,1.590499997138977,1.4809999465942383,1.3658000230789185,1.2451000213623047,1.1187000274658203,0.9868000149726868,0.8493000268936157,0.7063999772071838,0.5580000281333923,0.4041000008583069,0.24480000138282776,0.08020000159740448]},"level3":{"x":[0.0,0.325300008058548,0.6484000086784363,0.9692999720573425,1.288100004196167,1.6049000024795532,1.919700026512146,2.2325000762939453,2.543299913406372,2.852299928665161,3.1594998836517334,3.4647998809814453,3.7683000564575195,4.070099830627441,4.370200157165527,4.668600082397461,4.965400218963623,5.260499954223633,5.553999900817871,5.8460001945495605,6.136499881744385,6.4253997802734375,6.712900161743164,6.998899936676025,7.283400058746338,7.5665998458862305,7.848299980163574,8.128700256347656,8.407699584960938,8.68529987335205,8.961700439453125,9.236700057983398,9.51039981842041,9.782899856567383,10.054100036621094,10.324000358581543,10.592700004577637,10.860099792480469,11.126399993896484,11.391400337219238,11.655200004577637,11.917900085449219,12.179300308227539,12.439599990844727,12.698699951171875,12.956600189208984,13.213399887084961,13.469099998474121,13.72350025177002,13.976900100708008,14.229100227355957,14.48009967803955,14.729999542236328,14.978799819946289,15.226499557495117,15.472999572753906,15.718400001525879,15.962699890136719,16.205799102783203,16.447900772094727],"y":[0.0,0.18479999899864197,0.36250001192092896,0.5331000089645386,0.6966999769210815,0.8532999753952026,1.003000020980835,1.145799994468689,1.2818000316619873,1.4110000133514404,1.5334999561309814,1.6492999792099,1.7584999799728394,1.8610999584197998,1.9571000337600708,2.0467000007629395,2.129699945449829,2.206399917602539,2.276599884033203,2.3405001163482666,2.398099899291992,2.449399948120117,2.4944000244140625,2.5332000255584717,2.5659000873565674,2.5922999382019043,2.6126999855041504,2.6268999576568604,2.6350998878479004,2.637200117111206,2.6333000659942627,2.6233999729156494,2.607599973678589,2.5857999324798584,2.558199882507324,2.524600028991699,2.4851999282836914,2.440000057220459,2.3889999389648438,2.332200050354004,2.2695999145507812,2.2014000415802,2.1273999214172363,2.047800064086914,1.962499976158142,1.8716000318527222,1.7752000093460083,1.6730999946594238,1.565600037574768,1.4524999856948853,1.3339999914169312,1.2100000381469727,1.0806000232696533,0.9458000063896179,0.8055999875068665,0.660099983215332,0.5092999935150146,0.353300005197525,0.19189999997615814,0.02539999969303608]}}}