{"params":{"v0":10,"theta_deg":30},"models":{"level1":{"x":[0.0,0.2176000028848648,0.4352000057697296,0.6528000235557556,0.8704000115394592,1.0880000591278076,1.3056000471115112,1.5232000350952148,1.7408000230789185,1.958299994468689,2.1758999824523926,2.3935000896453857,2.6110999584198,2.828700065612793,3.046299934387207,3.2639000415802,3.4814999103546143,3.6991000175476074,3.9166998863220215,4.134300231933594,4.351900100708008,4.569499969482422,4.787099838256836,5.004700183868408,5.222300052642822,5.439899921417236,5.65749979019165,5.875,6.092599868774414,6.310200214385986,6.5278000831604,6.7453999519348145,6.9629998207092285,7.180600166320801,7.398200035095215,7.615799903869629,7.833399772644043,8.050999641418457,8.268600463867188,8.486200332641602,8.703800201416016],"y":[0.0,0.12250000238418579,0.23890000581741333,0.3490000069141388,0.453000009059906,0.5507000088691711,0.642300009727478,0.7276999950408936,0.8068000078201294,0.879800021648407,0.9466000199317932,1.007200002670288,1.0615999698638916,1.1098999977111816,1.151900053024292,1.1877000331878662,1.2173000574111938,1.2408000230789185,1.2580000162124634,1.2690999507904053,1.2740000486373901,1.2726000547409058,1.2651000022888184,1.2513999938964844,1.2315000295639038,1.205399990081787,1.1730999946594238,1.134600043296814,1.089900016784668,1.0390000343322754,0.9819999933242798,0.9186999797821045,0.8493000268936157,0.7735999822616577,0.6917999982833862,0.6037999987602234,0.5095000267028809,0.4090999960899353,0.30250000953674316,0.18970000743865967,0.07069999724626541]},"level2":{"x":[0.0,0.21709999442100525,0.4332999885082245,0.6485999822616577,0.8629999756813049,1.0765999555587769,1.289199948310852,1.501099944114685,1.7121000289916992,1.9222999811172485,2.131700038909912,2.3403000831604004,2.5481998920440674,2.755199909210205,2.9616000652313232,3.1672000885009766,3.371999979019165,3.5761001110076904,3.7795000076293945,3.9821999073028564,4.184199810028076,4.385499954223633,4.586100101470947,4.785999774932861,4.985199928283691,5.183700084686279,5.381499767303467,5.57859992980957,5.775100231170654,5.970799922943115,6.165900230407715,6.360300064086914,6.553999900817871,6.747000217437744,6.939300060272217,7.130899906158447,7.321800231933594,7.511899948120117,7.701399803161621,7.890200138092041],"y":[0.0,0.12229999899864197,0.2378000020980835,0.3467000126838684,0.4490000009536743,0.544700026512146,0.6338000297546387,0.7164000272750854,0.7924000024795532,0.8619999885559082,0.9251999855041504,0.9818999767303467,1.0322999954223633,1.076300024986267,1.1138999462127686,1.1452000141143799,1.170199990272522,1.1890000104904175,1.2015000581741333,1.207800030708313,1.207900047302246,1.20169997215271,1.1894999742507935,1.1711000204086304,1.1464999914169312,1.1159000396728516,1.079200029373169,1.0364999771118164,0.9876999855041504,0.9329000115394592,0.8720999956130981,0.8052999973297119,0.7325999736785889,0.6539999842643738,0.5695000290870667,0.47909998893737793,0.3828999996185303,0.2808000147342682,0.1729000061750412,0.059300001710653305]},"level3":{"x":[0.0,0.21709999442100525,0.43320000171661377,0.6482999920845032,0.8623999953269958,1.075700044631958,1.2879999876022339,1.499400019645691,1.7099000215530396,1.919600009918213,2.128499984741211,2.3364999294281006,2.5436999797821045,2.7500998973846436,2.9558000564575195,3.1607000827789307,3.364799976348877,3.56820011138916,3.770900011062622,3.972899913787842,4.174099922180176,4.37470006942749,4.5746002197265625,4.773799896240234,4.972300052642822,5.170100212097168,5.367300033569336,5.563799858093262,5.759699821472168,5.954899787902832,6.149499893188477,6.343400001525879,6.5366997718811035,6.729400157928467,6.92140007019043,7.112800121307373,7.303500175476074,7.493599891662598,7.683000087738037,7.871799945831299,8.0600004196167],"y":[0.0,0.12229999899864197,0.23810000717639923,0.3472999930381775,0.45010000467300415,0.5464000105857849,0.6362000107765198,0.7196999788284302,0.7967000007629395,0.8675000071525574,0.9319000244140625,0.9900000095367432,1.0419000387191772,1.087499976158142,1.1268999576568604,1.160099983215332,1.1871000528335571,1.2079999446868896,1.2226999998092651,1.2314000129699707,1.2338999509811401,1.2303999662399292,1.220900058746338,1.205299973487854,1.1836999654769897,1.1562000513076782,1.1226999759674072,1.0831999778747559,1.0377999544143677,0.9865000247955322,0.9294000267982483,0.8664000034332275,0.7975000143051147,0.7228000164031982,0.642300009727478,0.5561000108718872,0.4641000032424927,0.36640000343322754,0.2630000114440918,0.15389999747276306,0.03920000046491623]}}}