{"params":{"v0":15,"theta_deg":45},"models":{"level1":{"x":[0.0,0.26649999618530273,0.5329999923706055,0.7994999885559082,1.065999984741211,1.3324999809265137,1.5989999771118164,1.8654999732971191,2.131999969482422,2.3984999656677246,2.6649999618530273,2.93149995803833,3.197999954223633,3.4644999504089355,3.7309999465942383,3.997499942779541,4.263999938964844,4.5304999351501465,4.796999931335449,5.063499927520752,5.329999923706055,5.596399784088135,5.8628997802734375,6.12939977645874,6.395899772644043,6.662399768829346,6.928899765014648,7.195400238037109,7.461900234222412,7.728400230407715,7.994900226593018,8.26140022277832,8.527899742126465,8.794400215148926,9.06089973449707,9.327400207519531,9.593899726867676,9.860400199890137,10.126899719238281,10.393400192260742,10.659899711608887,10.926400184631348,11.192899703979492,11.459400177001953,11.725899696350098,11.992400169372559,12.258899688720703,12.525400161743164,12.791899681091309,13.05840015411377,13.324899673461914,13.591400146484375,13.85789966583252,14.12440013885498,14.390899658203125,14.657400131225586,14.92389965057373,15.190400123596191,15.456899642944336,15.723400115966797,15.989800453186035,16.25629997253418,16.52280044555664,16.7893009185791,17.05579948425293,17.32229995727539,17.58880043029785,17.855300903320312,18.12179946899414,18.3882999420166,18.654800415039062,18.921300888061523,19.18779945373535,19.454299926757812,19.720800399780273,19.987300872802734,20.253799438476562,20.520299911499023,20.786800384521484,21.053300857543945,21.319799423217773,21.586299896240234,21.852800369262695,22.119300842285156,22.385799407958984,22.652299880981445,22.918800354003906],"y":[0.0,0.26339998841285706,0.5206000208854675,0.7716000080108643,1.0163999795913696,1.2551000118255615,1.4874999523162842,1.7137999534606934,1.9337999820709229,2.147700071334839,2.355299949645996,2.55679988861084,2.7520999908447266,2.941200017929077,3.124000072479248,3.3006999492645264,3.471299886703491,3.6356000900268555,3.7936999797821045,3.9456000328063965,4.091300010681152,4.230899810791016,4.364200115203857,4.491399765014648,4.612400054931641,4.727099895477295,4.835700035095215,4.9380998611450195,5.034299850463867,5.124300003051758,5.208099842071533,5.285699844360352,5.357100009918213,5.422299861907959,5.481400012969971,5.534200191497803,5.5808000564575195,5.621300220489502,5.6554999351501465,5.683599948883057,5.70550012588501,5.721199989318848,5.730599880218506,5.73390007019043,5.730999946594238,5.72189998626709,5.706699848175049,5.685200214385986,5.65749979019165,5.623600006103516,5.583600044250488,5.537300109863281,5.484899997711182,5.426300048828125,5.361400127410889,5.29040002822876,5.213200092315674,5.129799842834473,5.040200233459473,4.944399833679199,4.842400074005127,4.7342000007629395,4.619800090789795,4.499300003051758,4.372499942779541,4.23960018157959,4.100399971008301,3.9551000595092773,3.803499937057495,3.6458001136779785,3.4818999767303467,3.311800003051758,3.135499954223633,2.953000068664551,2.7643001079559326,2.5694000720977783,2.368299961090088,2.161099910736084,1.94760000705719,1.7280000448226929,1.5020999908447266,1.2700999975204468,1.0318000316619873,0.7874000072479248,0.5368000268936157,0.2800000011920929,0.017000000923871994]},"level2":{"x":[0.0,0.2655999958515167,0.5296000242233276,0.7918999791145325,1.0525000095367432,1.3116999864578247,1.569200038909912,1.8252999782562256,2.079900026321411,2.3329999446868896,2.5848000049591064,2.835200071334839,3.0843000411987305,3.3320000171661377,3.5785000324249268,3.823699951171875,4.067699909210205,4.310500144958496,4.55210018157959,4.792600154876709,5.031899929046631,5.270199775695801,5.507299900054932,5.7434000968933105,5.978499889373779,6.212500095367432,6.445499897003174,6.677499771118164,6.908599853515625,7.138700008392334,7.367800235748291,7.596099853515625,7.823400020599365,8.049799919128418,8.275300025939941,8.499899864196777,8.723699569702148,8.946599960327148,9.168600082397461,9.389800071716309,9.610099792480469,9.82960033416748,10.048299789428711,10.26609992980957,10.483200073242188,10.699399948120117,10.914799690246582,11.129300117492676,11.343099594116211,11.555999755859375,11.768199920654297,11.979499816894531,12.1899995803833,12.399700164794922,12.608499526977539,12.81659984588623,13.023799896240234,13.230199813842773,13.435799598693848,13.64050006866455,13.844400405883789,14.047499656677246,14.249699592590332,14.45110034942627,14.651599884033203,14.851200103759766,15.050000190734863,15.247900009155273,15.444899559020996,15.64109992980957,15.836299896240234,16.03070068359375,16.224199295043945,16.41670036315918,16.608299255371094,16.799100875854492,16.988800048828125,17.17770004272461,17.3656005859375,17.552600860595703],"y":[0.0,0.26249998807907104,0.5171999931335449,0.76419997215271,1.0033999681472778,1.2350000143051147,1.4591000080108643,1.6756999492645264,1.8848999738693237,2.086699962615967,2.2811999320983887,2.4684998989105225,2.6486001014709473,2.8215999603271484,2.987499952316284,3.146399974822998,3.2983999252319336,3.4433999061584473,3.5815000534057617,3.7128000259399414,3.8373000621795654,3.9551000595092773,4.066100120544434,4.170400142669678,4.268199920654297,4.359300136566162,4.44379997253418,4.5218000411987305,4.593299865722656,4.658299922943115,4.716899871826172,4.769000053405762,4.814799785614014,4.8541998863220215,4.887199878692627,4.914000034332275,4.9344000816345215,4.948599815368652,4.956600189208984,4.958399772644043,4.95389986038208,4.943299770355225,4.926599979400635,4.90369987487793,4.874800205230713,4.839799880981445,4.798699855804443,4.7515997886657715,4.698500156402588,4.639400005340576,4.574399948120117,4.503399848937988,4.426499843597412,4.343800067901611,4.255199909210205,4.160699844360352,4.060500144958496,3.954400062561035,3.842600107192993,3.725100040435791,3.601900100708008,3.4730000495910645,3.3385000228881836,3.1982998847961426,3.0525999069213867,2.9012999534606934,2.744499921798706,2.582200050354004,2.4144999980926514,2.241300106048584,2.062700033187866,1.8788000345230103,1.6894999742507935,1.4950000047683716,1.295199990272522,1.0901000499725342,0.8798999786376953,0.6646000146865845,0.4440999925136566,0.21860000491142273]},"level3":{"x":[0.0,0.2655999958515167,0.5292999744415283,0.791100025177002,1.051300048828125,1.3097000122070312,1.5664000511169434,1.8214999437332153,2.075000047683716,2.326900005340576,2.5773000717163086,2.8262999057769775,3.0738000869750977,3.3199000358581543,3.5645999908447266,3.8078999519348145,4.050000190734863,4.2906999588012695,4.530200004577637,4.768499851226807,5.0055999755859375,5.241499900817871,5.47629976272583,5.70989990234375,5.942500114440918,6.173999786376953,6.404399871826172,6.633800029754639,6.862199783325195,7.089700222015381,7.316100120544434,7.541600227355957,7.766200065612793,7.989799976348877,8.212599754333496,8.434399604797363,8.655400276184082,8.875499725341797,9.094799995422363,9.313300132751465,9.530900001525879,9.747699737548828,9.963700294494629,10.178899765014648,10.39330005645752,10.607000350952148,10.81980037689209,11.031900405883789,11.243300437927246,11.453900337219238,11.663700103759766,11.872699737548828,12.081100463867188,12.288599967956543,12.495499610900879,12.701600074768066,12.906900405883789,13.111499786376953,13.315400123596191,13.518500328063965,13.72089958190918,13.922499656677246,14.12339973449707,14.323599815368652,14.52299976348877,14.721599578857422,14.919500350952148,15.116700172424316,15.31309986114502,15.508700370788574,15.70359992980957,15.897700309753418,16.090999603271484,16.283599853515625,16.475400924682617,16.666400909423828,16.856599807739258,17.046100616455078,17.234699249267578,17.42259979248047,17.609699249267578,17.795900344848633],