{"params":{"v0":10,"theta_deg":20},"models":{"level1":{"x":[0.0,0.2361000031232834,0.4722000062465668,0.708299994468689,0.9444000124931335,1.1805000305175781,1.416599988937378,1.6526999473571777,1.888800024986267,2.1249001026153564,2.3610000610351562,2.597100019454956,2.833199977874756,3.0692999362945557,3.305500030517578,3.541599988937378,3.7776999473571777,4.013800144195557,4.249899864196777,4.486000061035156,4.722099781036377,4.958199977874756,5.194300174713135,5.4303998947143555,5.666500091552734,5.902599811553955,6.138700008392334,6.374800205230713],"y":[0.0,0.0828000009059906,0.15950000286102295,0.22990000247955322,0.29420000314712524,0.3522999882698059,0.4041000008583069,0.4498000144958496,0.489300012588501,0.522599995136261,0.5497000217437744,0.5705999732017517,0.5853000283241272,0.5938000082969666,0.5961999893188477,0.5922999978065491,0.5821999907493591,0.5659999847412109,0.5436000227928162,0.5149000287055969,0.48010000586509705,0.4390999972820282,0.3919000029563904,0.3384000062942505,0.27880001068115234,0.21299999952316284,0.14110000431537628,0.06289999932050705]},"level2":{"x":[0.0,0.23559999465942383,0.4702000021934509,0.7038000226020813,0.9363999962806702,1.1679999828338623,1.398800015449524,1.628499984741211,1.8573999404907227,2.0852999687194824,2.3124001026153564,2.5385000705718994,2.7637999057769775,2.9881999492645264,3.211699962615967,3.434299945831299,3.6561999320983887,3.8770999908447266,4.0971999168396,4.316500186920166,4.534900188446045,4.752600193023682,4.969299793243408,5.185299873352051,5.400400161743164,5.61460018157959,5.828100204467773,6.0406999588012695],"y":[0.0,0.08269999921321869,0.15880000591278076,0.22840000689029694,0.29159998893737793,0.3483000099658966,0.3986000120639801,0.4424999952316284,0.47999998927116394,0.5113000273704529,0.5361999869346619,0.5547999739646912,0.5672000050544739,0.5734000205993652,0.5733000040054321,0.5670999884605408,0.5547000169754028,0.5361999869346619,0.5116000175476074,0.48080000281333923,0.4440999925136566,0.40130001306533813,0.352400004863739,0.29760000109672546,0.23680000007152557,0.17000000178813934,0.09740000218153,0.018799999728798866]},"level3":{"x":[0.0,0.23559999465942383,0.4700999855995178,0.703499972820282,0.9359999895095825,1.1675000190734863,1.3978999853134155,1.6274000406265259,1.8559999465942383,2.0836000442504883,2.31030011177063,2.5362000465393066,2.7611000537872314,2.985100030899048,3.2083001136779785,3.4305999279022217,3.652100086212158,3.8726999759674072,4.09250020980835,4.311500072479248,4.529600143432617,4.747000217437744,4.963600158691406,5.179299831390381,5.3942999839782715,5.608500003814697,5.821899890899658,6.0345001220703125],"y":[0.0,0.08269999921321869,0.1590999960899353,0.22910000383853912,0.29269999265670776,0.35010001063346863,0.40119999647140503,0.44609999656677246,0.4846999943256378,0.5170999765396118,0.54339998960495,0.5636000037193298,0.5776000022888184,0.5855000019073486,0.5874000191688538,0.5831999778747559,0.5730000138282776,0.5568000078201294,0.534600019454956,0.5063999891281128,0.4722999930381775,0.43230000138282776,0.3864000141620636,0.33469998836517334,0.27709999680519104,0.21359999477863312,0.1444000005722046,0.06939999759197235]}}}