{"params":{"v0":15,"theta_deg":20},"models":{"level1":{"x":[0.0,0.35420000553131104,0.708299994468689,1.0625,1.416599988937378,1.770799994468689,2.1249001026153564,2.479099988937378,2.833199977874756,3.1874001026153564,3.541599988937378,3.895699977874756,4.249899864196777,4.604000091552734,4.958199977874756,5.312300205230713,5.666500091552734,6.020599842071533,6.374800205230713,6.729000091552734,7.083099842071533,7.437300205230713,7.791399955749512,8.145600318908691,8.499699592590332,8.853899955749512,9.208000183105469,9.562199592590332,9.916399955749512,10.270500183105469,10.624699592590332,10.978799819946289,11.333000183105469,11.687100410461426,12.041299819946289,12.395400047302246,12.749600410461426,13.103799819946289,13.457900047302246,13.812100410461426,14.166199684143066,14.520400047302246],"y":[0.0,0.1257999986410141,0.24539999663829803,0.3587999939918518,0.4661000072956085,0.5670999884605408,0.661899983882904,0.7505999803543091,0.8330000042915344,0.9093000292778015,0.9793999791145325,1.0432000160217285,1.1009000539779663,1.152400016784668,1.197700023651123,1.236799955368042,1.269700050354004,1.2963999509811401,1.3170000314712524,1.3313000202178955,1.339400053024292,1.3414000272750854,1.3371000289916992,1.32669997215271,1.3100999593734741,1.2871999740600586,1.2582000494003296,1.2230000495910645,1.1815999746322632,1.1339999437332153,1.080199956893921,1.0202000141143799,0.9539999961853027,0.8816999793052673,0.8030999898910522,0.7182999849319458,0.6273999810218811,0.5303000211715698,0.4268999993801117,0.3174000084400177,0.20170000195503235,0.07970000058412552]},"level2":{"x":[0.0,0.3529999852180481,0.7038000226020813,1.052299976348877,1.3985999822616577,1.742799997329712,2.08489990234375,2.4249000549316406,2.7629001140594482,3.09879994392395,3.432800054550171,3.7648000717163086,4.094900131225586,4.423099994659424,4.749499797821045,5.073999881744385,5.396699905395508,5.717599868774414,6.0366997718811035,6.354100227355957,6.6697998046875,6.983699798583984,7.295899868011475,7.606500148773193,7.91540002822876,8.222700119018555,8.528300285339355,8.832300186157227,9.134699821472168,9.435500144958496,9.734700202941895,10.032400131225586,10.328499794006348,10.623000144958496,10.916000366210938,11.20740032196045,11.497300148010254,11.785699844360352,12.072600364685059,12.357999801635742],"y":[0.0,0.12540000677108765,0.24379999935626984,0.35530000925064087,0.45989999175071716,0.557699978351593,0.6488000154495239,0.7329999804496765,0.810699999332428,0.881600022315979,0.9459999799728394,1.0039000511169434,1.0551999807357788,1.100100040435791,1.1384999752044678,1.1705000400543213,1.1962000131607056,1.2156000137329102,1.228700041770935,1.2354999780654907,1.2360999584197998,1.2304999828338623,1.2187999486923218,1.2009999752044678,1.1770999431610107,1.1471999883651733,1.111199975013733,1.069200038909912,1.021299958229065,0.9674999713897705,0.907800018787384,0.842199981212616,0.770799994468689,0.6934999823570251,0.6104999780654907,0.5217999815940857,0.42739999294281006,0.3271999955177307,0.2214999943971634,0.11010000109672546]},"level3":{"x":[0.0,0.3529999852180481,0.7035999894142151,1.051900029182434,1.3980000019073486,1.7418999671936035,2.0836000442504883,2.4231998920440674,2.760699987411499,3.096100091934204,3.429500102996826,3.7609000205993652,4.090400218963623,4.418000221252441,4.74370002746582,5.067500114440918,5.389500141143799,5.70959997177124,6.0279998779296875,6.344699859619141,6.659599781036377,6.972799777984619,7.28439998626709,7.594200134277344,7.902500152587891,8.209099769592285,8.514100074768066,8.817500114440918,9.11929988861084,9.419599533081055,9.718400001525879,10.015600204467773,10.311300277709961,10.605500221252441,10.898200035095215,11.189499855041504,11.479299545288086,11.767600059509277,12.054499626159668,12.339900016784668,12.623900413513184,12.906499862670898],"y":[0.0,0.12549999356269836,0.2442999929189682,0.3562999963760376,0.4616999924182892,0.5605000257492065,0.6527000069618225,0.7383999824523926,0.8176000118255615,0.8903999924659729,0.9567999839782715,1.016800045967102,1.0705000162124634,1.1180000305175781,1.1591999530792236,1.194200038909912,1.223099946975708,1.2458000183105469,1.2624000310897827,1.2728999853134155,1.277400016784668,1.2759000062942505,1.268399953842163,1.2549999952316284,1.235700011253357,1.2105000019073486,1.1794999837875366,1.1426000595092773,1.0999000072479248,1.0514999628067017,0.9973999857902527,0.9375,0.8719000220298767,0.8007000088691711,0.7239000201225281,0.6414999961853027,0.553600013256073,0.460099995136261,0.3610000014305115,0.2565999925136566,0.14659999310970306,0.031300000846385956]}}}