{"params":{"v0":15,"theta_deg":40},"models":{"level1":{"x":[0.0,0.28870001435279846,0.5774000287055969,0.866100013256073,1.1548000574111938,1.443600058555603,1.732300043106079,2.0209999084472656,2.3097000122070312,2.598400115966797,2.8870999813079834,3.175800085067749,3.4644999504089355,3.753200054168701,4.041900157928467,4.330699920654297,4.6194000244140625,4.908100128173828,5.196800231933594,5.485499858856201,5.774199962615967,6.062900066375732,6.351600170135498,6.6402997970581055,6.928999900817871,7.217800140380859,7.506499767303467,7.795199871063232,8.083900451660156,8.372599601745605,8.661299705505371,8.949999809265137,9.238699913024902,9.527400016784668,9.816100120544434,10.104900360107422,10.393600463867188,10.682299613952637,10.970999717712402,11.259699821472168,11.548399925231934,11.8371000289917,12.125800132751465,12.41450023651123,12.703200340270996,12.991999626159668,13.280699729919434,13.5693998336792,13.858099937438965,14.14680004119873,14.435500144958496,14.724200248718262,15.012900352478027,15.301600456237793,15.590399742126465,15.87909984588623,16.167800903320312,16.456499099731445,16.74519920349121,17.033899307250977,17.322599411010742,17.611299514770508,17.899999618530273,18.18869972229004,18.477500915527344,18.766199111938477,19.054899215698242,19.343599319458008,19.632299423217773,19.92099952697754,20.209699630737305,20.49839973449707,20.787099838256836,21.0757999420166,21.364599227905273,21.65329933166504,21.941999435424805,22.23069953918457,22.519399642944336],"y":[0.0,0.23919999599456787,0.47209998965263367,0.6988999843597412,0.9194999933242798,1.1339000463485718,1.3421000242233276,1.544100046157837,1.73989999294281,1.9294999837875366,2.1129000186920166,2.29010009765625,2.461199998855591,2.625999927520752,2.7846999168395996,2.9370999336242676,3.083400011062622,3.2235000133514404,3.3573999404907227,3.484999895095825,3.6064999103546143,3.7218000888824463,3.830899953842163,3.933799982070923,4.030600070953369,4.121099948883057,4.205399990081787,4.283599853515625,4.355500221252441,4.421299934387207,4.480800151824951,4.534200191497803,4.581399917602539,4.622399806976318,4.657199859619141,4.685800075531006,4.708199977874756,4.724400043487549,4.734399795532227,4.7382001876831055,4.735799789428711,4.72730016708374,4.712500095367432,4.6915998458862305,4.664400100708008,4.631100177764893,4.591599941253662,4.545899868011475,4.49399995803833,4.435800075531006,4.371500015258789,4.30109977722168,4.224400043487549,4.141499996185303,4.0524001121521,3.957200050354004,3.8557000160217285,3.747999906539917,3.634200096130371,3.51419997215271,3.3879001140594482,3.255500078201294,3.1168999671936035,2.972100019454956,2.8210999965667725,2.6638998985290527,2.500499963760376,2.330899953842163,2.1552000045776367,1.9731999635696411,1.784999966621399,1.5907000303268433,1.3901000022888184,1.18340003490448,0.9704999923706055,0.7513999938964844,0.5260000228881836,0.2944999933242798,0.0568000003695488]},"level2":{"x":[0.0,0.28780001401901245,0.5737000107765198,0.8579000234603882,1.1403000354766846,1.4208999872207642,1.6999000310897827,1.9773000478744507,2.2530999183654785,2.5272998809814453,2.7999000549316406,3.0710999965667725,3.3408000469207764,3.6089999675750732,3.8759000301361084,4.141300201416016,4.405399799346924,4.6682000160217285,4.929699897766113,5.189799785614014,5.448800086975098,5.706500053405762,5.962900161743164,6.218200206756592,6.472300052642822,6.725299835205078,6.977099895477295,7.227799892425537,7.477399826049805,7.725900173187256,7.973299980163574,8.21969985961914,8.46500015258789,8.70930004119873,8.952500343322754,9.194700241088867,9.435999870300293,9.676199913024902,9.915399551391602,10.153599739074707,10.390899658203125,10.627099990844727,10.86240005493164,11.096799850463867,11.3302001953125,11.562600135803223,11.793999671936035,12.024499893188477,12.25409984588623,12.48270034790039,12.71030044555664,12.937000274658203,13.162699699401855,13.387499809265137,13.611300468444824,13.834099769592285,14.055999755859375,14.276900291442871,14.496899604797363,14.715800285339355,14.933799743652344,15.150799751281738,15.366900444030762,15.581899642944336,15.795999526977539,16.009000778198242,16.221099853515625,16.432100296020508,16.642099380493164,16.85110092163086,17.059099197387695,17.266000747680664,17.472000122070312,17.67690086364746],"y":[0.0,0.23839999735355377,0.4690999984741211,0.6920999884605408,0.9077000021934509,1.1157000064849854,1.3163000345230103,1.509600043296814,1.6956000328063965,1.8743000030517578,2.0459001064300537,2.2102999687194824,2.3677000999450684,2.5179998874664307,2.661400079727173,2.7978999614715576,2.927500009536743,3.050299882888794,3.166300058364868,3.2755000591278076,3.378000020980835,3.473900079727173,3.5631000995635986,3.645699977874756,3.7218000888824463,3.7913999557495117,3.8543999195098877,3.9110000133514404,3.961199998855591,4.005000114440918,4.042399883270264,4.073500156402588,4.098199844360352,4.116700172424316,4.128900051116943,4.134900093078613,4.1346001625061035,4.128200054168701,4.115699768066406,4.0970001220703125,4.072199821472168,4.041299819946289,4.00439977645874,3.961400032043457,3.9124999046325684,3.857599973678589,3.7967000007629395,3.7298998832702637,3.657099962234497,3.5785000324249268,3.4941000938415527,3.4038000106811523,3.3076999187469482,3.205899953842163,3.098299980163574,2.984999895095825,2.865999937057495,2.741300106048584,2.6110000610351562,2.475100040435791,2.333699941635132,2.1867001056671143,2.03410005569458,1.876099944114685,1.7127000093460083,1.5437999963760376,1.3696000576019287,1.190000057220459,1.0049999952316284,0.8148999810218811,0.6194000244140625,0.4187999963760376,0.21289999783039093,0.0020000000949949026]},"level3":{"x":[0.0,0.28769999742507935,0.5734000205993652,0.857200026512146,1.1390999555587769,1.419100046157837,1.6973999738693237,1.9738999605178833,2.2486000061035156,2.521699905395508,2.7932000160217285,3.0631000995635986,3.3313000202178955,3.598099946975708,3.8633999824523926,4.127200126647949,4.389500141143799,4.6504998207092285,4.910099983215332,5.168399810791016,5.425300121307373,5.681000232696533,5.935400009155273,6.188499927520752,6.440499782562256,6.691199779510498,6.940800189971924,7.189199924468994,7.436600208282471,7.682799816131592,7.9278998374938965,8.171899795532227,8.414899826049805,8.656900405883789,8.89780044555664,9.137700080871582,9.376700401306152,9.61460018157959,9.85159969329834,10.087599754333496,10.322600364685059,10.55679988861084,10.789899826049805,11.022199630737305,11.253499984741211,11.484000205993652,11.713500022888184,11.942099571228027,12.169899940490723,12.396699905395508,12.622699737548828,12.847800254821777,13.071999549865723,13.295299530029297,13.5177001953125,13.739299774169922,13.960000038146973,14.179800033569336,14.398799896240234,14.616900444030762,14.834099769592285,15.050399780273438,15.265899658203125,15.480500221252441,15.694199562072754,15.907099723815918,16.118999481201172,16.33009910583496,16.540300369262695,16.74959945678711,16.95800018310547,17.165599822998047,17.37220001220703,17.577899932861328,17.782800674438477],