{"params":{"v0":30,"theta_deg":30},"models":{"level1":{"x":[0.0,0.6528000235557556,1.3056000471115112,1.958299994468689,2.6110999584198,3.2639000415802,3.9166998863220215,4.569499969482422,5.222300052642822,5.875,6.5278000831604,7.180600166320801,7.833399772644043,8.486200332641602,9.138999938964844,9.79170036315918,10.444499969482422,11.097299575805664,11.750100135803223,12.402899742126465,13.055700302124023,13.708399772644043,14.361200332641602,15.013999938964844,15.666799545288086,16.319599151611328,16.972400665283203,17.625099182128906,18.27790069580078,18.930700302124023,19.583499908447266,20.236299514770508,20.88909912109375,21.541799545288086,22.194599151611328,22.847400665283203,23.500200271606445,24.152999877929688,24.80579948425293,25.458499908447266,26.111299514770508,26.76409912109375,27.416900634765625,28.069700241088867,28.722400665283203,29.375200271606445,30.027999877929688,30.68079948425293,31.333599090576172,31.986400604248047,32.639198303222656,33.291900634765625,33.944698333740234,34.59749984741211,35.250301361083984,35.903099060058594,36.55580139160156,37.20859909057617,37.86140060424805,38.514198303222656,39.16699981689453,39.819801330566406,40.472599029541016,41.125301361083984,41.778099060058594,42.43090057373047,43.08369827270508,43.73649978637695,44.389198303222656,45.04199981689453,45.694801330566406,46.347599029541016,47.00040054321289,47.6531982421875,48.30590057373047,48.95869827270508,49.61149978637695,50.26430130004883,50.91709899902344,51.56990051269531,52.222599029541016,52.87540054321289,53.5281982421875,54.180999755859375,54.83380126953125,55.48659896850586,56.13930130004883,56.79209899902344,57.44490051269531,58.09769821166992,58.7504997253418,59.40330123901367,60.055999755859375,60.70880126953125,61.36159896850586,62.014400482177734,62.667198181152344,63.31999969482422,63.97269821166992,64.62550354003906,65.2782974243164,65.93109893798828,66.58390045166016,67.23660278320312,67.88939666748047,68.54219818115234,69.19499969482422,69.8478012084961,70.50060272216797,71.15339660644531,71.80609893798828,72.45890045166016,73.11170196533203,73.7645034790039,74.41729736328125,75.06999969482422,75.7228012084961,76.37560272216797,77.02839660644531,77.68119812011719,78.33399963378906,78.98680114746094],"y":[0.0,0.37380000948905945,0.7414000034332275,1.1028000116348267,1.4579999446868896,1.8070000410079956,2.1498000621795654,2.4865000247955322,2.8169000148773193,3.1410999298095703,3.459199905395508,3.7709999084472656,4.076700210571289,4.376200199127197,4.66949987411499,4.956500053405762,5.237400054931641,5.5121002197265625,5.780600070953369,6.043000221252441,6.299099922180176,6.548999786376953,6.792699813842773,7.030300140380859,7.261600017547607,7.486800193786621,7.7058000564575195,7.918499946594238,8.125100135803223,8.325499534606934,8.519700050354004,8.7076997756958,8.88949966430664,9.065099716186523,9.23449993133545,9.397700309753418,9.554800033569336,9.705599784851074,9.850199699401855,9.988699913024902,10.121000289916992,10.246999740600586,10.366900444030762,10.480600357055664,10.58810043334961,10.689299583435059,10.784500122070312,10.87339973449707,10.956100463867188,11.032600402832031,11.102899551391602,11.167099952697754,11.225000381469727,11.276800155639648,11.32229995727539,11.361700057983398,11.39490032196045,11.421799659729004,11.44260025024414,11.457200050354004,11.46560001373291,11.46780014038086,11.463800430297852,11.45359992980957,11.437299728393555,11.41469955444336,11.385899543762207,11.35099983215332,11.309900283813477,11.262499809265137,11.208999633789062,11.149299621582031,11.08329963684082,11.011199951171875,10.932900428771973,10.848400115966797,10.757699966430664,10.660900115966797,10.55780029296875,10.44849967956543,10.333100318908691,10.211400032043457,10.083600044250488,9.94950008392334,9.809300422668457,9.6628999710083,9.510199546813965,9.351400375366211,9.186400413513184,9.015199661254883,8.837800025939941,8.65429973602295,8.464500427246094,8.268500328063965,8.066300392150879,7.857999801635742,7.643400192260742,7.422699928283691,7.195799827575684,6.962600231170654,6.723299980163574,6.477799892425537,6.226099967956543,5.968200206756592,5.704100131988525,5.433800220489502,5.157299995422363,4.87470006942749,4.5858001708984375,4.2906999588012695,3.989500045776367,3.681999921798706,3.3684000968933105,3.0485999584198,2.722599983215332,2.3903000354766846,2.0518999099731445,1.7072999477386475,1.3565000295639038,0.9994999766349792,0.6363000273704529,0.2669999897480011]},"level2":{"x":[0.0,0.6485999822616577,1.2889000177383423,1.9212000370025635,2.5457000732421875,3.1626999378204346,3.7723000049591064,4.374800205230713,4.970300197601318,5.559100151062012,6.141200065612793,6.7170000076293945,7.286499977111816,7.849899768829346,8.407299995422363,8.958999633789062,9.505000114440918,10.045599937438965,10.580699920654297,11.110600471496582,11.635299682617188,12.155099868774414,12.669899940490723,13.180000305175781,13.68529987335205,14.186100006103516,14.68239974975586,15.174300193786621,15.66189956665039,16.145299911499023,16.624500274658203,17.099700927734375,17.570999145507812,18.038299560546875,18.501800537109375,18.961599349975586,19.417699813842773,19.87019920349121,20.31920051574707,20.76460075378418,21.20669937133789,21.645299911499023,22.080699920654297,22.512800216674805,22.941699981689453,23.367399215698242,23.790000915527344,24.2096004486084,24.626100540161133,25.03969955444336,25.450300216674805,25.857999801635742,26.26289939880371,26.665000915527344,27.064199447631836,27.4606990814209,27.85449981689453,28.2455997467041,28.63409996032715,29.019899368286133,29.403200149536133,29.78380012512207,30.16200065612793,30.537599563598633,30.91069984436035,31.281299591064453,31.649499893188477,32.01530075073242,32.37860107421875,32.739601135253906,33.098201751708984,33.45439910888672,33.80830001831055,34.1599006652832,34.50920104980469,34.856201171875,35.20100021362305,35.54349899291992,35.88370132446289,36.22169876098633,36.557498931884766,36.8911018371582,37.22249984741211,37.551700592041016,37.87879943847656,38.2036018371582,38.52640151977539,38.84700012207031,39.165401458740234,39.4818000793457,39.79600143432617,40.10810089111328,40.41809844970703,40.72610092163086,41.031898498535156,41.33570098876953,41.63740158081055,41.93709945678711,42.23469924926758,42.53020095825195,42.82379913330078,43.115299224853516],