{"params":{"v0":40,"theta_deg":25},"models":{"level1":{"x":[0.0,0.9108999967575073,1.8216999769210815,2.732599973678589,3.643399953842163,4.554299831390381,5.465199947357178,6.375999927520752,7.286900043487549,8.197799682617188,9.108599662780762,10.019499778747559,10.930299758911133,11.84119987487793,12.752099990844727,13.6628999710083,14.573800086975098,15.484700202941895,16.39550018310547,17.306400299072266,18.217199325561523,19.12809944152832,20.038999557495117,20.949800491333008,21.860700607299805,22.7716007232666,23.68239974975586,24.593299865722656,25.504100799560547,26.415000915527344,27.325899124145508,28.2367000579834,29.147600173950195,30.058500289916992,30.96929931640625,31.880199432373047,32.79100036621094,33.701900482177734,34.61280059814453,35.52360153198242,36.43450164794922,37.345298767089844,38.25619888305664,39.16709899902344,40.07789993286133,40.988800048828125,41.899600982666016,42.81050109863281,43.72140121459961,44.632198333740234,45.54309844970703,46.45399856567383,47.36479949951172,48.275699615478516,49.18659973144531,50.0974006652832,51.00830078125,51.91910171508789,52.83000183105469,53.74079895019531,54.65169906616211,55.562599182128906,56.4734001159668,57.384300231933594,58.29520034790039,59.20600128173828,60.11690139770508,61.027801513671875,61.9385986328125,62.8494987487793,63.760398864746094,64.67120361328125,65.58209991455078,66.4928970336914,67.40380096435547,68.314697265625,69.22550201416016,70.13639831542969,71.04720306396484,71.95809936523438,72.86900329589844,73.77980041503906,74.6906967163086,75.60160064697266,76.51239776611328,77.42330169677734,78.33409881591797,79.24500274658203,80.15589904785156,81.06670379638672,81.97760009765625,82.88849639892578,83.79930114746094,84.71019744873047,85.62100219726562,86.53189849853516,87.44280242919922,88.35359954833984,89.2645034790039,90.17539978027344,91.08619689941406,91.99710083007812,92.90789794921875,93.81880187988281,94.72969818115234,95.6405029296875,96.55139923095703,97.46219635009766,98.37310028076172,99.28399658203125,100.1948013305664,101.10569763183594,102.0166015625,102.92739868164062,103.83830261230469,104.74909973144531,105.66000366210938,106.5708999633789,107.48169708251953,108.3926010131836,109.30349731445312,110.21430206298828,111.12519836425781,112.03610229492188,112.9468994140625,113.85780334472656,114.7686996459961,115.67949676513672,116.59040069580078,117.5011978149414,118.41210174560547,119.322998046875,120.23380279541016,121.14459991455078,122.05549621582031,122.96640014648438,123.877197265625,124.78810119628906],"y":[0.0,0.42160001397132874,0.8371000289916992,1.246399998664856,1.649399995803833,2.046299934387207,2.437000036239624,2.821500062942505,3.1998000144958496,3.571899890899658,3.9377999305725098,4.297500133514404,4.651000022888184,4.998300075531006,5.3394999504089355,5.6743998527526855,6.003200054168701,6.325699806213379,6.642099857330322,6.952300071716309,7.256199836730957,7.553999900817871,7.845600128173828,8.130999565124512,8.410200119018555,8.683199882507324,8.949999809265137,9.210700035095215,9.465100288391113,9.713299751281738,9.955400466918945,10.191300392150879,10.420900344848633,10.644399642944336,10.861700057983398,11.072699546813965,11.277600288391113,11.476300239562988,11.668800354003906,11.85509967803955,12.035300254821777,12.209199905395508,12.376899719238281,12.538399696350098,12.69379997253418,12.842900276184082,12.985899925231934,13.122699737548828,13.253199577331543,13.377599716186523,13.495800018310547,13.607799530029297,13.713600158691406,13.813199996948242,13.906599998474121,13.993800163269043,14.074899673461914,14.149700164794922,14.218400001525879,14.280799865722656,14.3371000289917,14.387100219726562,14.430999755859375,14.468700408935547,14.500200271606445,14.525500297546387,14.544599533081055,14.557499885559082,14.564200401306152,14.56470012664795,14.559000015258789,14.547200202941895,14.52910041809082,14.504899978637695,14.47439956665039,14.437800407409668,14.395000457763672,14.34589958190918,14.29069995880127,14.229299545288086,14.161700248718262,14.087900161743164,14.00790023803711,13.921699523925781,13.829400062561035,13.730799674987793,13.62600040435791,13.51509952545166,13.397899627685547,13.2746000289917,13.145099639892578,13.009300231933594,12.867400169372559,12.719300270080566,12.5649995803833,12.404500007629395,12.237799644470215,12.064900398254395,11.8858003616333,11.700599670410156,11.509099960327148,11.311400413513184,11.107600212097168,10.897500038146973,10.681300163269043,10.458900451660156,10.230299949645996,9.995400428771973,9.754400253295898,9.507200241088867,9.253800392150879,8.994199752807617,8.728500366210938,8.456500053405762,8.178299903869629,7.894000053405762,7.603400230407715,7.306700229644775,7.003699779510498,6.6946001052856445,6.379300117492676,6.057799816131592,5.730000019073486,5.396100044250488,5.056000232696533,4.709799766540527,4.3572998046875,3.9986000061035156,3.633699893951416,3.262700080871582,2.8854000568389893,2.5018999576568604,2.112299919128418,1.7165000438690186,1.3144999742507935,0.9061999917030334,0.4918000102043152,0.07119999825954437]},"level2":{"x":[0.0,0.9031000137329102,1.7908999919891357,2.6640000343322754,3.522900104522705,4.368100166320801,5.200099945068359,6.0192999839782715,6.826099872589111,7.620999813079834,8.40429973602295,9.176300048828125,9.9375,10.68809986114502,11.428500175476074,12.159000396728516,12.879799842834473,13.591300010681152,14.293600082397461,14.987099647521973,15.67199993133545,16.348499298095703,17.01689910888672,17.67729949951172,18.329999923706055,18.975200653076172,19.613000869750977,20.243600845336914,20.867300033569336,21.484100341796875,22.09429931640625,22.697900772094727,23.295299530029297,23.88640022277832,24.471399307250977,25.050500869750977,25.62380027770996,26.1914005279541,26.753400802612305,27.309999465942383,27.861299514770508,28.40730094909668,28.948200225830078,29.484100341796875,30.015100479125977,30.541200637817383,31.062599182128906,31.579299926757812,32.091400146484375,32.599098205566406,33.102298736572266,33.601200103759766,34.09579849243164,34.586299896240234,35.072601318359375,35.5547981262207,36.03310012817383,36.50740051269531,36.97779846191406,37.44449996948242,37.90729904174805,38.36650085449219,38.821998596191406,39.273799896240234,39.722198486328125,40.16699981689453,40.608299255371094,41.046199798583984,41.48080062866211,41.91189956665039,42.33980178833008,42.76449966430664,43.1859016418457,43.60409927368164,44.019100189208984,44.43109893798828,44.839900970458984,45.24570083618164,45.648399353027344,46.04819869995117,46.44499969482422,46.83879852294922,47.229698181152344,47.617698669433594,48.002899169921875,48.38520050048828,48.76470184326172,49.14139938354492,49.51530075073242,49.88650131225586,50.25490188598633,50.62070083618164,50.983699798583984,51.34410095214844,51.70180130004883,52.056800842285156,52.4093017578125,52.75910186767578,53.10639953613281,53.45109939575195,53.7932014465332,54.1328010559082,54.46989822387695,54.804500579833984,55.136600494384766,55.46620178222656,55.79330062866211],