{"params":{"v0":15,"theta_deg":15},"models":{"level1":{"x":[0.0,0.36399999260902405,0.7281000018119812,1.0921000242233276,1.4562000036239624,1.820199966430664,2.184299945831299,2.54830002784729,2.9123001098632812,3.276400089263916,3.640399932861328,4.004499912261963,4.368500232696533,4.732600212097168,5.09660005569458,5.460599899291992,5.824699878692627,6.188700199127197,6.552800178527832,6.916800022125244,7.280799865722656,7.644899845123291,8.008899688720703,8.373000144958496,8.737000465393066,9.101099967956543,9.465100288391113,9.829099655151367,10.19320011138916,10.55720043182373,10.921299934387207,11.285300254821777],"y":[0.0,0.09440000355243683,0.1826999932527542,0.2648000121116638,0.34060001373291016,0.41029998660087585,0.47380000352859497,0.5310999751091003,0.5821999907493591,0.6270999908447266,0.6657999753952026,0.6983000040054321,0.7246000170707703,0.7447999715805054,0.7587000131607056,0.7664999961853027,0.7680000066757202,0.7634000182151794,0.7524999976158142,0.7354999780654907,0.7123000025749207,0.6829000115394592,0.6473000049591064,0.6054999828338623,0.5575000047683716,0.5033000111579895,0.44290000200271606,0.3763999938964844,0.303600013256073,0.22460000216960907,0.13950000703334808,0.04809999838471413]},"level2":{"x":[0.0,0.3628999888896942,0.7233999967575073,1.0815999507904053,1.437600016593933,1.7913999557495117,2.1429998874664307,2.4923999309539795,2.8396999835968018,3.1849000453948975,3.52810001373291,3.8691999912261963,4.208399772644043,4.545499801635742,4.88070011138916,5.214000225067139,5.545300006866455,5.874800205230713,6.202400207519531,6.528200149536133,6.852099895477295,7.174200057983398,7.49459981918335,7.8130998611450195,8.129899978637695,8.444899559020996,8.758199691772461,9.06980037689209,9.379599571228027,9.687800407409668,9.99429988861084],"y":[0.0,0.0940999984741211,0.18150000274181366,0.2621000111103058,0.3361000120639801,0.4034000039100647,0.4641000032424927,0.5182999968528748,0.5659999847412109,0.607200026512146,0.6420000195503235,0.6704000234603882,0.6924999952316284,0.708299994468689,0.7178000211715698,0.7210000157356262,0.7181000113487244,0.7089999914169312,0.6937999725341797,0.6725999712944031,0.6452000141143799,0.6118000149726868,0.5724999904632568,0.5271999835968018,0.47589999437332153,0.4187999963760376,0.35580000281333923,0.28690001368522644,0.21230000257492065,0.13189999759197235,0.04580000042915344]},"level3":{"x":[0.0,0.3628000020980835,0.7232999801635742,1.0814000368118286,1.4371999502182007,1.7906999588012695,2.1419999599456787,2.4911999702453613,2.838099956512451,3.183000087738037,3.5257999897003174,3.866499900817871,4.2052001953125,4.541900157928467,4.876699924468994,5.209499835968018,5.540500164031982,5.869500160217285,6.196700096130371,6.52209997177124,6.845600128173828,7.167399883270264,7.487400054931641,7.805600166320801,8.122099876403809,8.43690013885498,8.750100135803223,9.06149959564209,9.371299743652344,9.679400444030762,9.985899925231934,10.29069995880127],"y":[0.0,0.09430000185966492,0.18199999630451202,0.2632000148296356,0.3379000127315521,0.40619999170303345,0.4681999981403351,0.5238000154495239,0.5730999708175659,0.6161999702453613,0.652999997138977,0.6837000250816345,0.708299994468689,0.7267000079154968,0.7390000224113464,0.7454000115394592,0.7457000017166138,0.7401000261306763,0.7285000085830688,0.7110000252723694,0.6876000165939331,0.6583999991416931,0.6233999729156494,0.5825999975204468,0.5360999703407288,0.4837999939918518,0.42579999566078186,0.362199991941452,0.2930000126361847,0.21809999644756317,0.13770000636577606,0.05169999971985817]}}}