{"params":{"v0":30,"theta_deg":55},"models":{"level1":{"x":[0.0,0.43230000138282776,0.8647000193595886,1.2970000505447388,1.7294000387191772,2.1617000102996826,2.594099998474121,3.026400089263916,3.4588000774383545,3.8910999298095703,4.323400020599365,4.755799770355225,5.1880998611450195,5.620500087738037,6.052800178527832,6.485199928283691,6.917500019073486,7.349800109863281,7.782199859619141,8.214500427246094,8.646900177001953,9.07919979095459,9.51159954071045,9.943900108337402,10.376299858093262,10.808600425720215,11.240900039672852,11.673299789428711,12.105600357055664,12.538000106811523,12.97029972076416,13.402700424194336,13.835000038146973,14.267399787902832,14.699700355529785,15.131999969482422,15.564399719238281,15.996700286865234,16.429100036621094,16.861400604248047,17.293800354003906,17.72610092163086,18.15850067138672,18.59079933166504,19.023099899291992,19.45549964904785,19.887800216674805,20.320199966430664,20.752500534057617,21.184900283813477,21.61720085144043,22.04949951171875,22.48189926147461,22.914199829101562,23.346599578857422,23.778900146484375,24.211299896240234,24.643600463867188,25.076000213623047,25.50830078125,25.94070053100586,26.37299919128418,26.805299758911133,27.237699508666992,27.670000076293945,28.102399826049805,28.534700393676758,28.967100143432617,29.39940071105957,29.83169937133789,30.26409912109375,30.696399688720703,31.128799438476562,31.561100006103516,31.993499755859375,32.42580032348633,32.85820007324219,33.29050064086914,33.722801208496094,34.15520095825195,34.587501525878906,35.019901275634766,35.45220184326172,35.88460159301758,36.316898345947266,36.74919891357422,37.18159866333008,37.61389923095703,38.04629898071289,38.478599548339844,38.9109992980957,39.343299865722656,39.775699615478516,40.20800018310547,40.64030075073242,41.07270050048828,41.505001068115234,41.937400817871094,42.36970138549805,42.802101135253906,43.23440170288086,43.66669845581055,44.099098205566406,44.53139877319336,44.96379852294922,45.39609909057617,45.82849884033203,46.260799407958984,46.693199157714844,47.1254997253418,47.557899475097656,47.99020004272461,48.42250061035156,48.85490036010742,49.287200927734375,49.719600677490234,50.15190124511719,50.58430099487305,51.0166015625,51.44889831542969,51.88130187988281,52.3135986328125,52.74599838256836,53.17829895019531,53.61069869995117,54.042999267578125,54.475399017333984,54.90769958496094,55.34000015258789,55.77239990234375,56.2047004699707,56.63710021972656,57.069400787353516,57.501800537109375,57.93410110473633,58.36650085449219,58.79880142211914,59.23109817504883,59.66350173950195,60.09579849243164,60.5281982421875,60.96049880981445,61.39289855957031,61.825199127197266,62.257598876953125,62.68989944458008,63.12220001220703,63.55459976196289,63.986900329589844,64.41929626464844,64.85160064697266,65.28399658203125,65.71630096435547,66.14859771728516,66.58100128173828,67.01329803466797,67.4457015991211,67.87799835205078,68.3104019165039,68.7426986694336,69.17510223388672,69.6073989868164,70.03970336914062,70.47209930419922,70.90440368652344,71.33679962158203,71.76909637451172,72.20149993896484,72.63379669189453,73.06610107421875,73.49849700927734,73.93080139160156,74.36319732666016,74.79550170898438,75.22789764404297,75.66020202636719,76.09259796142578,76.52490234375,76.95719909667969,77.38960266113281,77.8218994140625,78.25430297851562,78.68659973144531,79.11900329589844,79.55130004882812,79.98370361328125,80.41600036621094,80.84829711914062,81.28070068359375,81.71299743652344,82.14540100097656,82.57769775390625,83.01010131835938,83.44239807128906,83.87480163574219,84.30709838867188,84.7394027709961,85.17179870605469,85.6041030883789,86.0364990234375],"y":[0.0,0.6144000291824341,1.222499966621399,1.8244999647140503,2.420300006866455,3.0097999572753906,3.5931999683380127,4.170400142669678,4.741399765014648,5.30620002746582,5.8649001121521,6.417300224304199,6.963500022888184,7.503600120544434,8.037400245666504,8.565099716186523,9.08650016784668,9.601799964904785,10.110799789428711,10.613699913024902,11.110400199890137,11.600899696350098,12.085200309753418,12.563300132751465,13.035200119018555,13.50100040435791,13.96049976348877,14.413800239562988,14.861000061035156,15.301899909973145,15.736700057983398,16.165199279785156,16.587600708007812,17.003799438476562,17.413799285888672,17.81760025024414,18.215200424194336,18.606599807739258,18.99180030822754,19.370800018310547,19.743600845336914,20.110300064086914,20.470699310302734,20.825000762939453,21.17300033569336,21.51490020751953,21.850500106811523,22.18000030517578,22.503299713134766,22.82040023803711,23.13129997253418,23.43600082397461,23.734500885009766,24.02680015563965,24.31290054321289,24.592899322509766,24.866600036621094,25.13409996032715,25.39550018310547,25.650699615478516,25.899599075317383,26.14240074157715,26.378999710083008,26.609399795532227,26.833599090576172,27.051599502563477,27.263399124145508,27.4689998626709,27.668399810791016,27.861600875854492,28.0487003326416,28.22949981689453,28.404199600219727,28.572599411010742,28.734899520874023,28.891000747680664,29.040800094604492,29.184499740600586,29.32200050354004,29.45330047607422,29.578399658203125,29.69729995727539,29.810100555419922,29.91659927368164,30.01689910888672,30.111099243164062,30.198999404907227,30.280799865722656,30.356300354003906,30.42569923400879,30.48889923095703,30.545900344848633,30.596599578857422,30.641199111938477,30.67959976196289,30.71190071105957,30.737899780273438,30.757699966430664,30.771299362182617,30.778799057006836,30.780000686645508,30.775100708007812,30.763900756835938,30.746599197387695,30.723100662231445,30.69339942932129,30.657400131225586,30.615299224853516,30.566999435424805,30.51259994506836,30.451900482177734,30.385000228881836,30.311899185180664,30.23259925842285,30.147199630737305,30.055500030517578,29.957700729370117,29.853700637817383,29.74340057373047,29.62700080871582,29.5044002532959,29.375600814819336,29.2406005859375,29.09939956665039,28.95199966430664,28.79840087890625,28.638599395751953,28.472700119018555,28.300500869750977,28.122100830078125,27.937599182128906,27.74690055847168,27.54990005493164,27.346799850463867,27.137500762939453,26.922000885009766,26.700300216674805,26.472400665283203,26.238300323486328,25.99799919128418,25.75149917602539,25.49880027770996,25.239999771118164,24.974899291992188,24.703699111938477,24.42620086669922,24.14259910583496,23.852800369262695,23.556699752807617,23.254499435424805,22.94610023498535,22.631500244140625,22.310699462890625,21.983800888061523,21.65060043334961,21.311199188232422,20.965599060058594,20.61389923095703,20.25589942932129,19.891799926757812,19.521400451660156,19.144899368286133,18.76219940185547,18.373300552368164,17.978200912475586,17.576900482177734,17.16939926147461,16.755699157714844,16.335800170898438,15.909700393676758,15.477499961853027,15.038999557495117,14.594400405883789,14.143500328063965,13.68649959564209,13.223199844360352,12.753800392150879,12.278200149536133,11.79640007019043,11.30840015411377,10.814200401306152,10.313799858093262,9.80720043182373,9.294400215148926,8.775500297546387,8.250300407409668,7.718900203704834,7.181399822235107,6.637700080871582,6.087699890136719,5.531599998474121,4.969299793243408,4.4008002281188965,3.8259999752044678,3.2451000213623047,2.6579999923706055,2.0648000240325928,1.4652999639511108,0.8596000075340271,0.24779999256134033]},