{"params":{"v0":25,"theta_deg":45},"models":{"level1":{"x":[0.0,0.4442000091075897,0.8883000016212463,1.3324999809265137,1.7767000198364258,2.2207999229431152,2.6649999618530273,3.109100103378296,3.553299903869629,3.997499942779541,4.4415998458862305,4.885799884796143,5.329999923706055,5.774099826812744,6.218299865722656,6.662399768829346,7.106599807739258,7.55079984664917,7.994900226593018,8.43910026550293,8.883299827575684,9.327400207519531,9.771599769592285,10.215700149536133,10.659899711608887,11.104100227355957,11.548199653625488,11.992400169372559,12.436599731445312,12.88070011138916,13.324899673461914,13.769000053405762,14.213199615478516,14.657400131225586,15.101499557495117,15.545700073242188,15.989800453186035,16.43400001525879,16.87820053100586,17.32229995727539,17.76650047302246,18.2106990814209,18.654800415039062,19.099000930786133,19.54319953918457,19.987300872802734,20.431499481201172,20.875600814819336,21.319799423217773,21.763999938964844,22.208099365234375,22.652299880981445,23.096500396728516,23.540599822998047,23.984800338745117,24.42889976501465,24.87310028076172,25.31730079650879,25.76140022277832,26.20560073852539,26.649799346923828,27.093900680541992,27.53809928894043,27.982200622558594,28.42639923095703,28.8705997467041,29.314699172973633,29.758899688720703,30.203100204467773,30.647199630737305,31.091400146484375,31.535499572753906,31.979700088500977,32.42390060424805,32.86800003051758,33.312198638916016,33.75640106201172,34.20050048828125,34.64469909667969,35.08879852294922,35.53300094604492,35.97719955444336,36.42129898071289,36.865501403808594,37.309600830078125,37.75379943847656,38.198001861572266,38.6421012878418,39.086299896240234,39.53049850463867,39.97460174560547,40.418800354003906,40.862998962402344,41.307098388671875,41.75130081176758,42.19540023803711,42.63959884643555,43.08380126953125,43.52790069580078,43.97209930419922,44.41630172729492,44.86040115356445,45.30459976196289,45.74879837036133,46.192901611328125,46.63710021972656,47.081199645996094,47.52539825439453,47.969600677490234,48.413700103759766,48.8578987121582,49.301998138427734,49.74620056152344,50.190399169921875,50.634498596191406,51.07870101928711,51.52280044555664,51.96699905395508,52.41120147705078,52.85530090332031,53.29949951171875,53.74369812011719,54.187801361083984,54.63199996948242,55.07619857788086,55.520301818847656,55.964500427246094,56.408599853515625,56.85279846191406,57.297000885009766,57.7411003112793,58.185298919677734,58.62950134277344,59.07360076904297,59.517799377441406,59.96189880371094,60.40610122680664,60.85029983520508,61.29439926147461,61.73860168457031,62.18280029296875,62.62689971923828,63.07109832763672,63.515201568603516],"y":[0.0,0.44110000133514404,0.8758999705314636,1.3046000003814697,1.7271000146865845,2.143399953842163,2.553499937057495,2.95740008354187,3.35509991645813,3.7465999126434326,4.131999969482422,4.511099815368652,4.884099960327148,5.250800132751465,5.611400127410889,5.965700149536133,6.313899993896484,6.655900001525879,6.991700172424316,7.321199893951416,7.644599914550781,7.961900234222412,8.272899627685547,8.577699661254883,8.876299858093262,9.168700218200684,9.454999923706055,9.734999656677246,10.008899688720703,10.27649974822998,10.538000106811523,10.793299674987793,11.042400360107422,11.285300254821777,11.522000312805176,11.7524995803833,11.976799964904785,12.194899559020996,12.406800270080566,12.612500190734863,12.812100410461426,13.005399703979492,13.19260025024414,13.373499870300293,13.548299789428711,13.716899871826172,13.879300117492676,14.035400390625,14.185400009155273,14.32919979095459,14.46679973602295,14.598299980163574,14.72350025177002,14.842499732971191,14.955400466918945,15.062000274658203,15.162400245666504,15.256699562072754,15.344799995422363,15.426600456237793,15.502300262451172,15.571800231933594,15.635100364685059,15.69219970703125,15.7431001663208,15.787799835205078,15.826299667358398,15.858699798583984,15.88479995727539,15.90470027923584,15.918499946594238,15.925999641418457,15.927399635314941,15.922599792480469,15.911499977111816,15.89430046081543,15.87090015411377,15.841300010681152,15.805500030517578,15.763500213623047,15.715299606323242,15.66100025177002,15.6003999710083,15.533599853515625,15.460700035095215,15.381500244140625,15.296199798583984,15.20460033416748,15.106900215148926,15.003000259399414,14.892900466918945,14.776599884033203,14.65410041809082,14.525400161743164,14.39050006866455,14.24940013885498,14.102100372314453,13.948699951171875,13.788999557495117,13.623100280761719,13.45110034942627,13.272899627685547,13.088399887084961,12.89780044555664,12.701000213623047,12.498000144958496,12.288800239562988,12.073399543762207,11.851799964904785,11.62399959564209,11.390000343322754,11.149900436401367,10.903499603271484,10.651000022888184,10.392200469970703,10.127300262451172,9.856100082397461,9.578800201416016,9.295299530029297,9.005599975585938,8.709699630737305,8.407600402832031,8.099300384521484,7.784800052642822,7.464099884033203,7.137199878692627,6.804200172424316,6.464900016784668,6.119500160217285,5.7677998542785645,5.409999847412109,5.046000003814697,4.67579984664917,4.2993998527526855,3.9166998863220215,3.527899980545044,3.1328999996185303,2.731800079345703,2.324399948120117,1.9107999801635742,1.4910999536514282,1.0650999546051025,0.6328999996185303,0.19460000097751617]},"level2":{"x":[0.0,0.44179999828338623,0.8788999915122986,1.311400055885315,1.7395000457763672,2.163300037384033,2.582900047302246,2.9983999729156494,3.4100000858306885,3.817699909210205,4.22160005569458,4.621799945831299,5.018499851226807,5.411600112915039,5.801400184631348,6.187900066375732,6.571100234985352,6.951099872589111,7.328100204467773,7.702099800109863,8.073100090026855,8.441300392150879,8.806599617004395,9.16919994354248,9.529199600219727,9.886500358581543,10.24120044708252,10.593500137329102,10.943300247192383,11.29069995880127,11.635700225830078,11.978400230407715,12.318900108337402,12.65719985961914,12.993300437927246,13.327300071716309,13.659199714660645,13.989100456237793,14.316900253295898,14.642800331115723,14.96679973602295,15.288800239562988,15.609000205993652,15.927399635314941,16.243900299072266,16.558700561523438,16.871700286865234,17.183000564575195,17.492599487304688,17.800500869750977,18.106800079345703,18.411399841308594,18.714500427246094,19.016000747680664,19.315799713134766,19.614200592041016,19.910999298095703,20.206300735473633,20.500099182128906,20.792400360107422,21.08329963684082,21.372699737548828,21.660600662231445,21.947099685668945,22.232200622558594,22.51580047607422,22.798099517822266,23.07900047302246,23.358400344848633,23.636499404907227,23.91320037841797,24.188600540161133,24.462600708007812,24.735200881958008,25.006399154663086,25.27630043029785,25.54490089416504,25.81209945678711,26.077899932861328,26.34239959716797,26.605600357055664,26.867399215698242,27.127899169921875,27.386999130249023,27.644800186157227,27.90130043029785,28.156400680541992,28.41010093688965,28.662599563598633,28.91360092163086,29.163400650024414,29.411800384521484,29.65880012512207,29.904499053955078,30.148799896240234,30.391700744628906,30.633399963378906,30.873600006103516,31.112499237060547,31.350000381469727,31.586200714111328,31.820899963378906,32.05440139770508,32.286399841308594,32.5171012878418,32.74639892578125,32.974300384521484,33.200801849365234,33.42599868774414,33.64970016479492,33.872100830078125,34.093101501464844,34.31269836425781,34.53089904785156,34.747798919677734,34.963199615478516,35.17729949951172,35.38990020751953,35.601200103759766,35.81100082397461,36.019500732421875],