{"params":{"v0":15,"theta_deg":50},"models":{"level1":{"x":[0.0,0.24230000376701355,0.484499990940094,0.7268000245094299,0.968999981880188,1.211300015449524,1.4535000324249268,1.6957999467849731,1.938099980354309,2.180299997329712,2.422600030899048,2.664799928665161,2.907099962234497,3.1493000984191895,3.3915998935699463,3.6338000297546387,3.8761000633239746,4.1184000968933105,4.360599994659424,4.60290002822876,4.845099925994873,5.087399959564209,5.329599857330322,5.571899890899658,5.814199924468994,6.056399822235107,6.298699855804443,6.540900230407715,6.783199787139893,7.025400161743164,7.2677001953125,7.510000228881836,7.752200126647949,7.994500160217285,8.236700057983398,8.479000091552734,8.721199989318848,8.963500022888184,9.20580005645752,9.447999954223633,9.690299987792969,9.932499885559082,10.174799919128418,10.416999816894531,10.659299850463867,10.90149974822998,11.143799781799316,11.386099815368652,11.628299713134766,11.870599746704102,12.112799644470215,12.35509967803955,12.597299575805664,12.839599609375,13.081899642944336,13.32409954071045,13.566399574279785,13.808600425720215,14.05090045928955,14.293100357055664,14.535400390625,14.777700424194336,15.01990032196045,15.262200355529785,15.504400253295898,15.746700286865234,15.988900184631348,16.231199264526367,16.473499298095703,16.715700149536133,16.95800018310547,17.200199127197266,17.4424991607666,17.68470001220703,17.927000045776367,18.169200897216797,18.411500930786133,18.653799057006836,18.895999908447266,19.1382999420166,19.38050079345703,19.622800827026367,19.864999771118164,20.1072998046875,20.349599838256836,20.591800689697266,20.8341007232666,21.0762996673584,21.318599700927734,21.560800552368164,21.8031005859375,22.045400619506836,22.287599563598633,22.52989959716797],"y":[0.0,0.2856000065803528,0.5649999976158142,0.8382999897003174,1.105299949645996,1.3660999536514282,1.6208000183105469,1.8691999912261963,2.1115000247955322,2.347599983215332,2.577500104904175,2.801100015640259,3.0185999870300293,3.2298998832702637,3.434999942779541,3.6338999271392822,3.82669997215271,4.013199806213379,4.19350004196167,4.367700099945068,4.535600185394287,4.697400093078613,4.85290002822876,5.002299785614014,5.145500183105469,5.282400131225586,5.4131999015808105,5.537799835205078,5.656199932098389,5.768400192260742,5.8744001388549805,5.974299907684326,6.06790018081665,6.155300140380859,6.236599922180176,6.311600208282471,6.380499839782715,6.4430999755859375,6.499599933624268,6.549900054931641,6.593999862670898,6.631899833679199,6.663599967956543,6.6890997886657715,6.708399772644043,6.721499919891357,6.728400230407715,6.7291998863220215,6.723700046539307,6.712100028991699,6.694200038909912,6.670199871063232,6.639999866485596,6.603499889373779,6.5609002113342285,6.5121002197265625,6.457099914550781,6.395899772644043,6.328499794006348,6.255000114440918,6.17519998550415,6.089200019836426,5.997099876403809,5.89870023727417,5.7941999435424805,5.6834001541137695,5.566500186920166,5.443399906158447,5.314000129699707,5.178500175476074,5.036799907684326,4.888899803161621,4.734799861907959,4.57450008392334,4.408100128173828,4.235400199890137,4.05649995803833,3.871500015258789,3.6802000999450684,3.482800006866455,3.279099941253662,3.0692999362945557,2.853300094604492,2.6310999393463135,2.402600049972534,2.1679999828338623,1.9271999597549438,1.680299997329712,1.4270999431610107,1.1677000522613525,0.9021000266075134,0.6304000020027161,0.352400004863739,0.06830000132322311]},"level2":{"x":[0.0,0.24150000512599945,0.4814000129699707,0.7197999954223633,0.9567999839782715,1.1923999786376953,1.4264999628067017,1.6592999696731567,1.8907999992370605,2.121000051498413,2.349900007247925,2.5776000022888184,2.8041000366210938,3.0295000076293945,3.253700017929077,3.4767000675201416,3.698699951171875,3.919600009918213,4.139500141143799,4.358399868011475,4.576200008392334,4.793099880218506,5.009099960327148,5.224100112915039,5.4380998611450195,5.651299953460693,5.863699913024902,6.075099945068359,6.285699844360352,6.495500087738037,6.704500198364258,6.912700176239014,7.120100021362305,7.326700210571289,7.53249979019165,7.737599849700928,7.941999912261963,8.145600318908691,8.348600387573242,8.550800323486328,8.75220012664795,8.95300006866455,9.15310001373291,9.352499961853027,9.551300048828125,9.749300003051758,9.946700096130371,10.143400192260742,10.339400291442871,10.534700393676758,10.729399681091309,10.923399925231934,11.116700172424316,11.309300422668457,11.501299858093262,11.69260025024414,11.883199691772461,12.073100090026855,12.262299537658691,12.450900077819824,12.638699531555176,12.825799942016602,13.012200355529785,13.197999954223633,13.38290023803711,13.56719970703125,13.750800132751465,13.933600425720215,14.115599632263184,14.296899795532227,14.477499961853027,14.657299995422363,14.836299896240234,15.014599800109863,15.192000389099121,15.36870002746582,15.544599533081055,15.71969985961914,15.894000053405762,16.067399978637695,16.240100860595703,16.41189956665039,16.58289909362793,16.753000259399414,16.922300338745117,17.090700149536133,17.25830078125],"y":[0.0,0.2847000062465668,0.5613999962806702,0.8302000164985657,1.0911999940872192,1.3444000482559204,1.590000033378601,1.8279000520706177,2.0583999156951904,2.2813000679016113,2.4969000816345215,2.705199956893921,2.9061999320983887,3.099900007247925,3.2864999771118164,3.4660000801086426,3.638400077819824,3.8039000034332275,3.9623000621795654,4.113900184631348,4.258600234985352,4.396399974822998,4.527500152587891,4.651899814605713,4.769499778747559,4.88040018081665,4.9847002029418945,5.082499980926514,5.173600196838379,5.258200168609619,5.336299896240234,5.407899856567383,5.473100185394287,5.531799793243408,5.584199905395508,5.630099773406982,5.6697998046875,5.703100204467773,5.730100154876709,5.750800132751465,5.765200138092041,5.773499965667725,5.7754998207092285,5.771299839019775,5.761000156402588,5.744500160217285,5.72189998626709,5.69320011138916,5.658400058746338,5.617499828338623,5.5706000328063965,5.5177001953125,5.458799839019775,5.393899917602539,5.3231000900268555,5.246300220489502,5.163599967956543,5.074999809265137,4.980599880218506,4.880300045013428,4.774199962615967,4.662399768829346,4.5447998046875,4.42140007019043,4.292399883270264,4.157599925994873,4.017199993133545,3.8712000846862793,3.7197000980377197,3.5625,3.3998000621795654,3.2316999435424805,3.0580999851226807,2.878999948501587,2.6946001052856445,2.5048000812530518,2.3096001148223877,2.1092000007629395,1.903499960899353,1.6926000118255615,1.4766000509262085,1.2553999423980713,1.029099941253662,0.7976999878883362,0.5612999796867371,0.3199000060558319,0.07360000163316727]},