{"params":{"v0":40,"theta_deg":30},"models":{"level1":{"x":[0.0,0.8704000115394592,1.7408000230789185,2.6110999584198,3.4814999103546143,4.351900100708008,5.222300052642822,6.092599868774414,6.9629998207092285,7.833399772644043,8.703800201416016,9.57409954071045,10.444499969482422,11.314900398254395,12.18529987335205,13.055700302124023,13.925999641418457,14.79640007019043,15.666799545288086,16.537200927734375,17.407499313354492,18.27790069580078,19.148300170898438,20.018699645996094,20.88909912109375,21.7593994140625,22.62980079650879,23.500200271606445,24.3705997467041,25.24090003967285,26.111299514770508,26.981700897216797,27.852100372314453,28.722400665283203,29.59280014038086,30.463199615478516,31.333599090576172,32.20399856567383,33.07429885864258,33.944698333740234,34.815101623535156,35.68550109863281,36.55580139160156,37.42620086669922,38.296600341796875,39.16699981689453,40.03739929199219,40.90769958496094,41.778099060058594,42.64849853515625,43.51890182495117,44.389198303222656,45.25960159301758,46.130001068115234,47.00040054321289,47.87080001831055,48.7411003112793,49.61149978637695,50.48189926147461,51.352298736572266,52.222599029541016,53.09299850463867,53.963401794433594,54.83380126953125,55.7041015625,56.574501037597656,57.44490051269531,58.31529998779297,59.18560028076172,60.055999755859375,60.92639923095703,61.79679870605469,62.667198181152344,63.537498474121094,64.40789794921875,65.2782974243164,66.14869689941406,67.01899719238281,67.88939666748047,68.75980377197266,69.63020324707031,70.50050354003906,71.37090301513672,72.24130249023438,73.11170196533203,73.98210144042969,74.85240173339844,75.7228012084961,76.59320068359375,77.4636001586914,78.33399963378906,79.20429992675781,80.07469940185547,80.94509887695312,81.81549835205078,82.68579864501953,83.55619812011719,84.42659759521484,85.2969970703125,86.16729736328125,87.0376968383789,87.90809631347656,88.77850341796875,89.6488037109375,90.51920318603516,91.38960266113281,92.26000213623047,93.13040161132812,94.00080108642578,94.87110137939453,95.74150085449219,96.61190032958984,97.4822006225586,98.35260009765625,99.2229995727539,100.09339904785156,100.96379852294922,101.83409881591797,102.70449829101562,103.57489776611328,104.44529724121094,105.3156967163086,106.18599700927734,107.056396484375,107.92680358886719,108.79720306396484,109.6675033569336,110.53790283203125,111.4083023071289,112.27870178222656,113.14900207519531,114.01940155029297,114.88980102539062,115.76020050048828,116.63050079345703,117.50090026855469,118.37129974365234,119.24169921875,120.11209869384766,120.9823989868164,121.85279846191406,122.72319793701172,123.59359741210938,124.46389770507812,125.33429718017578,126.20469665527344,127.07510375976562,127.94539642333984,128.8157958984375,129.6862030029297,130.5565948486328,131.427001953125,132.29739379882812,133.16769409179688,134.03810119628906,134.9084014892578,135.77879333496094,136.64920043945312,137.5196075439453,138.38999938964844,139.26040649414062,140.13070678710938,141.0010986328125],"y":[0.0,0.49939998984336853,0.9926000237464905,1.479699969291687,1.9605000019073486,2.4351999759674072,2.903599977493286,3.3659000396728516,3.821899890899658,4.2718000411987305,4.7154998779296875,5.1529998779296875,5.5843000411987305,6.009399890899658,6.428299903869629,6.841000080108643,7.247499942779541,7.647799968719482,8.041999816894531,8.429900169372559,8.811599731445312,9.187199592590332,9.556599617004395,9.919699668884277,10.276700019836426,10.6274995803833,10.972100257873535,11.310500144958496,11.6427001953125,11.968700408935547,12.28849983215332,12.602100372314453,12.909600257873535,13.210800170898438,13.505900382995605,13.794699668884277,14.077400207519531,14.353799819946289,14.624099731445312,14.888199806213379,15.146100044250488,15.39780044555664,15.64330005645752,15.882599830627441,16.115699768066406,16.342599868774414,16.563400268554688,16.77790069580078,16.9862003326416,17.188400268554688,17.3843994140625,17.574100494384766,17.757699966430664,17.935100555419922,18.106199264526367,18.27120018005371,18.43000030517578,18.582599639892578,18.72909927368164,18.869300842285156,19.003299713134766,19.131099700927734,19.25279998779297,19.368200302124023,19.477500915527344,19.58049964904785,19.677400588989258,19.76810073852539,19.85260009765625,19.93090057373047,20.003000259399414,20.068899154663086,20.128599166870117,20.182100296020508,20.229400634765625,20.27050018310547,20.305500030517578,20.334199905395508,20.356800079345703,20.37310028076172,20.38330078125,20.387300491333008,20.385099411010742,20.37660026550293,20.36199951171875,20.34119987487793,20.314300537109375,20.281099319458008,20.24169921875,20.19610023498535,20.144399642944336,20.08639907836914,20.022300720214844,19.951900482177734,19.87540054321289,19.792600631713867,19.703699111938477,19.608600616455078,19.507299423217773,19.399799346923828,19.286100387573242,19.166200637817383,19.040199279785156,18.907899856567383,18.769399642944336,18.624799728393555,18.473899841308594,18.3169002532959,18.153600692749023,17.98419952392578,17.8085994720459,17.626800537109375,17.438800811767578,17.244600296020508,17.044200897216797,16.837600708007812,16.624799728393555,16.405799865722656,16.180599212646484,15.949299812316895,15.711700439453125,15.468000411987305,15.218000411987305,14.961899757385254,14.699600219726562,14.431099891662598,14.156399726867676,13.875499725341797,13.588399887084961,13.295100212097168,12.995599746704102,12.689900398254395,12.378000259399414,12.0600004196167,11.735699653625488,11.40530014038086,11.068599700927734,10.725799560546875,10.376799583435059,10.021499633789062,9.660099983215332,9.292499542236328,8.918700218200684,8.538700103759766,8.15250015258789,7.7600998878479,7.361599922180176,6.9567999839782715,6.545899868011475,6.128699779510498,5.705399990081787,5.2758002281188965,4.840099811553955,4.398200035095215,3.950000047683716,3.495699882507324,3.0352001190185547,2.56850004196167,2.095599889755249,1.6166000366210938,1.1312999725341797,0.6398000121116638,0.14219999313354492]},